0.01100015640258789,265.6,173
0.031000137329101562,263.2,170
0.051000118255615234,260.79999999999995,167
0.07100033760070801,258.4,164
0.08100080490112305,256.0,162
0.09200143814086914,253.60000000000002,161
0.10200214385986328,251.2,159
0.12200212478637695,248.79999999999995,157
0.14200210571289062,246.39999999999998,154
0.1620020866394043,244.0,152
0.18200230598449707,241.60000000000002,150
0.20200228691101074,239.2,149
0.22200226783752441,236.79999999999995,147
0.24200224876403809,234.39999999999998,146
0.26200222969055176,232.0,145
0.28200221061706543,229.60000000000002,144
0.3020021915435791,227.2,143
0.3220021724700928,224.79999999999995,142
0.34200263023376465,222.4,142
0.3620023727416992,220.0,142
0.382002592086792,217.6,142
0.40200257301330566,215.2,142
0.42200255393981934,212.79999999999998,143
0.442002534866333,210.4,144
0.4620025157928467,208.0,144
0.48200249671936035,205.6,145
0.4940028190612793,203.2,146
0.514002799987793,200.79999999999998,148
0.5340027809143066,198.4,149
0.5540027618408203,196.0,151
0.574002742767334,193.6,153
0.5940027236938477,191.2,155
0.6140027046203613,188.79999999999998,158
0.634002685546875,186.4,160
0.6540029048919678,184.0,163
0.6740031242370605,181.6,166
0.6940031051635742,179.2,168
0.7140030860900879,176.79999999999998,170
0.7340030670166016,174.4,173
0.7540030479431152,172.0,175
0.7740030288696289,169.6,176
0.7940030097961426,167.2,178
0.8140032291412354,164.79999999999998,179
0.834003210067749,162.4,181
0.8540034294128418,160.0,182
0.8740034103393555,157.6,182
0.8940033912658691,155.2,183
0.9140033721923828,152.8,183
0.9340033531188965,150.39999999999998,183
0.9540033340454102,148.0,183
0.9740033149719238,145.6,183
0.9940032958984375,143.2,183
1.0140032768249512,140.8,182
1.034003496170044,138.39999999999998,181
1.0540034770965576,136.0,180
1.0740034580230713,133.6,179
1.094003677368164,131.2,178
1.1140036582946777,128.8,176
1.1340036392211914,126.39999999999998,174
1.154003620147705,124.0,172
1.1740038394927979,121.6,170
1.1940038204193115,119.19999999999999,168
1.2140038013458252,116.80000000000001,165
1.2340037822723389,114.39999999999998,162
1.2540037631988525,112.0,159
1.2670040130615234,109.6,157
1.287003993988037,107.19999999999999,154
1.3070039749145508,104.80000000000001,150
1.3270039558410645,102.39999999999998,147
1.3470039367675781,100.0,143
1.3670039176940918,97.6,139
1.3870038986206055,95.2,135
1.4070043563842773,92.8,131
1.427004337310791,90.4,128
1.4470043182373047,88.0,124
1.4670042991638184,85.6,121
1.487004280090332,83.19999999999999,117
1.49800443649292,80.8,116
1.5180044174194336,78.4,112
1.5380043983459473,76.0,109
1.558004379272461,73.6,106
1.5780045986175537,71.19999999999999,103
1.5980045795440674,68.8,100
1.618004560470581,66.4,97
1.6380045413970947,64.0,94
1.6580045223236084,61.599999999999994,91
1.678004503250122,59.2,88
1.6980044841766357,56.8,84
1.7180047035217285,54.400000000000006,81
1.7380046844482422,52.0,78
1.7580046653747559,49.599999999999994,75
1.7780046463012695,47.2,72
1.7980048656463623,44.8,69
1.818004846572876,42.400000000000006,67
1.8380048274993896,40.0,64
1.8580048084259033,37.599999999999994,61
1.878004789352417,35.2,59
1.8980047702789307,32.8,56
1.9180047512054443,30.400000000000006,53
1.9380052089691162,28.0,51
1.9580051898956299,30.400000000000006,48
1.9780051708221436,32.8,45
1.9980051517486572,35.2,43
2.018005132675171,37.599999999999994,40
2.0380051136016846,40.0,38
2.0580050945281982,42.400000000000006,36
2.078005075454712,44.8,35
2.0980050563812256,47.2,33
2.1180050373077393,49.599999999999994,32
2.138005018234253,52.0,30
2.158005475997925,54.400000000000006,29
2.1780054569244385,56.8,29
2.198005437850952,59.2,28
2.218005418777466,61.599999999999994,28
2.2380053997039795,64.0,28
2.258005380630493,66.4,28
2.278005361557007,68.8,28
2.2980055809020996,71.19999999999999,28
2.3180055618286133,73.6,29
2.338005542755127,76.0,30
2.3580055236816406,78.4,31
2.3780055046081543,80.8,32
2.398005723953247,83.19999999999999,33
2.4180057048797607,85.6,35
2.4380056858062744,88.0,37
2.458005666732788,90.4,39
2.4780056476593018,92.8,41
2.4890060424804688,95.2,43
2.5090060234069824,97.6,45
2.529006004333496,100.0,48
2.5490059852600098,102.39999999999998,51
2.5690059661865234,104.80000000000001,54
2.589005947113037,107.19999999999999,57
2.609005928039551,109.6,61
2.6290059089660645,112.0,64
2.649005889892578,114.39999999999998,68
2.669005870819092,116.80000000000001,72
2.6890060901641846,119.19999999999999,76
2.7090063095092773,121.6,80
2.729006290435791,124.0,83
2.7490062713623047,126.39999999999998,87
2.7690062522888184,128.8,91
2.789006233215332,131.2,94
2.8090062141418457,133.6,98
2.8290061950683594,136.0,101
2.849006175994873,138.39999999999998,104
2.8690061569213867,140.8,107
2.8890061378479004,143.2,110
2.909006357192993,145.6,113
2.929006338119507,148.0,116
2.9490065574645996,150.39999999999998,119
2.9600064754486084,152.8,121
2.980006456375122,155.2,124
3.0000064373016357,157.6,127
3.0200064182281494,160.0,130
3.040006399154663,162.4,134
3.060006618499756,164.79999999999998,137
3.0800068378448486,167.2,140
3.1000068187713623,169.6,143
3.120006799697876,172.0,145
3.1400067806243896,174.4,148
3.1600067615509033,176.79999999999998,151
3.180006742477417,179.2,154
3.2000067234039307,181.6,156
3.210007429122925,184.0,158
3.217007637023926,186.4,159
3.2370076179504395,188.79999999999998,161
3.2570080757141113,191.2,164
3.277008056640625,193.6,167
3.2970080375671387,196.0,169
3.3170080184936523,198.4,172
3.337007999420166,200.79999999999998,175
3.3570079803466797,203.2,177
3.3770079612731934,205.6,180
3.397008180618286,208.0,183
3.4170081615448,210.4,185
3.4370081424713135,212.79999999999998,188
3.457008123397827,215.2,191
3.47700834274292,217.6,194
3.4890081882476807,220.0,196
3.5090081691741943,222.4,198
3.529008388519287,224.79999999999995,201
3.54900860786438,227.2,203
3.5690085887908936,229.60000000000002,206
3.5890085697174072,232.0,209
3.609008550643921,234.39999999999998,211
3.6290085315704346,236.79999999999995,214
3.6490085124969482,239.2,217
3.669008493423462,241.60000000000002,219
3.6890084743499756,244.0,222
3.7090084552764893,246.39999999999998,225
3.729008436203003,248.79999999999995,227
3.7490086555480957,251.2,230
3.7690086364746094,253.60000000000002,232
3.789008855819702,256.0,235
3.809008836746216,258.4,237
3.8290088176727295,260.79999999999995,239
3.849008798599243,263.2,242
3.869008779525757,265.6,244
3.8890089988708496,268.0,246
3.9090089797973633,265.6,248
3.929008960723877,263.2,251
3.9490089416503906,260.79999999999995,253
3.9690089225769043,258.4,255
3.989008903503418,256.0,257
4.009009122848511,253.60000000000002,257
4.029009103775024,251.2,257
4.049009084701538,248.79999999999995,257
4.069009065628052,246.39999999999998,256
4.089009046554565,244.0,256
4.109009265899658,241.60000000000002,255
4.129009246826172,239.2,253
4.1490092277526855,236.79999999999995,252
4.169009208679199,234.39999999999998,250
4.189009189605713,232.0,249
4.209009170532227,229.60000000000002,247
4.22900915145874,227.2,244
4.249009609222412,224.79999999999995,242
4.269009590148926,222.4,240
4.2890095710754395,220.0,238
4.309009552001953,217.6,236
4.329009532928467,215.2,233
4.3490095138549805,212.79999999999998,231
4.369009494781494,210.4,229
4.389009475708008,208.0,227
4.4090094566345215,205.6,225
4.429009437561035,203.2,222
4.449009418487549,200.79999999999998,220
4.469009876251221,198.4,218
4.489009857177734,196.0,216
4.500009775161743,193.6,214
4.520009756088257,191.2,212
4.5400097370147705,188.79999999999998,210
4.560009956359863,186.4,207
4.580009937286377,184.0,205
4.600009918212891,181.6,202
4.620009899139404,179.2,199
4.640010118484497,176.79999999999998,197
4.660010099411011,174.4,194
4.680010080337524,172.0,191
4.700010061264038,169.6,189
4.720010042190552,167.2,187
4.740010023117065,164.79999999999998,184
4.760010004043579,162.4,182
4.780009984970093,160.0,180
4.8000102043151855,157.6,178
4.820010185241699,155.2,175
4.840010166168213,152.8,173
4.860010385513306,150.39999999999998,171
4.880010366439819,148.0,168
4.900010347366333,145.6,166
4.920010328292847,143.2,163
4.94001030921936,140.8,161
4.960010290145874,138.39999999999998,158
4.980010271072388,136.0,155
5.00001072883606,133.6,153
5.011010408401489,131.2,151
5.031010627746582,128.8,149
5.051010608673096,126.39999999999998,147
5.071010589599609,124.0,144
5.0810112953186035,121.6,143
5.0910117626190186,119.19999999999999,142
5.102012634277344,116.80000000000001,140
5.122012615203857,114.39999999999998,138
5.142012596130371,112.0,135
5.162012577056885,109.6,132
5.182012557983398,107.19999999999999,129
5.202012538909912,104.80000000000001,127
5.222012519836426,102.39999999999998,124
5.2420125007629395,100.0,121
5.262012481689453,97.6,119
5.282012701034546,95.2,116
5.30201268196106,92.8,113
5.322012901306152,90.4,111
5.342012882232666,88.0,108
5.36201286315918,85.6,105
5.382012844085693,83.19999999999999,103
5.402012825012207,80.8,100
5.422012805938721,78.4,98
5.4420130252838135,76.0,96
5.462013006210327,73.6,93
5.482012987136841,71.19999999999999,91
5.493013143539429,68.8,90
5.513013124465942,66.4,87
5.533013105392456,64.0,85
5.55301308631897,61.599999999999994,82
5.573013067245483,59.2,80
5.593013048171997,56.8,77
5.613013029098511,54.400000000000006,74
5.633013010025024,52.0,72
5.653012990951538,49.599999999999994,69
5.67301344871521,47.2,66
5.693013429641724,44.8,64
5.713013410568237,42.400000000000006,62
5.733013391494751,40.0,59
5.753013372421265,37.599999999999994,57
5.773013353347778,35.2,55
5.793013334274292,32.8,53
5.813013315200806,30.400000000000006,50
5.833013534545898,28.0,48
5.853013515472412,30.400000000000006,46
5.873013734817505,32.8,43
5.8930137157440186,35.2,41
5.913013696670532,37.599999999999994,39
5.933013677597046,40.0,37
5.95301365852356,42.400000000000006,37
5.973013639450073,44.8,37
5.993013620376587,47.2,37
6.013013601303101,49.599999999999994,38
6.033013820648193,52.0,38
6.053013801574707,54.400000000000006,39
6.073013782501221,56.8,41
6.093013763427734,59.2,42
6.113013982772827,61.599999999999994,44
6.133013963699341,64.0,45
6.1530139446258545,66.4,47
6.173014163970947,68.8,49
6.193014144897461,71.19999999999999,52
6.213014125823975,73.6,54
6.233014106750488,76.0,56
6.253014087677002,78.4,58
6.266014337539673,80.8,60
6.2860143184661865,83.19999999999999,62
6.3060142993927,85.6,64
6.326014280319214,88.0,66
6.3460142612457275,90.4,69
6.366014242172241,92.8,71
6.386014223098755,95.2,73
6.4060142040252686,97.6,76
6.42601466178894,100.0,78
6.446014642715454,102.39999999999998,81
6.466014623641968,104.80000000000001,83
6.4860146045684814,107.19999999999999,85
6.4980149269104,109.6,87
6.518014907836914,112.0,89
6.538014888763428,114.39999999999998,92
6.558014869689941,116.80000000000001,94
6.578014850616455,119.19999999999999,97
6.598014831542969,121.6,100
6.618014812469482,124.0,102
6.638014793395996,126.39999999999998,105
6.65801477432251,128.8,108
6.678014755249023,131.2,110
6.698014974594116,133.6,112
6.718015193939209,136.0,115
6.738015174865723,138.39999999999998,117
6.758015155792236,140.8,119
6.77801513671875,143.2,121
6.798015117645264,145.6,124
6.818015098571777,148.0,126
6.83801531791687,150.39999999999998,128
6.858015060424805,152.8,131
6.8780152797698975,155.2,133
6.898015022277832,157.6,136
6.918015241622925,160.0,138
6.938015460968018,162.4,140
6.949015378952026,164.79999999999998,142
6.96901535987854,167.2,144
6.989015340805054,169.6,147
7.009015321731567,172.0,150
7.029015302658081,174.4,152
7.049015522003174,176.79999999999998,155
7.0690155029296875,179.2,158
7.08901572227478,181.6,160
7.109015703201294,184.0,163
7.129015684127808,186.4,165
7.149015665054321,188.79999999999998,167
7.169015645980835,191.2,170
7.189015626907349,193.6,172
7.209015607833862,196.0,174
7.229015827178955,198.4,177
7.249015808105469,200.79999999999998,179
7.2690160274505615,203.2,181
7.289016008377075,205.6,183
7.309015989303589,208.0,186
7.3290159702301025,210.4,188
7.349015951156616,212.79999999999998,191
7.36901593208313,215.2,193
7.3890159130096436,217.6,196
7.409015893936157,220.0,198
7.429015874862671,222.4,201
7.449016094207764,224.79999999999995,203
7.469016075134277,227.2,206
7.48901629447937,229.60000000000002,208
7.500016212463379,232.0,209
7.520016193389893,234.39999999999998,212
7.540016174316406,236.79999999999995,214
7.56001615524292,239.2,217
7.580016136169434,241.60000000000002,220
7.600016355514526,244.0,222
7.620016574859619,246.39999999999998,225
7.640016555786133,248.79999999999995,228
7.6600165367126465,251.2,230
7.68001651763916,253.60000000000002,233
7.700016498565674,256.0,235
7.7200164794921875,258.4,237
7.740016460418701,260.79999999999995,239
7.760016441345215,263.2,242
7.7800164222717285,265.6,244
7.800016403198242,268.0,246
7.820016384124756,265.6,248
7.840016841888428,263.2,251
7.860016822814941,260.79999999999995,253
7.880016803741455,258.4,255
7.900016784667969,256.0,257
7.920016765594482,253.60000000000002,257
7.940016746520996,251.2,257
7.96001672744751,248.79999999999995,257
7.9800169467926025,246.39999999999998,256
8.000016927719116,244.0,256
8.02001690864563,241.60000000000002,255
8.040017127990723,239.2,253
8.060017108917236,236.79999999999995,252
8.08001708984375,234.39999999999998,250
8.100017070770264,232.0,249
8.120017051696777,229.60000000000002,247
8.140017032623291,227.2,244
8.160017013549805,224.79999999999995,242
8.180017232894897,222.4,240
8.200017213821411,220.0,238
8.210017919540405,217.6,237
8.217018127441406,215.2,236
8.23701810836792,212.79999999999998,234
8.257018327713013,210.4,231
8.277018308639526,208.0,229
8.29701828956604,205.6,226
8.317018270492554,203.2,223
8.337018251419067,200.79999999999998,221
8.35701847076416,198.4,218
8.377018451690674,196.0,215
8.397018432617188,193.6,213
8.417018413543701,191.2,211
8.437018394470215,188.79999999999998,208
8.457018375396729,186.4,206
8.477018594741821,184.0,204
8.48801851272583,181.6,202
8.508018493652344,179.2,200
8.528018474578857,176.79999999999998,198
8.54801869392395,174.4,195
8.568018913269043,172.0,193
8.588018894195557,169.6,190
8.60801887512207,167.2,187
8.628018856048584,164.79999999999998,185
8.648018836975098,162.4,182
8.668018817901611,160.0,179
8.688018798828125,157.6,177
8.708018779754639,155.2,174
8.728018760681152,152.8,172
8.748018980026245,150.39999999999998,170
8.768018960952759,148.0,168
8.788018941879272,145.6,166
8.808019161224365,143.2,163
8.828019142150879,140.8,161
8.848019123077393,138.39999999999998,159
8.868019104003906,136.0,156
8.88801908493042,133.6,154
8.908019304275513,131.2,151
8.928019285202026,128.8,149
8.94801926612854,126.39999999999998,146
8.968019247055054,124.0,144
8.988019227981567,121.6,141
9.008019208908081,119.19999999999999,139
9.028019428253174,116.80000000000001,136
9.048019409179688,114.39999999999998,134
9.068019390106201,112.0,132
9.088019371032715,109.6,129
9.108019590377808,107.19999999999999,127
9.128019571304321,104.80000000000001,125
9.148019552230835,102.39999999999998,123
9.168019533157349,100.0,120
9.188019514083862,97.6,118
9.208019495010376,95.2,115
9.22801947593689,92.8,113
9.248019933700562,90.4,111
9.268019914627075,88.0,108
9.288019895553589,85.6,106
9.308019876480103,83.19999999999999,103
9.328019857406616,80.8,101
9.34801983833313,78.4,98
9.368019819259644,76.0,96
9.388019800186157,73.6,93
9.408019781112671,71.19999999999999,91
9.428019762039185,68.8,89
9.448019742965698,66.4,86
9.46802020072937,64.0,84
9.488020181655884,61.599999999999994,82
9.499020099639893,59.2,80
9.519020080566406,56.8,78
9.53902006149292,54.400000000000006,75
9.559020042419434,52.0,73
9.570020198822021,49.599999999999994,71
9.590020179748535,47.2,69
9.610020160675049,44.8,66
9.630020141601562,42.400000000000006,63
9.650020122528076,40.0,60
9.670020580291748,37.599999999999994,58
9.690020561218262,35.2,55
9.710020542144775,32.8,53
9.730020523071289,30.400000000000006,50
9.750020503997803,28.0,47
9.770020484924316,30.400000000000006,45
9.79002046585083,32.8,43
9.810020685195923,35.2,40
9.830020666122437,37.599999999999994,38
9.85002064704895,40.0,37
9.870020627975464,42.400000000000006,37
9.890020608901978,44.8,37
9.91002082824707,47.2,37
9.930020809173584,49.599999999999994,38
9.950020790100098,52.0,38
9.970020771026611,54.400000000000006,39
9.990020751953125,56.8,41
10.010020732879639,59.2,42
10.021021127700806,61.599999999999994,43
10.04102110862732,64.0,45
10.061021089553833,66.4,46
10.076021432876587,68.8,48
10.087021827697754,71.19999999999999,49
10.0980224609375,73.6,50
10.109023094177246,76.0,52
10.11902379989624,78.4,53
10.139023780822754,80.8,56
10.159023761749268,83.19999999999999,58
10.179023742675781,85.6,61
10.199023723602295,88.0,64
10.219023942947388,90.4,66
10.239023923873901,92.8,69
10.259023904800415,95.2,72
10.279023885726929,97.6,74
10.299023866653442,100.0,77
10.319024085998535,102.39999999999998,80
10.339024066925049,104.80000000000001,82
10.359024286270142,107.19999999999999,85
10.379024267196655,109.6,88
10.399024248123169,112.0,90
10.419024229049683,114.39999999999998,93
10.439024209976196,116.80000000000001,96
10.45902419090271,119.19999999999999,98
10.479024171829224,121.6,100
10.490024328231812,124.0,102
10.510024309158325,126.39999999999998,104
10.530024290084839,128.8,106
10.550024271011353,131.2,109
10.570024251937866,133.6,111
10.59002423286438,136.0,114
10.610024452209473,138.39999999999998,117
10.630024671554565,140.8,119
10.650024652481079,143.2,122
10.670024633407593,145.6,124
10.690024614334106,148.0,127
10.71002459526062,150.39999999999998,129
10.730024576187134,152.8,131
10.750024795532227,155.2,134
10.77002477645874,157.6,136
10.790024757385254,160.0,138
10.810024738311768,162.4,140
10.830024719238281,164.79999999999998,143
10.850024700164795,167.2,145
10.870024919509888,169.6,148
10.890024900436401,172.0,150
10.910024881362915,174.4,152
10.930024862289429,176.79999999999998,155
10.941025018692017,179.2,157
10.96102523803711,181.6,159
10.981025218963623,184.0,161
11.001025199890137,186.4,164
11.02102518081665,188.79999999999998,167
11.041025161743164,191.2,169
11.061025142669678,193.6,172
11.081025123596191,196.0,175
11.101025104522705,198.4,177
11.121025085449219,200.79999999999998,180
11.141025304794312,203.2,182
11.161025285720825,205.6,184
11.181025505065918,208.0,186
11.201025485992432,210.4,189
11.221025466918945,212.79999999999998,191
11.241025447845459,215.2,193
11.261025428771973,217.6,196
11.274025678634644,220.0,197
11.294025659561157,222.4,200
11.31402587890625,224.79999999999995,202
11.334025859832764,227.2,205
11.354025840759277,229.60000000000002,208
11.374025821685791,232.0,210
11.394025802612305,234.39999999999998,213
11.414025783538818,236.79999999999995,216
11.434025764465332,239.2,218
11.454025745391846,241.60000000000002,220
11.47402572631836,244.0,223
11.485025882720947,246.39999999999998,224
11.505025863647461,248.79999999999995,226
11.525025844573975,251.2,229
11.545025825500488,253.60000000000002,231
11.565026044845581,256.0,234
11.585026264190674,258.4,237
11.605026245117188,260.79999999999995,239
11.625026226043701,263.2,242
11.645026206970215,265.6,244
11.665026187896729,268.0,247
11.685026168823242,265.6,249
11.705026388168335,263.2,251
11.725026369094849,260.79999999999995,253
11.745026350021362,258.4,256
11.765026330947876,256.0,258
11.78502631187439,253.60000000000002,257
11.805026531219482,251.2,257
11.825026512145996,248.79999999999995,257
11.84502649307251,246.39999999999998,256
11.865026473999023,244.0,255
11.885026454925537,241.60000000000002,254
11.90502667427063,239.2,253
11.925026655197144,236.79999999999995,252
11.945026636123657,234.39999999999998,250
11.965026617050171,232.0,248
11.985026597976685,229.60000000000002,246
12.005026578903198,227.2,244
12.025026559829712,224.79999999999995,242
12.045026779174805,222.4,240
12.065026998519897,220.0,238
12.085026979446411,217.6,235
12.105026960372925,215.2,233
12.125026941299438,212.79999999999998,231
12.145026922225952,210.4,229
12.165026903152466,208.0,227
12.18502688407898,205.6,224
12.205026865005493,203.2,222
12.225026845932007,200.79999999999998,220
12.24502682685852,198.4,218
12.265027284622192,196.0,215
12.285027265548706,193.6,213
12.30502724647522,191.2,211
12.325027227401733,188.79999999999998,209
12.345027208328247,186.4,206
12.36502718925476,184.0,204
12.385027170181274,181.6,202
12.405027389526367,179.2,200
12.42502737045288,176.79999999999998,197
12.445027351379395,174.4,195
12.465027332305908,172.0,192
12.485027551651001,169.6,190
12.49602746963501,167.2,188
12.516027450561523,164.79999999999998,186
12.536027431488037,162.4,183
12.55602741241455,160.0,180
12.576027393341064,157.6,178
12.596027612686157,155.2,175
12.616027593612671,152.8,172
12.636027574539185,150.39999999999998,170
12.656027793884277,148.0,167
12.676027774810791,145.6,165
12.696027755737305,143.2,163
12.716027736663818,140.8,161
12.736027717590332,138.39999999999998,158
12.756027698516846,136.0,156
12.77602767944336,133.6,154
12.796027898788452,131.2,151
12.816028118133545,128.8,149
12.836028099060059,126.39999999999998,146
12.856028079986572,124.0,144
12.876028060913086,121.6,142
12.8960280418396,119.19999999999999,139
12.916028022766113,116.80000000000001,137
12.936028003692627,114.39999999999998,134
12.95602798461914,112.0,132
12.976027965545654,109.6,129
12.996027946472168,107.19999999999999,127
13.01602816581726,104.80000000000001,125
13.036028385162354,102.39999999999998,122
13.056028366088867,100.0,120
13.07602834701538,97.6,118
13.096028327941895,95.2,115
13.116028308868408,92.8,113
13.136028289794922,90.4,111
13.156028509140015,88.0,108
13.176028490066528,85.6,106
13.196028470993042,83.19999999999999,103
13.206028938293457,80.8,102
13.217029571533203,78.4,100
13.237029790878296,76.0,98
13.25702977180481,73.6,95
13.277029752731323,71.19999999999999,92
13.297029733657837,68.8,90
13.31702971458435,66.4,87
13.337029695510864,64.0,84
13.357029676437378,61.599999999999994,82
13.377029657363892,59.2,79
13.397030115127563,56.8,77
13.417030096054077,54.400000000000006,74
13.43703007698059,52.0,72
13.457030057907104,49.599999999999994,69
13.477030038833618,47.2,67
13.488029956817627,44.8,65
13.50803017616272,42.400000000000006,63
13.528030157089233,40.0,61
13.548030138015747,37.599999999999994,58
13.56803035736084,35.2,55
13.588030338287354,32.8,53
13.608030319213867,30.400000000000006,50
13.62803030014038,28.0,48
13.648030281066895,30.400000000000006,45
13.668030261993408,32.8,43
13.688030242919922,35.2,40
13.708030223846436,37.599999999999994,38
13.72803020477295,40.0,37
13.748030424118042,42.400000000000006,37
13.768030405044556,44.8,37
13.788030624389648,47.2,37
13.808030605316162,49.599999999999994,38
13.828030586242676,52.0,39
13.84803056716919,54.400000000000006,40
13.868030548095703,56.8,41
13.888030529022217,59.2,42
13.90803050994873,61.599999999999994,44
13.928030729293823,64.0,46
13.948030948638916,66.4,48
13.96803092956543,68.8,50
13.988030910491943,71.19999999999999,52
14.008030891418457,73.6,54
14.02803087234497,76.0,56
14.048030853271484,78.4,59
14.068030834197998,80.8,61
14.088030815124512,83.19999999999999,63
14.108030796051025,85.6,65
14.128030776977539,88.0,67
14.148030996322632,90.4,70
14.168030977249146,92.8,72
14.188031196594238,95.2,74
14.208031177520752,97.6,76
14.228031158447266,100.0,79
14.24803113937378,102.39999999999998,81
14.268031120300293,104.80000000000001,83
14.288031101226807,107.19999999999999,85
14.3080313205719,109.6,88
14.328031063079834,112.0,90
14.348031282424927,114.39999999999998,92
14.36803126335144,116.80000000000001,95
14.388031244277954,119.19999999999999,97
14.408031463623047,121.6,100
14.42803144454956,124.0,102
14.448031425476074,126.39999999999998,105
14.468031406402588,128.8,107
14.48803162574768,131.2,110
14.49903130531311,133.6,111
14.519031763076782,136.0,114
14.539031744003296,138.39999999999998,116
14.55903172492981,140.8,119
14.579031705856323,143.2,122
14.599031686782837,145.6,124
14.61903166770935,148.0,127
14.639031648635864,150.39999999999998,129
14.659031629562378,152.8,132
14.67903184890747,155.2,134
14.699031829833984,157.6,136
14.719031810760498,160.0,138
14.73903203010559,162.4,141
14.759032011032104,164.79999999999998,143
14.779031991958618,167.2,145
14.799031972885132,169.6,148
14.819031953811646,172.0,150
14.83903193473816,174.4,153
14.859031915664673,176.79999999999998,155
14.879032135009766,179.2,157
14.89903211593628,181.6,160
14.919032096862793,184.0,162
14.939032077789307,186.4,165
14.950032234191895,188.79999999999998,166
14.970032215118408,191.2,169
14.990032196044922,193.6,171
15.010032176971436,196.0,174
15.021032333374023,198.4,175
15.041032314300537,200.79999999999998,178
15.06103229522705,203.2,181
15.076032638549805,205.6,183
15.08703351020813,208.0,184
15.098034143447876,210.4,186
15.122034311294556,212.79999999999998,189
15.14203429222107,215.2,192
15.162034273147583,217.6,194
15.182034254074097,220.0,197
15.20203447341919,222.4,200
15.222034215927124,224.79999999999995,202
15.242034435272217,227.2,205
15.262034177780151,229.60000000000002,208
15.282034635543823,232.0,210
15.302034616470337,234.39999999999998,213
15.32203459739685,236.79999999999995,216
15.342034578323364,239.2,218
15.362034559249878,241.60000000000002,220
15.382034540176392,244.0,223
15.402034521102905,246.39999999999998,225
15.422034740447998,248.79999999999995,227
15.442034721374512,251.2,229
15.462034702301025,253.60000000000002,232
15.482034683227539,256.0,234
15.493034839630127,258.4,235
15.51303482055664,260.79999999999995,238
15.533034801483154,263.2,240
15.553034782409668,265.6,243
15.573034763336182,268.0,246
15.593035221099854,265.6,248
15.613035202026367,263.2,251
15.63303518295288,260.79999999999995,254
15.653035163879395,258.4,256
15.673035144805908,256.0,258
15.693035125732422,253.60000000000002,257
15.713035106658936,251.2,257
15.73303508758545,248.79999999999995,257
15.753035068511963,246.39999999999998,256
15.773035049438477,244.0,255
15.79303503036499,241.60000000000002,254
15.813035488128662,239.2,253
15.833035469055176,236.79999999999995,252
15.85303544998169,234.39999999999998,250
15.873035430908203,232.0,248
15.893035411834717,229.60000000000002,246
15.91303539276123,227.2,244
15.933035373687744,224.79999999999995,242
15.953035593032837,222.4,240
15.97303557395935,220.0,238
15.993035554885864,217.6,235
16.013035535812378,215.2,233
16.03303551673889,212.79999999999998,231
16.053035736083984,210.4,229
16.073035717010498,208.0,227
16.09303569793701,205.6,224
16.113035678863525,203.2,222
16.13303565979004,200.79999999999998,220
16.153035640716553,198.4,218
16.173035860061646,196.0,216
16.19303584098816,193.6,213
16.213035821914673,191.2,211
16.233035802841187,188.79999999999998,209
16.2530357837677,186.4,207
16.263036489486694,184.0,205
16.271037101745605,181.6,204
16.29103708267212,179.2,202
16.311037063598633,176.79999999999998,199
16.331037044525146,174.4,196
16.35103702545166,172.0,194
16.371037006378174,169.6,191
16.391036987304688,167.2,188
16.4110369682312,164.79999999999998,186
16.431036949157715,162.4,183
16.451037406921387,160.0,180
16.4710373878479,157.6,178
16.48203730583191,155.2,176
16.502037286758423,152.8,174
16.522037267684937,150.39999999999998,171
16.54203724861145,148.0,168
16.562037467956543,145.6,166
16.582037448883057,143.2,163
16.60203742980957,140.8,160
16.622037649154663,138.39999999999998,158
16.642037630081177,136.0,155
16.66203761100769,133.6,153
16.682037591934204,131.2,151
16.702037572860718,128.8,149
16.72203755378723,126.39999999999998,146
16.742037534713745,124.0,144
16.76203751564026,121.6,141
16.78203773498535,119.19999999999999,139
16.802037715911865,116.80000000000001,137
16.82203769683838,114.39999999999998,134
16.84203791618347,112.0,132
16.862037897109985,109.6,130
16.8820378780365,107.19999999999999,127
16.902037858963013,104.80000000000001,125
16.922037839889526,102.39999999999998,123
16.94203782081604,100.0,120
16.962037801742554,97.6,118
16.982038021087646,95.2,115
17.00203824043274,92.8,113
17.022038221359253,90.4,110
17.042038202285767,88.0,108
17.06203818321228,85.6,105
17.082038164138794,83.19999999999999,103
17.093038082122803,80.8,101
17.113038301467896,78.4,99
17.13303828239441,76.0,96
17.153038263320923,73.6,94
17.173038244247437,71.19999999999999,91
17.19303822517395,68.8,89
17.213038206100464,66.4,86
17.233038425445557,64.0,83
17.25303840637207,61.599999999999994,81
17.273038387298584,59.2,78
17.284038543701172,56.8,77
17.304038524627686,54.400000000000006,75
17.3240385055542,52.0,73
17.344038486480713,49.599999999999994,70
17.364038467407227,47.2,68
17.38403844833374,44.8,65
17.404038667678833,42.400000000000006,62
17.424038887023926,40.0,60
17.44403886795044,37.599999999999994,57
17.464038848876953,35.2,55
17.484038829803467,32.8,52
17.495038747787476,30.400000000000006,51
17.51503872871399,28.0,49
17.535038948059082,30.400000000000006,46
17.555038928985596,32.8,44
17.57503914833069,35.2,41
17.595039129257202,37.599999999999994,39
17.615039110183716,40.0,37
17.63503909111023,42.400000000000006,37
17.655039072036743,44.8,37
17.675039052963257,47.2,37
17.69503903388977,49.599999999999994,38
17.715039014816284,52.0,38
17.735039234161377,54.400000000000006,39
17.75503897666931,56.8,41
17.775039434432983,59.2,42
17.795039415359497,61.599999999999994,44
17.81503939628601,64.0,45
17.835039377212524,66.4,47
17.855039358139038,68.8,49
17.87503933906555,71.19999999999999,52
17.895039319992065,73.6,54
17.91503930091858,76.0,56
17.935039520263672,78.4,58
17.955039501190186,80.8,60
17.97503972053528,83.19999999999999,63
17.995039701461792,85.6,65
18.015039682388306,88.0,67
18.03503966331482,90.4,69
18.055039644241333,92.8,71
18.075039625167847,95.2,74
18.09503960609436,97.6,76
18.115039587020874,100.0,78
18.135039567947388,102.39999999999998,80
18.15503978729248,104.80000000000001,83
18.175039768218994,107.19999999999999,85
18.195039749145508,109.6,88
18.205040454864502,112.0,89
18.216041088104248,114.39999999999998,90
18.237040996551514,116.80000000000001,93
18.257040977478027,119.19999999999999,96
18.27704119682312,121.6,98
18.297041177749634,124.0,101
18.317041158676147,126.39999999999998,104
18.33704137802124,128.8,106
18.357041358947754,131.2,109
18.377041339874268,133.6,112
18.39704132080078,136.0,114
18.417041540145874,138.39999999999998,117
18.437041521072388,140.8,120
18.4570415019989,143.2,122
18.477041482925415,145.6,124
18.490041732788086,148.0,126
18.5100417137146,150.39999999999998,128
18.530041694641113,152.8,130
18.550041675567627,155.2,133
18.57004165649414,157.6,135
18.590041637420654,160.0,138
18.610041618347168,162.4,140
18.63004159927368,164.79999999999998,143
18.650042057037354,167.2,146
18.670042037963867,169.6,148
18.69004201889038,172.0,151
18.710041999816895,174.4,153
18.730041980743408,176.79999999999998,155
18.750041961669922,179.2,158
18.770041942596436,181.6,160
18.79004216194153,184.0,162
18.810042142868042,186.4,164
18.830042123794556,188.79999999999998,167
18.85004234313965,191.2,169
18.870042324066162,193.6,172
18.890042304992676,196.0,174
18.91004228591919,198.4,177
18.930042266845703,200.79999999999998,179
18.941042184829712,203.2,181
18.961042404174805,205.6,183
18.981042623519897,208.0,186
19.001042366027832,210.4,188
19.021042585372925,212.79999999999998,191
19.04104256629944,215.2,193
19.061042547225952,217.6,196
19.081042528152466,220.0,198
19.10104250907898,222.4,201
19.121042490005493,224.79999999999995,203
19.141042470932007,227.2,206
19.16104245185852,229.60000000000002,208
19.181042909622192,232.0,210
19.201042890548706,234.39999999999998,213
19.22104287147522,236.79999999999995,215
19.241042852401733,239.2,217
19.261042833328247,241.60000000000002,219
19.28104281425476,244.0,222
19.301042795181274,246.39999999999998,224
19.321042776107788,248.79999999999995,227
19.3410427570343,251.2,229
19.361042737960815,253.60000000000002,232
19.38104271888733,256.0,234
19.401043176651,258.4,237
19.421043157577515,260.79999999999995,239
19.44104313850403,263.2,242
19.461043119430542,265.6,244
19.481043100357056,268.0,246
19.493043422698975,265.6,248
19.51304340362549,263.2,250
19.533043384552002,260.79999999999995,253
19.553043365478516,258.4,255
19.57304334640503,256.0,257
19.593043327331543,253.60000000000002,257
19.613043308258057,251.2,257
19.63304328918457,248.79999999999995,257
19.653043270111084,246.39999999999998,256
19.673043489456177,244.0,256
19.69304347038269,241.60000000000002,255
19.713043451309204,239.2,253
19.733043670654297,236.79999999999995,252
19.75304365158081,234.39999999999998,250
19.773043632507324,232.0,249
19.793043613433838,229.60000000000002,247
19.81304383277893,227.2,245
19.833043813705444,224.79999999999995,242
19.853043794631958,222.4,240
19.87304377555847,220.0,238
19.893043756484985,217.6,236
19.9130437374115,215.2,234
19.933043718338013,212.79999999999998,231
19.953043937683105,210.4,229
19.97304391860962,208.0,227
19.993043899536133,205.6,225
20.013043880462646,203.2,223
20.024043798446655,200.79999999999998,221
20.044044256210327,198.4,219
20.06404423713684,196.0,217
20.079044580459595,193.6,215
20.09004497528076,191.2,213
20.101045608520508,188.79999999999998,212
20.122045755386353,186.4,209
20.142045736312866,184.0,206
20.16204571723938,181.6,204
20.182045698165894,179.2,201
20.202045917510986,176.79999999999998,198
20.2220458984375,174.4,196
20.242045879364014,172.0,193
20.262045860290527,169.6,190
20.28204584121704,167.2,188
20.302046060562134,164.79999999999998,185
20.322046041488647,162.4,182
20.34204602241516,160.0,180
20.362046003341675,157.6,177
20.38204598426819,155.2,175
20.402045965194702,152.8,172
20.422046184539795,150.39999999999998,170
20.442046403884888,148.0,167
20.4620463848114,145.6,165
20.482046365737915,143.2,163
20.493046283721924,140.8,162
20.513046503067017,138.39999999999998,159
20.53304648399353,136.0,157
20.553046464920044,133.6,154
20.573046445846558,131.2,152
20.59304642677307,128.8,149
20.613046407699585,126.39999999999998,146
20.633046627044678,124.0,144
20.65304660797119,121.6,141
20.673046588897705,119.19999999999999,138
20.69304656982422,116.80000000000001,136
20.713046550750732,114.39999999999998,134
20.733046531677246,112.0,132
20.75304675102234,109.6,129
20.773046731948853,107.19999999999999,127
20.793046712875366,104.80000000000001,125
20.81304669380188,102.39999999999998,123
20.833046913146973,100.0,120
20.853046894073486,97.6,118
20.873046875,95.2,115
20.893046855926514,92.8,113
20.913046836853027,90.4,110
20.93304681777954,88.0,108
20.953046798706055,85.6,105
20.97304677963257,83.19999999999999,103
20.99304699897766,80.8,101
21.013046979904175,78.4,98
21.03304696083069,76.0,96
21.05304718017578,73.6,93
21.073047161102295,71.19999999999999,91
21.09304714202881,68.8,89
21.113047122955322,66.4,87
21.133047103881836,64.0,84
21.15304708480835,61.599999999999994,82
21.173047065734863,59.2,79
21.193047523498535,56.8,77
21.21304750442505,54.400000000000006,74
21.233047485351562,52.0,72
21.253047466278076,49.599999999999994,70
21.27304744720459,47.2,67
21.2840473651886,44.8,66
21.30404758453369,42.400000000000006,63
21.324047565460205,40.0,61
21.34404754638672,37.599999999999994,58
21.36404776573181,35.2,55
21.384047746658325,32.8,53
21.40404772758484,30.400000000000006,50
21.424047708511353,28.0,48
21.444047689437866,30.400000000000006,45
21.46404767036438,32.8,43
21.484047651290894,35.2,40
21.49504780769348,37.599999999999994,39
21.515047788619995,40.0,37
21.53504776954651,42.400000000000006,37
21.555047750473022,44.8,37
21.575047731399536,47.2,37
21.59504771232605,49.599999999999994,38
21.615047931671143,52.0,38
21.635048151016235,54.400000000000006,39
21.646048069000244,56.8,40
21.666048049926758,59.2,41
21.68604803085327,61.599999999999994,43
21.706048011779785,64.0,45
21.726048231124878,66.4,46
21.74604821205139,68.8,48
21.766048192977905,71.19999999999999,51
21.786048412322998,73.6,53
21.80604839324951,76.0,55
21.826048374176025,78.4,57
21.84604835510254,80.8,60
21.866048336029053,83.19999999999999,62
21.886048316955566,85.6,64
21.90604829788208,88.0,66
21.926048517227173,90.4,69
21.946048736572266,92.8,71
21.96604871749878,95.2,73
21.986048698425293,97.6,75
22.006048679351807,100.0,78
22.02604866027832,102.39999999999998,80
22.046048641204834,104.80000000000001,83
22.066048622131348,107.19999999999999,85
22.08604860305786,109.6,88
22.106048583984375,112.0,90
22.12604856491089,114.39999999999998,93
22.14604878425598,116.80000000000001,95
22.166048765182495,119.19999999999999,98
22.186048984527588,121.6,100
22.2060489654541,124.0,102
22.226048946380615,126.39999999999998,105
22.24604892730713,128.8,107
22.266048908233643,131.2,109
22.286049127578735,133.6,112
22.30604910850525,136.0,114
22.326049089431763,138.39999999999998,117
22.346049070358276,140.8,119
22.36604905128479,143.2,121
22.386049032211304,145.6,124
22.406049251556396,148.0,126
22.42604923248291,150.39999999999998,128
22.446049213409424,152.8,131
22.466049194335938,155.2,133
22.48604917526245,157.6,136
22.49704909324646,160.0,137
22.517049312591553,162.4,140
22.537049531936646,164.79999999999998,142
22.55704951286316,167.2,145
22.577049493789673,169.6,148
22.597049474716187,172.0,150
22.6170494556427,174.4,153
22.637049436569214,176.79999999999998,155
22.657049417495728,179.2,158
22.67704963684082,181.6,160
22.697049617767334,184.0,163
22.717049598693848,186.4,165
22.73704981803894,188.79999999999998,167
22.757049798965454,191.2,169
22.777049779891968,193.6,172
22.79704976081848,196.0,174
22.817049741744995,198.4,176
22.83704972267151,200.79999999999998,179
22.857049703598022,203.2,181
22.877049684524536,205.6,184
22.89704990386963,208.0,186
22.917049884796143,210.4,189
22.937049865722656,212.79999999999998,192
22.948050022125244,215.2,193
22.968050003051758,217.6,195
22.98804998397827,220.0,198
23.008049964904785,222.4,200
23.0280499458313,224.79999999999995,203
23.048049926757812,227.2,205
23.068050384521484,229.60000000000002,208
23.088050365447998,232.0,211
23.10805034637451,234.39999999999998,213
23.128050327301025,236.79999999999995,216
23.14805030822754,239.2,218
23.168050289154053,241.60000000000002,220
23.188050270080566,244.0,222
23.20305061340332,246.39999999999998,224
23.214051485061646,248.79999999999995,225
23.237051486968994,251.2,228
23.257051467895508,253.60000000000002,231
23.27705144882202,256.0,234
23.297051429748535,258.4,236
23.31705141067505,260.79999999999995,239
23.337051391601562,263.2,242
23.357051610946655,265.6,244
23.377051830291748,268.0,247
23.39705181121826,265.6,249
23.417051792144775,263.2,252
23.43705177307129,260.79999999999995,254
23.457051753997803,258.4,256
23.477051734924316,256.0,258
23.488051891326904,253.60000000000002,257
23.508051872253418,251.2,257
23.52805185317993,248.79999999999995,257
23.548051834106445,246.39999999999998,257
23.568052053451538,244.0,256
23.58805203437805,241.60000000000002,255
23.608052015304565,239.2,254
23.62805199623108,236.79999999999995,253
23.648051977157593,234.39999999999998,251
23.668052196502686,232.0,249
23.6880521774292,229.60000000000002,248
23.708052396774292,227.2,246
23.728052377700806,224.79999999999995,243
23.74805235862732,222.4,241
23.768052339553833,220.0,239
23.788052320480347,217.6,237
23.80805230140686,215.2,234
23.828052282333374,212.79999999999998,232
23.848052263259888,210.4,230
23.8680522441864,208.0,228
23.888052225112915,205.6,226
23.908052682876587,203.2,223
23.9280526638031,200.79999999999998,221
23.948052644729614,198.4,219
23.968052625656128,196.0,216
23.98805260658264,193.6,214
24.008052587509155,191.2,211
24.02805256843567,188.79999999999998,209
24.048052549362183,186.4,206
24.068052530288696,184.0,204
24.08805251121521,181.6,201
24.108052492141724,179.2,199
24.128052949905396,176.79999999999998,196
24.14805293083191,174.4,194
24.168052911758423,172.0,192
24.188052892684937,169.6,190
24.20805287361145,167.2,187
24.228052854537964,164.79999999999998,185
24.248052835464478,162.4,183
24.26805305480957,160.0,180
24.288053035736084,157.6,178
24.308053016662598,155.2,176
24.32805299758911,152.8,173
24.348053216934204,150.39999999999998,171
24.368053197860718,148.0,168
24.38805317878723,145.6,165
24.408053159713745,143.2,163
24.42805314064026,140.8,160
24.448053121566772,138.39999999999998,158
24.468053102493286,136.0,156
24.48805332183838,133.6,153
24.499053478240967,131.2,152
24.510053396224976,128.8,150
24.53005337715149,126.39999999999998,148
24.550053596496582,124.0,146
24.570053577423096,121.6,143
24.59005355834961,119.19999999999999,140
24.610053539276123,116.80000000000001,138
24.630053758621216,114.39999999999998,135
24.65005350112915,112.0,132
24.670053720474243,109.6,130
24.690053701400757,107.19999999999999,127
24.71005368232727,104.80000000000001,125
24.730053663253784,102.39999999999998,122
24.750053644180298,100.0,120
24.77005386352539,97.6,117
24.790053844451904,95.2,115
24.810053825378418,92.8,113
24.83005404472351,90.4,110
24.850054025650024,88.0,108
24.870054006576538,85.6,106
24.89005398750305,83.19999999999999,103
24.910053968429565,80.8,101
24.93005394935608,78.4,99
24.950053930282593,76.0,96
24.970053911209106,73.6,94
24.99005389213562,71.19999999999999,91
25.010054111480713,68.8,89
25.0210542678833,66.4,87
25.041054248809814,64.0,85
25.061054229736328,61.599999999999994,82
25.081054210662842,59.2,79
25.091054677963257,56.8,78
25.102055549621582,54.400000000000006,77
25.122055530548096,52.0,74
25.14205551147461,49.599999999999994,71
25.162055492401123,47.2,69
25.182055473327637,44.8,66
25.20205545425415,42.400000000000006,63
25.222055435180664,40.0,61
25.242055892944336,37.599999999999994,58
25.26205587387085,35.2,55
25.282055854797363,32.8,53
25.302055835723877,30.400000000000006,50
25.32205581665039,28.0,47
25.342055797576904,30.400000000000006,45
25.362055778503418,32.8,43
25.38205575942993,35.2,40
25.402055740356445,37.599999999999994,38
25.42205572128296,40.0,37
25.442055702209473,42.400000000000006,37
25.462056159973145,44.8,37
25.482056140899658,47.2,37
25.493056058883667,49.599999999999994,37
25.51305603981018,52.0,38
25.533056020736694,54.400000000000006,39
25.553056001663208,56.8,40
25.5730562210083,59.2,42
25.593056201934814,61.599999999999994,43
25.613056182861328,64.0,45
25.63305640220642,66.4,47
25.653056383132935,68.8,49
25.67305636405945,71.19999999999999,51
25.693056344985962,73.6,53
25.713056325912476,76.0,55
25.73305630683899,78.4,58
25.753056287765503,80.8,60
25.773056507110596,83.19999999999999,62
25.79305672645569,85.6,64
25.813056707382202,88.0,67
25.833056688308716,90.4,69
25.85305666923523,92.8,71
25.873056650161743,95.2,73
25.893056631088257,97.6,76
25.91305661201477,100.0,78
25.933056592941284,102.39999999999998,80
25.953056573867798,104.80000000000001,83
25.97305655479431,107.19999999999999,85
25.993056774139404,109.6,88
26.013056993484497,112.0,90
26.03305697441101,114.39999999999998,93
26.053056955337524,116.80000000000001,95
26.073056936264038,119.19999999999999,98
26.09305691719055,121.6,100
26.113056898117065,124.0,102
26.133057117462158,126.39999999999998,105
26.153057098388672,128.8,107
26.173057079315186,131.2,110
26.1930570602417,133.6,112
26.213057041168213,136.0,114
26.233057022094727,138.39999999999998,116
26.25305724143982,140.8,119
26.26605725288391,143.2,120
26.286057233810425,145.6,123
26.30605721473694,148.0,126
26.32605743408203,150.39999999999998,128
26.346057415008545,152.8,131
26.366057634353638,155.2,134
26.38605761528015,157.6,136
26.406057596206665,160.0,139
26.42605757713318,162.4,141
26.446057558059692,164.79999999999998,143
26.466057538986206,167.2,146
26.48605751991272,169.6,148
26.497057676315308,172.0,149
26.51705765724182,174.4,152
26.537057876586914,176.79999999999998,154
26.557057857513428,179.2,157
26.57705783843994,181.6,159
26.597057819366455,184.0,162
26.61705780029297,186.4,165
26.63705801963806,188.79999999999998,167
26.657058000564575,191.2,170
26.67705798149109,193.6,172
26.697057962417603,196.0,175
26.717057943344116,198.4,177
26.73705792427063,200.79999999999998,179
26.757058143615723,203.2,182
26.777058124542236,205.6,184
26.79705810546875,208.0,186
26.817058086395264,210.4,188
26.837058067321777,212.79999999999998,191
26.85705804824829,215.2,193
26.877058267593384,217.6,196
26.897058486938477,220.0,198
26.91705846786499,222.4,201
26.937058448791504,224.79999999999995,203
26.948058366775513,227.2,205
26.968058586120605,229.60000000000002,207
26.98805856704712,232.0,210
27.008058547973633,234.39999999999998,212
27.028058528900146,236.79999999999995,215
27.04805850982666,239.2,218
27.068058729171753,241.60000000000002,220
27.088058710098267,244.0,223
27.10805869102478,246.39999999999998,225
27.128058671951294,248.79999999999995,228
27.148058652877808,251.2,230
27.16805863380432,253.60000000000002,232
27.188058853149414,256.0,234
27.208058834075928,258.4,237
27.22805881500244,260.79999999999995,239
27.248058795928955,263.2,241
27.26805877685547,265.6,244
27.28805899620056,268.0,246
27.308058977127075,265.6,248
27.32805895805359,263.2,251
27.348058938980103,260.79999999999995,253
27.368058919906616,258.4,255
27.38805890083313,256.0,257
27.408058881759644,253.60000000000002,257
27.428059101104736,251.2,257
27.44805908203125,248.79999999999995,257
27.468059062957764,246.39999999999998,256
27.488059043884277,244.0,255
27.499059200286865,241.60000000000002,255
27.519059419631958,239.2,254
27.530059337615967,236.79999999999995,253
27.55005931854248,234.39999999999998,252
27.570059299468994,232.0,250
27.590059280395508,229.60000000000002,248
27.61005926132202,227.2,246
27.630059480667114,224.79999999999995,244
27.650059700012207,222.4,242
27.67005968093872,220.0,239
27.690059661865234,217.6,237
27.710059642791748,215.2,235
27.73005962371826,212.79999999999998,233
27.750059604644775,210.4,230
27.77005958557129,208.0,228
27.790059566497803,205.6,226
27.810059547424316,203.2,224
27.83005952835083,200.79999999999998,221
27.850059986114502,198.4,219
27.870059967041016,196.0,216
27.89005994796753,193.6,213
27.910059928894043,191.2,211
27.930059909820557,188.79999999999998,208
27.95005989074707,186.4,206
27.970059871673584,184.0,204
27.990059852600098,181.6,201
28.01006007194519,179.2,199
28.030059814453125,176.79999999999998,197
28.050060033798218,174.4,195
28.07006025314331,172.0,192
28.090060234069824,169.6,190
28.110060214996338,167.2,187
28.13006019592285,164.79999999999998,185
28.150060176849365,162.4,183
28.17006015777588,160.0,180
28.190060138702393,157.6,178
28.205060482025146,155.2,176
28.21606135368347,152.8,174
28.237061262130737,150.39999999999998,171
28.25706124305725,148.0,169
28.277061223983765,145.6,166
28.29706120491028,143.2,163
28.31706142425537,140.8,161
28.337061405181885,138.39999999999998,158
28.3570613861084,136.0,155
28.37706160545349,133.6,153
28.397061586380005,131.2,151
28.41706156730652,128.8,148
28.437061548233032,126.39999999999998,146
28.457061767578125,124.0,144
28.47706151008606,121.6,142
28.488061904907227,119.19999999999999,140
28.50806188583374,116.80000000000001,138
28.528061866760254,114.39999999999998,136
28.548061847686768,112.0,133
28.56806182861328,109.6,130
28.588061809539795,107.19999999999999,128
28.60806179046631,104.80000000000001,125
28.628061771392822,102.39999999999998,122
28.648061752319336,100.0,120
28.66806173324585,97.6,117
28.688061714172363,95.2,115
28.708062171936035,92.8,112
28.72806215286255,90.4,110
28.748062133789062,88.0,108
28.768062114715576,85.6,106
28.78806209564209,83.19999999999999,103
28.808062076568604,80.8,101
28.828062057495117,78.4,99
28.84806227684021,76.0,96
28.868062257766724,73.6,94
28.888062238693237,71.19999999999999,91
28.90806221961975,68.8,89
28.928062438964844,66.4,86
28.948062419891357,64.0,84
28.96806240081787,61.599999999999994,81
28.988062381744385,59.2,79
29.0080623626709,56.8,77
29.028062343597412,54.400000000000006,74
29.048062324523926,52.0,72
29.06806254386902,49.599999999999994,70
29.088062524795532,47.2,67
29.108062505722046,44.8,65
29.12806248664856,42.400000000000006,63
29.148062467575073,40.0,60
29.168062686920166,37.599999999999994,58
29.18806266784668,35.2,55
29.208062887191772,32.8,53
29.228062868118286,30.400000000000006,50
29.2480628490448,28.0,48
29.268062829971313,30.400000000000006,46
29.288062810897827,32.8,43
29.30806279182434,35.2,41
29.328062772750854,37.599999999999994,39
29.348062753677368,40.0,37
29.368062734603882,42.400000000000006,37
29.388062715530396,44.8,37
29.40806293487549,47.2,37
29.42806315422058,49.599999999999994,38
29.448063135147095,52.0,38
29.46806311607361,54.400000000000006,39
29.488063097000122,56.8,41
29.49906325340271,59.2,41
29.519063234329224,61.599999999999994,43
29.539063215255737,64.0,45
29.55906319618225,66.4,47
29.579063177108765,68.8,49
29.599063396453857,71.19999999999999,51
29.61906337738037,73.6,53
29.639063358306885,76.0,55
29.6590633392334,78.4,57
29.679063320159912,80.8,60
29.699063301086426,83.19999999999999,62
29.71906352043152,85.6,64
29.739063501358032,88.0,66
29.759063482284546,90.4,69
29.77906346321106,92.8,71
29.799063444137573,95.2,73
29.819063663482666,97.6,76
29.83906364440918,100.0,78
29.859063625335693,102.39999999999998,80
29.879063606262207,104.80000000000001,83
29.89906358718872,107.19999999999999,85
29.919063568115234,109.6,88
29.939063549041748,112.0,90
29.95906400680542,114.39999999999998,93
29.979063987731934,116.80000000000001,95
29.999063968658447,119.19999999999999,97
30.01906394958496,121.6,100
30.03006386756897,124.0,102
30.050064086914062,126.39999999999998,104
30.070064067840576,128.8,106
30.09006404876709,131.2,109
30.100064516067505,133.6,110
30.11106514930725,136.0,112
30.122065782546997,138.39999999999998,113
30.133066654205322,140.8,115
30.15606665611267,143.2,118
30.176066637039185,145.6,120
30.1960666179657,148.0,123
30.21606683731079,150.39999999999998,126
30.236066818237305,152.8,128
30.256067037582397,155.2,131
30.27606701850891,157.6,134
30.296066999435425,160.0,137
30.31606698036194,162.4,139
30.336066961288452,164.79999999999998,142
30.356066942214966,167.2,145
30.37606692314148,169.6,147
30.396066904067993,172.0,150
30.416066884994507,174.4,153
30.4360671043396,176.79999999999998,155
30.456067085266113,179.2,158
30.476067304611206,181.6,160
30.487067222595215,184.0,162
30.50706720352173,186.4,164
30.527067184448242,188.79999999999998,167
30.547067165374756,191.2,169
30.56706714630127,193.6,172
30.587067365646362,196.0,174
30.607067584991455,198.4,177
30.618067264556885,200.79999999999998,179
30.638067483901978,203.2,181
30.65806746482849,205.6,183
30.678067684173584,208.0,186
30.698067665100098,210.4,189
30.71806764602661,212.79999999999998,191
30.738067626953125,215.2,194
30.75806760787964,217.6,196
30.77806782722473,220.0,199
30.798067808151245,222.4,201
30.81806778907776,224.79999999999995,204
30.838067770004272,227.2,206
30.858067750930786,229.60000000000002,208
30.8780677318573,232.0,210
30.898067712783813,234.39999999999998,212
30.918067932128906,236.79999999999995,215
30.93806791305542,239.2,217
30.94906783103943,241.60000000000002,219
30.969067811965942,244.0,221
30.989068031311035,246.39999999999998,224
31.00906777381897,248.79999999999995,226
31.02906823158264,251.2,229
31.049068212509155,253.60000000000002,232
31.06906819343567,256.0,234
31.089068174362183,258.4,237
31.109068155288696,260.79999999999995,240
31.12906813621521,263.2,242
31.149068117141724,265.6,244
31.169068336486816,268.0,247
31.18906831741333,265.6,249
31.209068298339844,263.2,251
31.229068517684937,260.79999999999995,253
31.24906849861145,258.4,255
31.262068510055542,256.0,257
31.282068490982056,253.60000000000002,257
31.30206871032715,251.2,257
31.322068691253662,248.79999999999995,257
31.342068672180176,246.39999999999998,256
31.36206865310669,244.0,256
31.382068634033203,241.60000000000002,255
31.402068614959717,239.2,254
31.42206883430481,236.79999999999995,252
31.442068815231323,234.39999999999998,251
31.462068796157837,232.0,249
31.48206877708435,229.60000000000002,247
31.49306893348694,227.2,246
31.513068914413452,224.79999999999995,244
31.533068895339966,222.4,241
31.55306887626648,220.0,239
31.573068857192993,217.6,237
31.593069076538086,215.2,235
31.6130690574646,212.79999999999998,232
31.633069276809692,210.4,230
31.653069257736206,208.0,228
31.67306923866272,205.6,226
31.693069219589233,203.2,223
31.713069200515747,200.79999999999998,221
31.73306941986084,198.4,219
31.753069400787354,196.0,216
31.773069381713867,193.6,214
31.79306936264038,191.2,211
31.813069343566895,188.79999999999998,209
31.833069324493408,186.4,206
31.8530695438385,184.0,204
31.873069524765015,181.6,201
31.89306950569153,179.2,199
31.913069486618042,176.79999999999998,197
31.933069467544556,174.4,194
31.95306968688965,172.0,192
31.973069667816162,169.6,189
31.993069648742676,167.2,187
32.01306962966919,164.79999999999998,185
32.0330696105957,162.4,183
32.05306959152222,160.0,180
32.07306957244873,157.6,178
32.0930700302124,155.2,175
32.113070011138916,152.8,173
32.13306999206543,150.39999999999998,170
32.15306997299194,148.0,168
32.17306995391846,145.6,166
32.19306993484497,143.2,163
32.213069915771484,140.8,161
32.233069896698,138.39999999999998,159
32.25306987762451,136.0,156
32.273069858551025,133.6,153
32.29307007789612,131.2,151
32.31307029724121,128.8,149
32.333070278167725,126.39999999999998,146
32.35307025909424,124.0,144
32.37307024002075,121.6,142
32.393070220947266,119.19999999999999,139
32.41307020187378,116.80000000000001,137
32.43307018280029,114.39999999999998,134
32.45307016372681,112.0,132
32.47307014465332,109.6,129
32.48407053947449,107.19999999999999,128
32.504070520401,104.80000000000001,126
32.524070501327515,102.39999999999998,123
32.54407048225403,100.0,120
32.56407046318054,97.6,118
32.584070444107056,95.2,115
32.60407042503357,92.8,112
32.62407040596008,90.4,110
32.644070625305176,88.0,107
32.66407060623169,85.6,105
32.68407082557678,83.19999999999999,103
32.704070806503296,80.8,100
32.72407078742981,78.4,98
32.74407076835632,76.0,96
32.76407074928284,73.6,94
32.78407073020935,71.19999999999999,91
32.804070711135864,68.8,89
32.82407093048096,66.4,87
32.84407091140747,64.0,84
32.86407113075256,61.599999999999994,82
32.88407111167908,59.2,79
32.90407109260559,56.8,77
32.924071073532104,54.400000000000006,74
32.94407105445862,52.0,71
32.96407103538513,49.599999999999994,69
32.984071016311646,47.2,67
33.00407099723816,44.8,65
33.02407097816467,42.400000000000006,62
33.044071197509766,40.0,60
33.06407117843628,37.599999999999994,58
33.08407139778137,35.2,55
33.104071378707886,32.8,53
33.1240713596344,30.400000000000006,50
33.14407134056091,28.0,48
33.16407132148743,30.400000000000006,46
33.18407154083252,32.8,43
33.20407152175903,35.2,41
33.21407198905945,37.599999999999994,40
33.237072229385376,40.0,38
33.25707221031189,42.400000000000006,36
33.2770721912384,44.8,34
33.29707217216492,47.2,33
33.31707215309143,49.599999999999994,31
33.337072134017944,52.0,30
33.35707235336304,54.400000000000006,29
33.37707257270813,56.8,28
33.397072553634644,59.2,28
33.41707253456116,61.599999999999994,27
33.43707251548767,64.0,27
33.457072496414185,66.4,27
33.4770724773407,68.8,27
33.488072633743286,71.19999999999999,28
33.5080726146698,73.6,28
33.51907253265381,76.0,28
33.53907251358032,78.4,29
33.559072732925415,80.8,30
33.57907271385193,83.19999999999999,32
33.59907293319702,85.6,33
33.619072914123535,88.0,35
33.63907289505005,90.4,36
33.65907287597656,92.8,39
33.679072856903076,95.2,41
33.69907283782959,97.6,43
33.7190728187561,100.0,46
33.739073038101196,102.39999999999998,49
33.75907301902771,104.80000000000001,52
33.7790732383728,107.19999999999999,55
33.799073219299316,109.6,58
33.81907320022583,112.0,62
33.839073181152344,114.39999999999998,66
33.85907316207886,116.80000000000001,70
33.87907314300537,119.19999999999999,73
33.899073123931885,121.6,77
33.9190731048584,124.0,81
33.93907308578491,126.39999999999998,85
33.959073305130005,128.8,89
33.97907328605652,131.2,92
33.99907350540161,133.6,96
34.019073486328125,136.0,99
34.03907346725464,138.39999999999998,102
34.05907344818115,140.8,105
34.079073429107666,143.2,109
34.09907341003418,145.6,112
34.11907339096069,148.0,115
34.13907337188721,150.39999999999998,118
34.1590735912323,152.8,121
34.17907357215881,155.2,124
34.19907355308533,157.6,127
34.21907353401184,160.0,130
34.239073753356934,162.4,133
34.25907373428345,164.79999999999998,137
34.27907371520996,167.2,140
34.299073934555054,169.6,143
34.31907391548157,172.0,145
34.33907389640808,174.4,148
34.359073877334595,176.79999999999998,151
34.37907385826111,179.2,153
34.39907383918762,181.6,156
34.419073820114136,184.0,159
34.43907380104065,186.4,162
34.45907402038574,188.79999999999998,164
34.479074001312256,191.2,167
34.490074157714844,193.6,169
34.51007413864136,196.0,171
34.53007411956787,198.4,174
34.550074338912964,200.79999999999998,176
34.57007431983948,203.2,179
34.59007430076599,205.6,182
34.610074281692505,208.0,185
34.63007426261902,210.4,187
34.65007424354553,212.79999999999998,190
34.670074224472046,215.2,193
34.69007444381714,217.6,195
34.71007442474365,220.0,198
34.730074405670166,222.4,201
34.75007438659668,224.79999999999995,203
34.77007436752319,227.2,206
34.790074586868286,229.60000000000002,208
34.8100745677948,232.0,211
34.83007478713989,234.39999999999998,213
34.850074768066406,236.79999999999995,215
34.87007474899292,239.2,218
34.890074729919434,241.60000000000002,220
34.91007471084595,244.0,222
34.93007469177246,246.39999999999998,224
34.94107484817505,248.79999999999995,226
34.96107482910156,251.2,228
34.981074810028076,253.60000000000002,231
35.00107479095459,256.0,233
35.0210747718811,258.4,236
35.03207492828369,260.79999999999995,238
35.052075147628784,263.2,240
35.0720751285553,265.6,243
35.09207510948181,268.0,246
35.10207557678223,265.6,247
35.11307644844055,263.2,248
35.12907648086548,260.79999999999995,250
35.14907670021057,258.4,253
35.169076681137085,256.0,255
35.1890766620636,253.60000000000002,257
35.20907664299011,251.2,259
35.229076623916626,248.79999999999995,260
35.24907684326172,246.39999999999998,262
35.26907682418823,244.0,263
35.289076805114746,241.60000000000002,264
35.30907678604126,239.2,265
35.32907676696777,236.79999999999995,265
35.34907674789429,234.39999999999998,266
35.36907696723938,232.0,266
35.38907718658447,229.60000000000002,266
35.409077167510986,227.2,266
35.4290771484375,224.79999999999995,265
35.449077129364014,222.4,265
35.46907711029053,220.0,264
35.48907709121704,217.6,263
35.50007724761963,215.2,262
35.52007722854614,212.79999999999998,261
35.540077209472656,210.4,259
35.56007719039917,208.0,258
35.58007740974426,205.6,256
35.600077390670776,203.2,254
35.62007737159729,200.79999999999998,251
35.640077352523804,198.4,249
35.66007733345032,196.0,246
35.68007731437683,193.6,243
35.700077533721924,191.2,240
35.72007751464844,188.79999999999998,237
35.74007749557495,186.4,233
35.760077476501465,184.0,230
35.78007769584656,181.6,226
35.80007767677307,179.2,222
35.820077657699585,176.79999999999998,218
35.8400776386261,174.4,214
35.86007761955261,172.0,211
35.880077600479126,169.6,207
35.90007758140564,167.2,203
35.92007803916931,164.79999999999998,200
35.940078020095825,162.4,197
35.96007800102234,160.0,194
35.98007798194885,157.6,191
36.000077962875366,155.2,188
36.02007794380188,152.8,184
36.040077924728394,150.39999999999998,181
36.06007790565491,148.0,178
36.08007788658142,145.6,175
36.100077867507935,143.2,172
36.12007784843445,140.8,169
36.14007830619812,138.39999999999998,166
36.160078287124634,136.0,163
36.18007826805115,133.6,160
36.20007824897766,131.2,157
36.220078229904175,128.8,154
36.24007821083069,126.39999999999998,151
36.2600781917572,124.0,148
36.27307844161987,121.6,147
36.29307842254639,119.19999999999999,144
36.31307864189148,116.80000000000001,141
36.33307862281799,114.39999999999998,139
36.35307860374451,112.0,136
36.37307858467102,109.6,133
36.393078565597534,107.19999999999999,131
36.41307854652405,104.80000000000001,128
36.43307852745056,102.39999999999998,125
36.453078746795654,100.0,123
36.47307872772217,97.6,120
36.48507881164551,95.2,118
36.50507879257202,92.8,116
36.525079011917114,90.4,113
36.54507899284363,88.0,110
36.56507897377014,85.6,107
36.585078954696655,83.19999999999999,105
36.60507893562317,80.8,102
36.62507891654968,78.4,99
36.645078897476196,76.0,97
36.66507911682129,73.6,94
36.6850790977478,71.19999999999999,91
36.705079078674316,68.8,89
36.72507905960083,66.4,86
36.745079040527344,64.0,83
36.76507925987244,61.599999999999994,81
36.78507924079895,59.2,79
36.80507946014404,56.8,76
36.82507944107056,54.400000000000006,74
36.84507942199707,52.0,72
36.865079402923584,49.599999999999994,70
36.8850793838501,47.2,67
36.90507936477661,44.8,65
36.925079345703125,42.400000000000006,63
36.94507932662964,40.0,60
36.96507930755615,37.599999999999994,58
36.985079526901245,35.2,55
37.00507950782776,32.8,53
37.02507972717285,30.400000000000006,50
37.045079708099365,28.0,48
37.06507968902588,30.400000000000006,45
37.08507966995239,32.8,43
37.105079650878906,35.2,40
37.12507963180542,37.599999999999994,38
37.145079612731934,40.0,37
37.165079832077026,42.400000000000006,37
37.18507981300354,44.8,37
37.20508003234863,47.2,37
37.22508001327515,49.599999999999994,38
37.24507999420166,52.0,39
37.265079975128174,54.400000000000006,40
37.28507995605469,56.8,41
37.3050799369812,59.2,42
37.325079917907715,61.599999999999994,44
37.34507989883423,64.0,46
37.36508011817932,66.4,48
37.385080099105835,68.8,50
37.40508008003235,71.19999999999999,52
37.42508006095886,73.6,54
37.445080280303955,76.0,56
37.46508026123047,78.4,59
37.48508024215698,80.8,61
37.49608016014099,83.19999999999999,62
37.516080141067505,85.6,64
37.5360803604126,88.0,67
37.55608057975769,90.4,69
37.576080560684204,92.8,71
37.59608054161072,95.2,73
37.61608052253723,97.6,76
37.636080503463745,100.0,78
37.65608048439026,102.39999999999998,80
37.67608046531677,104.80000000000001,83
37.696080446243286,107.19999999999999,85
37.7160804271698,109.6,88
37.73608040809631,112.0,90
37.756080865859985,114.39999999999998,93
37.7760808467865,116.80000000000001,95
37.79608082771301,119.19999999999999,98
37.816080808639526,121.6,100
37.83608078956604,124.0,102
37.856080770492554,126.39999999999998,104
37.87608075141907,128.8,107
37.89608097076416,131.2,109
37.916080951690674,133.6,112
37.93608093261719,136.0,114
37.9560809135437,138.39999999999998,116
37.976080894470215,140.8,119
37.99608111381531,143.2,122
38.01608109474182,145.6,124
38.036081075668335,148.0,127
38.05608105659485,150.39999999999998,129
38.07608103752136,152.8,131
38.096081018447876,155.2,134
38.11608123779297,157.6,136
38.13608121871948,160.0,138
38.156081199645996,162.4,140
38.17608118057251,164.79999999999998,143
38.19608116149902,167.2,145
38.20608186721802,169.6,146
38.217082500457764,172.0,148
38.23708248138428,174.4,150
38.25708246231079,176.79999999999998,153
38.277082681655884,179.2,156
38.2970826625824,181.6,158
38.31708264350891,184.0,161
38.337082624435425,186.4,164
38.35708284378052,188.79999999999998,167
38.37708282470703,191.2,169
38.397082805633545,193.6,172
38.41708278656006,196.0,174
38.43708276748657,198.4,177
38.457082748413086,200.79999999999998,180
38.4770827293396,203.2,182
38.48808288574219,205.6,184
38.5080828666687,208.0,186
38.528083086013794,210.4,188
38.54808306694031,212.79999999999998,190
38.56808304786682,215.2,193
38.588083028793335,217.6,196
38.60808300971985,220.0,198
38.62808299064636,222.4,201
38.648082971572876,224.79999999999995,203
38.66808342933655,227.2,206
38.68808341026306,229.60000000000002,208
38.708083391189575,232.0,211
38.72808337211609,234.39999999999998,213
38.7480833530426,236.79999999999995,215
38.768083333969116,239.2,217
38.78808331489563,241.60000000000002,220
38.808083295822144,244.0,222
38.82808327674866,246.39999999999998,224
38.84808325767517,248.79999999999995,227
38.868083238601685,251.2,229
38.88808345794678,253.60000000000002,232
38.90808367729187,256.0,234
38.928083658218384,258.4,237
38.9480836391449,260.79999999999995,239
38.959083557128906,263.2,241
38.97908353805542,265.6,243
38.999083518981934,268.0,246
39.019083738327026,265.6,248
39.03908371925354,263.2,251
39.05908393859863,260.79999999999995,253
39.07908391952515,258.4,256
39.09908390045166,256.0,258
39.119083881378174,253.60000000000002,257
39.13908386230469,251.2,257
39.1590838432312,248.79999999999995,257
39.179083824157715,246.39999999999998,256
39.19908380508423,244.0,255
39.2190842628479,241.60000000000002,254
39.239084005355835,239.2,253
39.25908422470093,236.79999999999995,252
39.27908420562744,234.39999999999998,250
39.299084186553955,232.0,248
39.31908416748047,229.60000000000002,246
39.33908414840698,227.2,244
39.359084129333496,224.79999999999995,242
39.37908411026001,222.4,240
39.39908409118652,220.0,238
39.419084310531616,217.6,235
39.43908429145813,215.2,233
39.45908451080322,212.79999999999998,231
39.479084491729736,210.4,229
39.490084409713745,208.0,227
39.51008439064026,205.6,225
39.53008437156677,203.2,223
39.550084352493286,200.79999999999998,221
39.57008457183838,198.4,219
39.59008479118347,196.0,216
39.610084772109985,193.6,214
39.621084690093994,191.2,213
39.64108467102051,188.79999999999998,210
39.6610848903656,186.4,207
39.681084871292114,184.0,205
39.70108485221863,181.6,202
39.72108483314514,179.2,199
39.741084814071655,176.79999999999998,197
39.76108503341675,174.4,194
39.78108501434326,172.0,191
39.801084995269775,169.6,189
39.82108497619629,167.2,187
39.8410849571228,164.79999999999998,184
39.861084938049316,162.4,182
39.88108515739441,160.0,180
39.90108513832092,157.6,178
39.92108511924744,155.2,175
39.94108510017395,152.8,173
39.961085081100464,150.39999999999998,171
39.98108530044556,148.0,168
40.00108528137207,145.6,166
