0.030,326.632,-31.000,9.006,-60.488
0.070,326.632,-30.000,9.080,-60.473
0.110,330.670,-25.000,9.187,-60.458
0.141,330.670,-20.000,9.187,-60.458
0.181,331.641,-13.000,9.224,-60.470
0.221,334.452,-7.000,9.312,-60.493
0.261,338.414,-3.000,9.463,-60.545
0.301,338.387,-2.000,9.546,-60.559
0.341,342.039,-3.000,9.698,-60.612
0.381,344.756,-6.000,9.899,-60.671
0.421,347.983,-11.000,10.158,-60.724
0.461,347.983,-16.000,10.300,-60.728
0.501,350.199,-20.000,10.300,-60.728
0.541,353.841,-23.000,10.534,-60.767
0.581,353.682,-24.000,10.716,-60.780
0.621,357.827,-26.000,10.899,-60.797
0.661,358.372,-26.000,11.014,-60.789
0.701,1.127,-27.000,11.173,-60.801
0.741,1.765,-31.000,11.300,-60.797
0.781,3.259,-34.000,11.492,-60.802
0.812,4.161,-34.000,11.712,-60.792
0.852,4.161,-35.000,11.930,-60.767
0.892,4.752,-37.000,11.930,-60.767
0.932,5.268,-37.000,12.376,-60.721
0.972,6.124,-37.000,12.521,-60.690
1.012,6.267,-38.000,12.521,-60.690
1.052,8.188,-38.000,12.717,-60.660
1.092,9.588,-40.000,12.954,-60.612
1.132,9.342,-40.000,13.120,-60.557
1.172,11.286,-41.000,13.255,-60.535
1.203,13.310,-42.000,13.452,-60.493
1.239,14.440,-44.000,13.581,-60.459
1.261,14.440,-44.000,13.778,-60.398
1.301,19.525,-46.000,13.982,-60.338
1.341,20.357,-48.000,14.131,-60.288
1.381,20.357,-52.000,14.277,-60.232
1.421,24.449,-53.000,14.423,-60.186
1.461,24.449,-53.000,14.590,-60.122
1.501,26.031,-54.000,14.838,-60.029
1.541,27.706,-58.000,14.951,-59.954
1.581,28.269,-60.000,15.071,-59.941
1.621,29.844,-60.000,15.071,-59.941
1.661,31.080,-61.000,15.370,-59.897
1.701,30.658,-63.000,15.370,-59.897
1.741,28.514,-62.000,15.446,-59.887
1.781,28.914,-61.000,15.605,-59.860
1.812,27.554,-60.000,15.764,-59.820
1.852,25.603,-60.000,16.063,-59.713
1.892,26.086,-59.000,16.201,-59.643
1.932,25.860,-58.000,16.346,-59.611
1.972,25.241,-57.000,16.536,-59.605
2.012,22.114,-57.000,16.683,-59.662
2.052,22.114,-57.000,16.790,-59.675
2.092,18.839,-56.000,16.790,-59.675
2.132,17.450,-52.000,17.128,-59.652
2.172,14.118,-48.000,17.272,-59.654
2.212,12.111,-46.000,17.415,-59.645
2.245,9.787,-45.000,17.566,-59.635
2.285,8.085,-44.000,17.816,-59.641
2.325,4.082,-40.000,17.816,-59.641
2.365,4.332,-36.000,17.903,-59.641
2.405,2.428,-36.000,18.139,-59.652
2.445,359.907,-35.000,18.567,-59.659
2.485,357.683,-33.000,18.786,-59.686
2.525,355.856,-30.000,18.951,-59.705
2.565,354.845,-28.000,19.106,-59.724
2.605,354.501,-28.000,19.334,-59.740
2.645,354.501,-27.000,19.468,-59.760
2.685,354.440,-27.000,19.468,-59.760
2.725,353.685,-27.000,19.615,-59.790
2.765,351.368,-26.000,19.890,-59.817
2.805,352.211,-24.000,20.043,-59.829
2.846,353.132,-24.000,20.275,-59.853
2.886,353.427,-25.000,20.430,-59.855
2.926,353.427,-25.000,20.570,-59.860
2.966,354.380,-26.000,20.570,-59.860
3.006,355.467,-27.000,20.876,-59.866
3.046,358.896,-27.000,21.019,-59.877
3.073,358.896,-28.000,21.269,-59.839
3.094,0.891,-28.000,21.269,-59.839
3.119,1.592,-29.000,21.528,-59.832
3.159,3.085,-33.000,21.657,-59.822
3.199,4.882,-34.000,21.864,-59.800
3.239,6.481,-35.000,22.061,-59.774
3.279,6.795,-36.000,22.292,-59.738
3.319,7.227,-38.000,22.530,-59.672
3.359,9.863,-38.000,22.708,-59.595
3.399,9.889,-39.000,22.813,-59.562
3.439,11.872,-41.000,22.939,-59.547
3.479,14.951,-41.000,23.048,-59.521
3.519,14.951,-43.000,23.181,-59.467
3.559,15.822,-47.000,23.318,-59.418
3.599,17.633,-48.000,23.486,-59.362
3.639,19.004,-48.000,23.607,-59.306
3.679,20.532,-49.000,23.721,-59.288
3.719,21.215,-51.000,23.884,-59.290
3.759,22.263,-52.000,24.053,-59.260
3.799,22.263,-53.000,24.053,-59.260
3.831,21.218,-54.000,24.369,-59.177
3.871,21.283,-54.000,24.369,-59.177
3.911,20.086,-54.000,24.708,-59.071
3.951,19.584,-53.000,24.850,-59.025
3.991,18.426,-52.000,24.850,-59.025
4.031,19.332,-51.000,25.184,-58.954
4.071,17.626,-51.000,25.305,-58.928
4.111,17.626,-50.000,25.510,-58.884
4.152,17.573,-50.000,25.510,-58.884
4.192,16.377,-50.000,25.635,-58.860
4.232,15.014,-49.000,25.865,-58.808
4.272,14.369,-48.000,26.009,-58.785
4.312,13.550,-48.000,26.231,-58.753
4.352,14.136,-47.000,26.368,-58.740
4.392,14.136,-46.000,26.528,-58.701
4.432,12.500,-46.000,26.528,-58.701
4.472,12.646,-45.000,26.737,-58.675
4.512,12.752,-45.000,26.882,-58.654
4.552,12.426,-45.000,27.029,-58.640
4.592,11.469,-45.000,27.479,-58.613
4.632,9.173,-44.000,27.644,-58.606
4.672,9.173,-43.000,27.854,-58.591
4.712,9.356,-42.000,27.854,-58.591
4.752,8.524,-42.000,28.232,-58.552
4.792,7.290,-41.000,28.232,-58.552
4.824,7.651,-40.000,28.504,-58.514
4.864,6.326,-40.000,28.656,-58.495
4.904,7.574,-39.000,28.861,-58.493
4.944,6.772,-39.000,29.083,-58.465
4.984,6.772,-39.000,29.255,-58.439
5.024,7.126,-38.000,29.308,-58.454
5.064,7.126,-38.000,29.459,-58.444
5.104,6.205,-39.000,29.459,-58.444
5.144,5.890,-38.000,29.654,-58.407
5.184,7.465,-38.000,29.866,-58.377
5.224,6.646,-39.000,30.031,-58.335
5.264,8.015,-40.000,30.422,-58.288
5.304,9.492,-41.000,30.422,-58.288
5.344,11.021,-42.000,30.782,-58.163
5.384,10.294,-43.000,30.782,-58.163
5.424,12.554,-44.000,30.878,-58.079
5.464,13.883,-44.000,30.943,-57.990
5.504,16.145,-45.000,31.029,-57.979
5.544,14.438,-46.000,31.025,-58.040
5.584,12.230,-47.000,31.007,-58.041
5.624,12.230,-47.000,30.995,-58.101
5.664,4.151,-45.000,30.995,-58.101
5.704,357.181,-41.000,31.024,-58.148
5.744,347.237,-35.000,31.028,-58.195
5.784,334.137,-28.000,31.020,-58.299
5.815,334.137,-23.000,31.028,-58.373
5.855,313.185,-16.000,31.024,-58.388
5.895,307.564,-8.000,31.028,-58.416
5.935,301.547,0.000,31.027,-58.431
5.975,299.118,9.000,31.039,-58.458
6.015,298.533,17.000,31.023,-58.484
6.055,297.278,24.000,31.051,-58.556
6.095,297.278,28.000,31.058,-58.586
6.135,295.925,32.000,31.053,-58.597
6.168,294.313,33.000,31.053,-58.597
6.208,293.314,33.000,31.018,-58.620
6.248,289.011,34.000,30.995,-58.641
6.288,285.831,34.000,30.954,-58.656
6.328,282.788,36.000,30.885,-58.703
6.368,278.393,40.000,30.892,-58.734
6.408,276.178,46.000,30.896,-58.759
6.448,271.297,50.000,30.868,-58.778
6.488,268.776,55.000,30.868,-58.778
6.528,266.703,59.000,30.902,-58.958
6.568,265.202,63.000,30.902,-58.958
6.608,265.196,63.000,30.889,-59.098
6.648,266.577,63.000,30.857,-59.272
6.688,267.003,62.000,30.819,-59.571
6.728,266.131,61.000,30.798,-59.698
6.768,267.759,61.000,30.798,-59.698
6.808,267.394,61.000,30.777,-59.941
6.839,267.201,61.000,30.780,-60.133
6.879,269.514,61.000,30.780,-60.133
6.919,270.694,59.000,30.806,-60.442
6.959,272.961,58.000,30.806,-60.442
6.999,278.188,56.000,30.835,-60.676
7.039,280.165,52.000,30.903,-60.731
7.079,284.132,48.000,30.990,-60.779
7.119,293.819,44.000,31.105,-60.853
7.159,297.160,40.000,31.201,-60.959
7.199,297.160,35.000,31.246,-61.016
7.239,298.760,31.000,31.246,-61.016
7.279,303.591,29.000,31.375,-61.186
7.319,308.528,27.000,31.375,-61.186
7.359,309.802,23.000,31.548,-61.357
7.399,315.100,19.000,31.591,-61.411
7.439,317.627,15.000,31.591,-61.411
7.479,319.627,11.000,31.642,-61.497
7.519,321.257,7.000,31.691,-61.586
7.559,321.209,5.000,31.741,-61.605
7.599,324.822,5.000,31.842,-61.714
7.639,325.353,5.000,31.971,-61.810
7.679,325.845,3.000,32.214,-62.032
7.719,325.808,2.000,32.346,-62.158
7.759,327.298,2.000,32.435,-62.193
7.799,326.471,1.000,32.435,-62.193
7.830,327.882,1.000,32.594,-62.331
7.870,327.620,1.000,32.769,-62.461
7.910,327.137,1.000,32.950,-62.597
7.950,326.945,1.000,33.189,-62.770
7.990,327.342,1.000,33.300,-62.888
8.030,327.342,0.000,33.494,-63.055
8.061,326.459,0.000,33.494,-63.055
8.101,325.985,2.000,33.618,-63.152
8.132,324.855,2.000,33.742,-63.248
8.172,325.088,2.000,33.845,-63.331
8.212,324.104,3.000,34.012,-63.474
8.252,324.116,3.000,34.190,-63.633
8.292,324.116,3.000,34.340,-63.752
8.332,321.171,3.000,34.463,-63.862
8.372,320.509,5.000,34.567,-63.957
8.412,319.873,7.000,34.876,-64.229
8.452,317.817,8.000,34.991,-64.336
8.492,316.647,11.000,35.137,-64.490
8.532,315.066,12.000,35.241,-64.611
8.572,315.066,12.000,35.382,-64.782
8.612,314.404,12.000,35.382,-64.782
8.652,312.856,13.000,35.450,-64.927
8.692,311.047,15.000,35.488,-65.094
8.732,309.784,17.000,35.500,-65.227
8.772,307.942,19.000,35.545,-65.361
8.803,307.280,20.000,35.597,-65.457
8.825,307.280,20.000,35.597,-65.457
8.847,306.885,20.000,35.682,-65.572
8.869,306.072,21.000,35.755,-65.701
8.888,306.072,21.000,35.823,-65.817
8.938,304.568,22.000,35.899,-65.873
8.978,304.695,23.000,36.010,-66.020
9.018,304.904,23.000,36.128,-66.178
9.058,305.590,23.000,36.334,-66.428
9.098,307.113,23.000,36.409,-66.549
9.138,307.722,22.000,36.577,-66.715
9.178,309.080,20.000,36.752,-66.899
9.218,310.500,19.000,36.795,-66.958
9.258,312.084,17.000,36.876,-67.051
9.298,312.988,17.000,36.991,-67.167
9.338,312.988,16.000,37.057,-67.289
9.378,314.000,15.000,37.127,-67.467
9.418,314.000,14.000,37.200,-67.604
9.458,312.244,14.000,37.210,-67.662
9.498,313.123,15.000,37.210,-67.662
9.538,312.249,15.000,37.271,-67.868
9.578,310.384,15.000,37.362,-68.016
9.618,309.770,15.000,37.475,-68.227
9.658,309.092,17.000,37.519,-68.292
9.698,307.616,18.000,37.632,-68.501
9.738,308.296,18.000,37.712,-68.627
9.778,308.296,20.000,37.820,-68.822
9.809,306.471,21.000,37.820,-68.822
9.849,305.405,21.000,38.013,-69.140
9.889,305.254,22.000,38.013,-69.140
9.929,303.942,23.000,38.198,-69.441
9.969,305.792,24.000,38.341,-69.613
10.009,305.410,25.000,38.508,-69.741
10.049,305.690,23.000,38.617,-69.807
10.089,308.088,22.000,38.726,-69.952
10.129,310.811,21.000,39.007,-70.242
10.169,312.257,17.000,39.120,-70.356
10.209,313.236,15.000,39.230,-70.448
10.249,315.713,15.000,39.393,-70.576
10.289,315.713,15.000,39.483,-70.658
10.329,318.337,13.000,39.483,-70.658
10.369,318.826,9.000,39.542,-70.698
10.409,320.850,9.000,39.666,-70.752
10.449,321.280,8.000,39.784,-70.780
10.489,323.905,7.000,39.899,-70.775
10.529,328.452,6.000,40.053,-70.721
10.569,328.452,5.000,40.142,-70.731
10.609,334.812,1.000,40.142,-70.731
10.649,336.615,-3.000,40.203,-70.743
10.689,342.260,-8.000,40.370,-70.797
10.729,345.072,-12.000,40.522,-70.815
10.769,350.433,-15.000,40.709,-70.827
10.809,354.615,-17.000,40.896,-70.824
10.850,359.892,-21.000,41.054,-70.717
10.890,5.746,-25.000,41.169,-70.647
10.930,10.584,-29.000,41.341,-70.627
10.970,13.034,-35.000,41.461,-70.596
11.010,13.034,-40.000,41.499,-70.579
11.050,15.308,-44.000,41.509,-70.597
11.090,15.605,-48.000,41.509,-70.597
11.130,15.399,-48.000,41.562,-70.649
11.163,12.136,-48.000,41.638,-70.677
11.203,9.408,-48.000,41.705,-70.682
11.243,9.408,-47.000,41.875,-70.686
11.283,6.678,-43.000,42.083,-70.666
11.323,1.615,-39.000,42.233,-70.673
11.363,358.856,-35.000,42.410,-70.672
11.403,355.541,-33.000,42.587,-70.675
11.443,352.989,-31.000,42.738,-70.682
11.483,351.698,-27.000,42.855,-70.694
11.523,350.955,-23.000,43.012,-70.712
11.563,350.360,-23.000,43.178,-70.746
11.603,349.154,-23.000,43.338,-70.800
11.643,346.888,-23.000,43.495,-70.840
11.683,346.106,-21.000,43.581,-70.893
11.723,346.232,-18.000,43.694,-70.935
11.763,345.829,-18.000,43.786,-70.995
11.803,344.127,-18.000,43.946,-71.058
11.844,343.462,-18.000,44.019,-71.058
11.884,343.462,-17.000,44.133,-71.090
11.924,343.258,-16.000,44.242,-71.123
11.964,342.218,-16.000,44.410,-71.170
12.004,342.218,-16.000,44.514,-71.187
12.044,342.038,-15.000,44.620,-71.223
12.084,343.019,-15.000,44.793,-71.278
12.124,343.441,-15.000,44.910,-71.294
12.155,343.441,-15.000,44.910,-71.294
12.195,346.122,-15.000,45.086,-71.294
12.235,347.154,-16.000,45.389,-71.257
12.275,349.466,-20.000,45.389,-71.257
12.315,353.245,-22.000,45.535,-71.241
12.355,355.047,-24.000,45.681,-71.231
12.395,357.743,-25.000,45.781,-71.240
12.435,1.891,-27.000,45.900,-71.258
12.475,2.482,-31.000,45.998,-71.267
12.515,3.042,-35.000,46.213,-71.342
12.555,5.285,-36.000,46.307,-71.459
12.595,3.478,-37.000,46.368,-71.506
12.635,2.702,-36.000,46.368,-71.506
12.675,2.177,-34.000,46.476,-71.511
12.715,0.165,-34.000,46.677,-71.512
12.755,358.743,-34.000,46.863,-71.531
12.795,357.964,-33.000,46.991,-71.546
12.826,356.974,-32.000,47.122,-71.578
12.866,355.532,-29.000,47.314,-71.633
12.906,354.598,-28.000,47.456,-71.659
12.946,353.298,-28.000,47.591,-71.706
12.986,350.735,-27.000,47.706,-71.734
13.026,348.485,-26.000,47.869,-71.836
13.062,346.008,-24.000,48.041,-71.916
13.083,346.008,-22.000,48.041,-71.916
13.105,343.551,-20.000,48.248,-71.990
13.139,342.445,-17.000,48.397,-72.048
13.179,341.157,-15.000,48.525,-72.109
13.219,340.537,-15.000,48.687,-72.184
13.259,339.214,-14.000,48.818,-72.218
13.299,339.214,-13.000,48.961,-72.246
13.339,340.462,-12.000,48.961,-72.246
13.379,340.722,-12.000,49.061,-72.266
13.419,342.785,-12.000,49.206,-72.292
13.459,344.559,-13.000,49.325,-72.301
13.499,347.601,-15.000,49.533,-72.297
13.539,348.998,-17.000,49.680,-72.312
13.579,352.528,-19.000,49.794,-72.312
13.619,355.398,-21.000,49.914,-72.312
13.659,0.353,-25.000,50.078,-72.216
13.699,5.428,-30.000,50.224,-72.134
13.739,12.124,-35.000,50.397,-72.112
13.779,17.259,-40.000,50.714,-72.055
13.811,19.514,-45.000,50.714,-72.055
13.851,24.851,-50.000,50.865,-72.028
13.891,26.334,-52.000,51.011,-71.969
13.931,29.917,-54.000,51.193,-71.875
13.971,31.435,-57.000,51.293,-71.792
14.011,33.906,-62.000,51.447,-71.651
14.051,33.906,-64.000,51.538,-71.538
14.091,33.779,-65.000,51.631,-71.429
14.131,37.333,-66.000,51.721,-71.331
14.171,39.958,-67.000,51.871,-71.196
14.211,39.389,-70.000,51.986,-71.047
14.251,40.931,-72.000,52.104,-70.898
14.291,42.647,-72.000,52.252,-70.740
14.331,43.572,-72.000,52.360,-70.646
14.371,45.039,-74.000,52.462,-70.539
14.411,45.496,-75.000,52.608,-70.368
14.451,46.045,-77.000,52.745,-70.203
14.491,46.259,-77.000,52.817,-70.122
14.531,46.786,-78.000,52.904,-70.019
14.571,47.078,-78.000,53.056,-69.880
14.611,46.720,-78.000,53.165,-69.754
14.651,47.086,-79.000,53.273,-69.675
14.691,47.086,-79.000,53.387,-69.571
14.731,46.666,-79.000,53.551,-69.427
14.771,45.301,-79.000,53.551,-69.427
14.811,44.313,-78.000,53.711,-69.286
14.842,44.257,-77.000,53.765,-69.248
14.882,45.345,-77.000,53.884,-69.132
14.922,43.752,-77.000,53.994,-69.019
14.962,42.928,-77.000,54.156,-68.901
15.002,42.303,-76.000,54.261,-68.829
15.042,43.594,-75.000,54.366,-68.775
15.082,43.594,-75.000,54.527,-68.621
15.122,42.940,-75.000,54.699,-68.463
15.162,42.861,-75.000,54.699,-68.463
15.202,42.411,-75.000,55.071,-68.141
15.242,40.080,-75.000,55.205,-68.051
15.282,40.080,-74.000,55.349,-68.020
15.322,40.369,-73.000,55.349,-68.020
15.362,38.835,-73.000,55.462,-67.984
15.402,39.236,-71.000,55.573,-67.952
15.442,36.896,-71.000,55.787,-67.870
15.482,35.066,-71.000,55.982,-67.788
15.522,33.776,-70.000,56.178,-67.682
15.562,31.381,-67.000,56.334,-67.580
15.602,31.607,-65.000,56.481,-67.503
15.642,30.465,-63.000,56.725,-67.346
15.682,29.823,-62.000,56.905,-67.241
15.722,29.241,-62.000,57.008,-67.151
15.762,29.625,-62.000,57.020,-67.059
15.802,28.455,-62.000,57.020,-67.059
15.833,30.508,-61.000,57.027,-66.922
15.873,33.370,-60.000,57.063,-66.781
15.913,37.028,-62.000,57.180,-66.639
15.953,39.283,-66.000,57.209,-66.616
15.993,41.443,-70.000,57.299,-66.475
16.033,41.443,-72.000,57.414,-66.295
16.073,45.360,-73.000,57.444,-66.228
16.113,47.478,-75.000,57.444,-66.228
16.144,50.929,-78.000,57.550,-66.042
16.178,54.682,-81.000,57.613,-65.974
16.218,59.465,-83.000,57.700,-65.816
16.258,64.014,-85.000,57.794,-65.629
16.298,66.407,-89.000,57.830,-65.495
16.338,68.908,-94.000,57.853,-65.369
16.378,72.801,-98.000,57.887,-65.195
16.418,77.275,-101.000,57.929,-65.006
16.458,81.597,-103.000,57.948,-64.806
16.498,83.466,-106.000,57.947,-64.440
16.538,88.123,-112.000,57.947,-64.440
16.578,90.460,-117.000,57.907,-64.048
16.618,94.828,-122.000,57.855,-63.823
16.658,98.813,-126.000,57.830,-63.710
16.698,101.820,-130.000,57.723,-63.489
16.738,104.523,-134.000,57.723,-63.489
16.778,105.757,-137.000,57.580,-63.205
16.809,109.547,-138.000,57.580,-63.205
16.849,112.228,-141.000,57.494,-63.093
16.889,113.665,-142.000,57.394,-62.965
16.929,116.286,-143.000,57.215,-62.705
16.969,120.086,-147.000,57.107,-62.587
17.009,125.759,-151.000,57.009,-62.499
17.049,127.689,-155.000,56.873,-62.397
17.089,134.811,-159.000,56.734,-62.306
17.129,138.044,-164.000,56.526,-62.272
17.169,140.884,-167.000,56.422,-62.242
17.209,146.607,-169.000,56.298,-62.181
17.249,146.607,-173.000,56.167,-62.134
17.289,149.775,-177.000,56.050,-62.109
17.329,157.026,-181.000,55.920,-62.076
17.369,159.175,-185.000,55.814,-62.066
17.409,162.129,-189.000,55.717,-62.044
17.449,164.226,-192.000,55.636,-61.998
17.489,165.642,-194.000,55.608,-61.972
17.529,166.644,-196.000,55.545,-61.885
17.569,165.214,-198.000,55.461,-61.763
17.609,163.056,-198.000,55.304,-61.658
17.649,160.952,-198.000,55.132,-61.589
17.689,160.128,-196.000,55.010,-61.539
17.729,159.020,-192.000,54.890,-61.491
17.769,158.012,-192.000,54.762,-61.426
17.809,155.942,-192.000,54.571,-61.325
17.840,155.942,-191.000,54.447,-61.235
17.880,154.463,-188.000,54.447,-61.235
17.920,152.635,-185.000,54.334,-61.167
17.960,151.279,-184.000,54.125,-60.996
18.000,147.390,-184.000,53.990,-60.859
18.040,143.939,-182.000,53.803,-60.727
18.071,143.939,-179.000,53.634,-60.586
18.111,140.846,-175.000,53.557,-60.535
18.152,140.846,-173.000,53.396,-60.375
18.192,139.146,-173.000,53.396,-60.375
18.232,137.834,-172.000,53.114,-60.132
18.272,136.687,-170.000,52.933,-59.986
18.312,132.757,-169.000,52.809,-59.863
18.352,131.402,-167.000,52.756,-59.826
18.392,131.045,-165.000,52.663,-59.760
18.432,131.045,-164.000,52.551,-59.633
18.472,129.752,-164.000,52.551,-59.633
18.512,128.218,-162.000,52.456,-59.531
18.552,127.017,-160.000,52.263,-59.249
18.592,124.683,-160.000,52.138,-59.044
18.632,122.642,-159.000,52.050,-58.889
18.672,120.107,-155.000,52.050,-58.889
18.712,119.175,-152.000,51.982,-58.764
18.752,117.002,-151.000,51.940,-58.651
18.792,114.812,-151.000,51.907,-58.565
18.825,112.820,-150.000,51.841,-58.401
18.865,110.948,-146.000,51.739,-57.987
18.905,107.024,-142.000,51.688,-57.855
18.945,105.359,-140.000,51.642,-57.711
18.985,103.628,-140.000,51.596,-57.572
19.025,102.150,-138.000,51.417,-57.320
19.065,102.026,-134.000,51.417,-57.320
19.105,102.123,-134.000,51.243,-57.110
19.145,104.067,-134.000,51.195,-57.006
19.185,105.020,-135.000,51.142,-56.896
19.225,107.319,-136.000,51.085,-56.796
19.265,109.450,-138.000,51.026,-56.700
19.305,110.685,-139.000,50.904,-56.513
19.345,114.554,-141.000,50.848,-56.399
19.385,114.554,-145.000,50.814,-56.345
19.425,115.614,-147.000,50.718,-56.194
19.465,119.041,-147.000,50.615,-56.081
19.505,123.246,-149.000,50.534,-55.986
19.545,125.317,-152.000,50.436,-55.897
19.585,126.859,-156.000,50.351,-55.788
19.625,130.082,-159.000,50.260,-55.663
19.665,129.798,-159.000,50.122,-55.507
19.705,134.867,-160.000,50.020,-55.419
19.745,134.867,-164.000,49.903,-55.269
19.785,137.881,-168.000,49.798,-55.165
19.817,138.808,-170.000,49.682,-55.033
19.857,140.905,-170.000,49.566,-54.944
19.897,141.441,-172.000,49.452,-54.857
19.937,141.903,-172.000,49.353,-54.798
19.977,143.891,-173.000,49.272,-54.721
20.017,145.741,-173.000,49.194,-54.653
20.057,144.369,-175.000,49.132,-54.588
20.097,147.126,-178.000,48.946,-54.378
20.128,146.566,-179.000,48.832,-54.310
20.168,145.906,-179.000,48.718,-54.236
20.208,145.967,-178.000,48.628,-54.193
20.248,146.260,-178.000,48.545,-54.131
20.288,146.260,-178.000,48.435,-54.064
20.328,147.065,-178.000,48.435,-54.064
20.368,146.460,-179.000,48.156,-53.892
20.408,146.219,-179.000,48.079,-53.822
20.448,145.933,-179.000,47.993,-53.750
20.488,145.541,-178.000,47.895,-53.685
20.528,143.765,-178.000,47.791,-53.623
20.568,144.416,-178.000,47.681,-53.517
20.608,143.714,-177.000,47.584,-53.446
20.648,143.433,-177.000,47.292,-53.271
20.688,139.890,-176.000,47.292,-53.271
20.728,135.685,-174.000,47.131,-53.149
20.768,135.489,-170.000,47.062,-53.074
20.808,135.069,-167.000,46.984,-52.976
20.849,132.771,-167.000,46.857,-52.838
20.889,131.712,-167.000,46.769,-52.744
20.929,130.619,-165.000,46.721,-52.693
20.969,129.913,-163.000,46.637,-52.610
21.009,129.913,-162.000,46.495,-52.461
21.049,127.967,-162.000,46.393,-52.368
21.089,127.667,-160.000,46.393,-52.368
21.129,127.177,-160.000,46.174,-52.183
21.161,128.110,-160.000,46.174,-52.183
21.201,128.627,-160.000,46.069,-52.098
21.241,132.062,-160.000,45.938,-52.000
21.281,132.576,-160.000,45.782,-51.902
21.321,132.920,-162.000,45.662,-51.838
21.361,134.381,-165.000,45.581,-51.794
21.401,138.784,-167.000,45.493,-51.714
21.441,139.849,-168.000,45.352,-51.572
21.481,143.005,-169.000,45.231,-51.499
21.521,143.005,-172.000,45.066,-51.406
21.561,145.844,-173.000,45.066,-51.406
21.601,147.489,-177.000,44.925,-51.338
21.641,149.871,-180.000,44.615,-51.179
21.681,151.637,-182.000,44.464,-51.123
21.721,154.777,-183.000,44.310,-51.064
21.761,159.263,-185.000,44.125,-50.993
21.801,161.139,-186.000,43.922,-50.932
21.832,163.231,-187.000,43.715,-50.874
21.872,164.917,-191.000,43.572,-50.850
21.912,168.121,-195.000,43.370,-50.794
21.952,170.380,-197.000,43.151,-50.766
21.992,173.440,-199.000,42.973,-50.744
22.032,172.716,-203.000,42.893,-50.764
22.072,177.116,-205.000,42.725,-50.765
22.112,177.774,-205.000,42.581,-50.761
22.152,178.266,-207.000,42.496,-50.773
22.192,181.415,-210.000,42.315,-50.775
22.232,182.063,-211.000,42.175,-50.785
22.272,184.289,-213.000,42.056,-50.762
22.312,185.359,-215.000,41.759,-50.758
22.352,186.887,-216.000,41.649,-50.794
22.392,187.486,-219.000,41.520,-50.812
22.432,188.404,-220.000,41.330,-50.850
22.472,188.404,-220.000,41.121,-50.876
22.512,190.901,-220.000,40.989,-50.904
22.552,191.796,-221.000,40.860,-50.933
22.592,192.651,-223.000,40.674,-50.994
22.632,192.651,-223.000,40.544,-51.028
22.672,193.479,-224.000,40.436,-51.048
22.712,194.888,-226.000,40.308,-51.076
22.752,195.914,-227.000,40.181,-51.091
22.792,194.575,-227.000,40.060,-51.104
22.824,195.149,-227.000,40.006,-51.036
22.864,193.981,-227.000,39.907,-50.921
22.904,190.626,-227.000,39.794,-50.891
22.944,188.454,-225.000,39.675,-50.835
22.984,186.361,-223.000,39.538,-50.772
23.024,183.483,-221.000,39.368,-50.756
23.060,183.483,-219.000,39.237,-50.760
23.081,182.559,-218.000,39.237,-50.760
23.103,181.176,-217.000,39.103,-50.756
23.139,180.260,-213.000,38.965,-50.756
23.179,179.504,-213.000,38.837,-50.763
23.219,177.712,-213.000,38.599,-50.726
23.259,176.160,-211.000,38.599,-50.726
23.299,175.534,-208.000,38.479,-50.698
23.339,174.368,-207.000,38.278,-50.646
23.379,173.773,-207.000,38.140,-50.617
23.419,175.045,-206.000,37.970,-50.545
23.459,177.084,-206.000,37.815,-50.502
23.499,180.979,-207.000,37.686,-50.481
23.539,184.691,-208.000,37.553,-50.467
23.579,187.266,-212.000,37.423,-50.474
23.619,190.193,-216.000,37.304,-50.486
23.659,193.107,-220.000,37.193,-50.518
23.699,196.050,-225.000,37.030,-50.573
23.739,199.414,-229.000,36.839,-50.625
23.779,202.015,-232.000,36.594,-50.730
23.811,205.315,-233.000,36.479,-50.780
23.851,209.294,-236.000,36.316,-50.847
23.891,209.294,-240.000,36.128,-50.928
23.931,211.225,-242.000,36.128,-50.928
23.971,210.218,-243.000,36.077,-50.976
24.011,213.058,-243.000,35.960,-50.970
24.051,212.835,-245.000,35.810,-51.051
24.091,214.871,-245.000,35.702,-51.096
24.131,215.991,-247.000,35.702,-51.096
24.162,217.845,-247.000,35.556,-51.227
24.202,217.370,-247.000,35.432,-51.291
24.242,217.529,-249.000,35.394,-51.335
24.282,218.245,-249.000,35.286,-51.421
24.322,219.009,-249.000,35.172,-51.512
24.362,220.258,-250.000,34.951,-51.740
24.402,219.245,-252.000,34.880,-51.762
24.442,220.330,-252.000,34.825,-51.755
24.482,219.829,-252.000,34.788,-51.794
24.522,219.815,-252.000,34.788,-51.794
24.562,221.160,-252.000,34.749,-51.833
24.602,220.944,-253.000,34.749,-51.833
24.642,223.034,-253.000,34.701,-51.895
24.682,225.068,-254.000,34.614,-52.003
24.722,225.929,-258.000,34.548,-52.090
24.762,227.157,-258.000,34.390,-52.253
24.802,229.997,-259.000,34.298,-52.339
24.843,231.092,-260.000,34.223,-52.447
24.883,232.776,-261.000,34.120,-52.613
24.923,233.871,-263.000,33.972,-52.851
24.963,234.436,-265.000,33.877,-52.986
25.003,235.727,-267.000,33.798,-53.071
25.043,235.835,-267.000,33.767,-53.165
25.083,237.266,-267.000,33.647,-53.301
25.123,236.985,-268.000,33.579,-53.410
25.163,236.770,-269.000,33.558,-53.454
25.203,236.770,-269.000,33.495,-53.522
25.243,237.117,-269.000,33.412,-53.658
25.283,237.117,-270.000,33.392,-53.697
25.323,236.496,-270.000,33.343,-53.705
25.363,235.228,-269.000,33.343,-53.705
25.403,233.601,-268.000,33.278,-53.765
25.443,233.733,-265.000,33.278,-53.765
25.483,234.343,-265.000,33.206,-53.860
25.523,230.652,-266.000,33.150,-53.925
25.563,230.652,-265.000,33.110,-54.003
25.603,230.390,-263.000,33.030,-54.107
25.643,230.978,-262.000,32.984,-54.153
25.683,229.589,-262.000,32.904,-54.245
25.723,229.572,-262.000,32.904,-54.245
25.763,229.123,-262.000,32.863,-54.329
25.803,228.531,-262.000,32.756,-54.418
25.835,226.487,-262.000,32.737,-54.465
25.875,226.214,-261.000,32.711,-54.469
25.915,223.888,-259.000,32.697,-54.454
25.955,223.642,-256.000,32.679,-54.441
25.995,221.409,-255.000,32.663,-54.447
26.035,215.120,-254.000,32.637,-54.423
26.075,215.120,-252.000,32.575,-54.435
26.115,206.404,-248.000,32.575,-54.435
26.151,198.481,-243.000,32.511,-54.511
26.170,196.551,-240.000,32.500,-54.539
26.210,199.242,-235.000,32.485,-54.546
26.250,199.242,-230.000,32.414,-54.559
26.290,201.482,-228.000,32.392,-54.575
26.330,201.482,-228.000,32.400,-54.589
26.370,202.224,-231.000,32.407,-54.589
26.410,202.995,-235.000,32.413,-54.574
26.450,201.959,-236.000,32.400,-54.590
26.490,201.403,-235.000,32.392,-54.590
26.530,200.957,-234.000,32.394,-54.585
26.570,200.545,-233.000,32.390,-54.553
26.610,199.038,-233.000,32.353,-54.497
26.650,195.495,-233.000,32.272,-54.516
26.690,193.630,-232.000,32.229,-54.527
26.730,192.877,-230.000,32.203,-54.533
26.770,192.165,-226.000,32.187,-54.527
26.810,191.724,-224.000,32.079,-54.530
26.841,191.724,-224.000,32.005,-54.543
26.881,183.510,-224.000,31.995,-54.494
26.921,183.510,-222.000,31.957,-54.450
26.961,177.364,-218.000,31.900,-54.461
27.001,175.368,-214.000,31.789,-54.431
27.041,173.736,-210.000,31.652,-54.403
27.081,172.392,-207.000,31.469,-54.383
27.121,171.878,-206.000,31.335,-54.366
27.161,171.371,-204.000,31.190,-54.349
27.192,171.204,-204.000,31.034,-54.346
27.232,171.818,-204.000,30.814,-54.341
27.272,172.404,-204.000,30.679,-54.318
27.312,173.779,-204.000,30.533,-54.340
27.352,174.647,-204.000,30.439,-54.372
27.392,175.465,-206.000,30.341,-54.402
27.432,177.820,-207.000,30.182,-54.464
27.472,178.353,-208.000,30.182,-54.464
27.512,183.843,-211.000,30.026,-54.431
27.552,185.679,-213.000,29.992,-54.478
27.592,187.840,-216.000,29.800,-54.492
27.632,193.537,-221.000,29.697,-54.582
27.672,196.692,-225.000,29.568,-54.684
27.712,198.944,-226.000,29.443,-54.744
27.752,203.565,-227.000,29.328,-54.774
27.792,205.459,-231.000,29.247,-54.817
27.823,207.105,-235.000,29.115,-54.871
27.863,210.090,-238.000,28.930,-54.966
27.903,210.947,-239.000,28.799,-55.057
27.943,214.068,-243.000,28.600,-55.147
27.983,214.068,-243.000,28.513,-55.269
28.023,210.553,-245.000,28.408,-55.286
28.059,215.437,-245.000,28.260,-55.366
28.080,216.464,-246.000,28.260,-55.366
28.102,216.668,-247.000,28.120,-55.438
28.139,216.668,-249.000,27.949,-55.560
28.179,217.583,-249.000,27.845,-55.624
28.219,217.464,-249.000,27.845,-55.624
28.259,219.672,-249.000,27.622,-55.810
28.299,216.586,-250.000,27.622,-55.810
28.339,219.118,-251.000,27.429,-55.886
28.379,220.156,-251.000,27.272,-56.016
28.419,220.519,-252.000,27.000,-56.276
28.459,220.375,-253.000,26.897,-56.393
28.499,220.420,-253.000,26.802,-56.492
28.539,221.147,-253.000,26.670,-56.600
28.579,220.882,-253.000,26.508,-56.741
28.619,220.882,-253.000,26.418,-56.878
28.659,220.075,-253.000,26.418,-56.878
28.699,219.056,-253.000,26.378,-56.909
28.739,217.623,-252.000,26.315,-56.794
28.779,215.399,-250.000,26.245,-56.768
28.810,215.399,-249.000,26.245,-56.768
28.842,213.520,-248.000,26.133,-56.810
28.882,212.486,-245.000,26.021,-56.882
28.922,211.362,-244.000,25.900,-56.949
28.962,210.354,-244.000,25.552,-57.147
29.002,208.550,-243.000,25.552,-57.147
29.042,207.121,-241.000,25.398,-57.202
29.082,205.629,-240.000,25.111,-57.283
29.114,201.869,-238.000,25.111,-57.283
29.154,199.442,-235.000,25.079,-57.265
29.194,197.013,-231.000,25.081,-57.272
29.234,194.084,-229.000,25.062,-57.271
29.274,192.859,-229.000,25.061,-57.272
29.314,192.078,-227.000,25.061,-57.278
29.354,190.827,-225.000,25.027,-57.288
29.394,189.764,-225.000,25.023,-57.287
29.434,189.764,-223.000,24.998,-57.294
29.474,190.223,-222.000,24.952,-57.310
29.514,189.865,-222.000,24.842,-57.351
29.554,191.559,-222.000,24.725,-57.416
29.594,192.866,-222.000,24.547,-57.478
29.634,194.547,-223.000,24.404,-57.530
29.674,194.544,-224.000,24.346,-57.534
29.714,194.544,-227.000,24.335,-57.498
29.754,194.807,-227.000,24.324,-57.507
29.794,196.199,-227.000,24.296,-57.484
29.826,196.199,-227.000,24.310,-57.516
29.866,195.529,-228.000,24.308,-57.507
29.906,197.009,-228.000,24.286,-57.505
29.946,196.304,-228.000,24.271,-57.504
29.986,196.416,-229.000,24.273,-57.500
30.026,196.416,-229.000,24.264,-57.496
30.066,196.252,-229.000,24.273,-57.525
30.106,194.767,-229.000,24.273,-57.513
30.146,194.471,-228.000,24.285,-57.507
30.186,194.999,-227.000,24.294,-57.511
30.226,193.990,-227.000,24.274,-57.506
30.266,194.039,-226.000,24.286,-57.500
30.306,193.950,-226.000,24.288,-57.500
30.346,193.953,-226.000,24.291,-57.500
30.386,193.809,-226.000,24.294,-57.501
30.426,194.167,-226.000,24.287,-57.502
30.466,192.967,-226.000,24.279,-57.500
30.506,192.967,-226.000,24.273,-57.502
30.546,193.021,-225.000,24.289,-57.502
30.586,193.236,-225.000,24.303,-57.508
30.626,193.368,-225.000,24.285,-57.507
30.666,193.354,-225.000,24.283,-57.508
30.706,193.439,-225.000,24.280,-57.511
30.746,193.300,-225.000,24.279,-57.510
30.786,193.653,-225.000,24.285,-57.505
30.817,193.838,-225.000,24.283,-57.510
30.857,195.140,-225.000,24.284,-57.519
30.897,195.149,-226.000,24.292,-57.516
30.937,195.067,-227.000,24.296,-57.504
30.977,194.477,-228.000,24.292,-57.507
31.017,194.662,-227.000,24.289,-57.510
31.057,194.769,-227.000,24.280,-57.512
31.097,195.126,-227.000,24.268,-57.517
31.137,195.361,-227.000,24.268,-57.517
31.168,195.700,-227.000,24.263,-57.517
31.208,194.849,-227.000,24.272,-57.531
31.248,195.543,-227.000,24.287,-57.529
31.288,195.543,-227.000,24.290,-57.509
31.328,194.935,-227.000,24.274,-57.518
31.368,193.032,-227.000,24.281,-57.511
31.408,192.658,-226.000,24.278,-57.512
31.448,193.030,-225.000,24.278,-57.512
31.488,193.590,-225.000,24.298,-57.508
31.528,194.147,-225.000,24.298,-57.508
31.568,195.100,-226.000,24.296,-57.501
31.608,194.765,-227.000,24.296,-57.501
31.648,195.666,-227.000,24.302,-57.505
31.688,196.759,-227.000,24.303,-57.508
31.728,196.919,-228.000,24.309,-57.507
31.768,196.079,-229.000,24.308,-57.516
31.808,195.536,-229.000,24.308,-57.516
31.839,195.693,-228.000,24.304,-57.504
31.879,195.463,-227.000,24.297,-57.501
31.919,194.660,-227.000,24.297,-57.501
31.959,194.354,-227.000,24.292,-57.508
31.999,195.222,-227.000,24.292,-57.508
32.039,196.414,-227.000,24.261,-57.520
32.079,199.682,-227.000,24.295,-57.556
32.119,206.289,-228.000,24.293,-57.569
32.150,206.289,-229.000,24.365,-57.575
32.190,225.514,-233.000,24.441,-57.596
32.230,232.204,-239.000,24.450,-57.613
32.270,238.566,-247.000,24.462,-57.657
32.310,250.164,-255.000,24.488,-57.729
32.350,253.948,-263.000,24.515,-57.717
32.390,262.041,-271.000,24.501,-57.694
32.430,268.122,-279.000,24.457,-57.691
32.470,271.205,-286.000,24.464,-57.717
32.510,271.640,-294.000,24.451,-57.742
32.550,271.640,-300.000,24.451,-57.781
32.590,272.127,-304.000,24.451,-57.781
32.630,273.699,-305.000,24.446,-57.849
32.670,273.975,-305.000,24.442,-57.858
32.710,273.113,-305.000,24.453,-57.908
32.750,273.953,-305.000,24.426,-57.958
32.790,272.692,-305.000,24.426,-57.958
32.821,271.973,-305.000,24.372,-58.038
32.861,271.614,-304.000,24.363,-58.149
32.901,271.313,-303.000,24.389,-58.318
32.941,271.313,-303.000,24.415,-58.574
32.981,269.960,-303.000,24.415,-58.574
33.021,269.262,-302.000,24.416,-58.825
33.052,268.703,-302.000,24.415,-59.092
33.092,264.015,-301.000,24.420,-59.308
33.132,268.169,-300.000,24.392,-59.491
33.163,268.169,-299.000,24.355,-59.661
33.203,265.208,-299.000,24.332,-59.802
33.243,263.331,-298.000,24.332,-59.802
33.283,262.008,-295.000,24.269,-59.988
33.323,260.024,-294.000,24.215,-60.197
33.363,258.831,-294.000,24.167,-60.353
33.403,257.242,-293.000,24.102,-60.562
33.443,257.242,-292.000,24.024,-60.795
33.483,254.886,-289.000,23.915,-61.050
33.523,254.230,-287.000,23.915,-61.050
33.563,251.329,-287.000,23.770,-61.507
33.603,248.424,-285.000,23.770,-61.507
33.643,248.564,-282.000,23.674,-61.748
33.683,248.658,-279.000,23.611,-61.907
33.723,247.441,-279.000,23.491,-62.139
33.763,245.388,-279.000,23.353,-62.368
33.796,244.536,-278.000,23.238,-62.539
33.836,245.397,-277.000,23.095,-62.721
33.876,245.397,-277.000,22.947,-62.917
33.916,243.672,-277.000,22.947,-62.917
33.956,240.587,-276.000,22.744,-63.134
33.996,237.898,-274.000,22.562,-63.273
34.036,236.101,-270.000,22.445,-63.369
34.076,233.174,-269.000,22.265,-63.542
34.116,231.239,-269.000,22.126,-63.663
34.156,231.239,-267.000,21.989,-63.792
34.196,227.971,-264.000,21.833,-63.958
34.236,227.971,-260.000,21.671,-64.137
34.276,221.811,-259.000,21.552,-64.306
34.316,221.811,-257.000,21.393,-64.458
34.356,223.615,-253.000,21.230,-64.653
34.396,220.926,-251.000,21.109,-64.839
34.436,218.841,-251.000,20.968,-64.898
34.476,214.778,-252.000,20.897,-64.787
34.516,214.778,-251.000,20.840,-64.756
34.556,211.253,-249.000,20.840,-64.756
34.596,203.508,-245.000,20.773,-64.601
34.636,195.695,-240.000,20.677,-64.492
34.676,186.028,-234.000,20.663,-64.502
34.716,179.439,-227.000,20.637,-64.497
34.756,168.818,-219.000,20.602,-64.487
34.796,168.818,-212.000,20.535,-64.463
34.827,167.370,-207.000,20.535,-64.463
34.867,167.105,-202.000,20.481,-64.422
34.907,166.917,-199.000,20.365,-64.376
34.947,167.117,-199.000,20.207,-64.349
34.987,167.117,-199.000,20.051,-64.324
35.027,168.555,-199.000,19.901,-64.298
35.067,170.182,-200.000,19.751,-64.274
35.107,171.455,-201.000,19.598,-64.254
35.147,175.549,-202.000,19.419,-64.228
35.187,176.101,-204.000,19.323,-64.230
35.227,181.145,-207.000,19.061,-64.259
35.267,184.566,-212.000,18.918,-64.316
35.307,186.931,-216.000,18.802,-64.366
35.347,191.075,-219.000,18.629,-64.419
35.387,195.271,-219.000,18.467,-64.494
35.427,197.625,-221.000,18.361,-64.533
35.467,200.363,-225.000,18.254,-64.587
35.507,204.928,-229.000,18.073,-64.670
35.547,204.419,-233.000,17.973,-64.732
35.587,210.822,-237.000,17.857,-64.830
35.627,213.202,-241.000,17.758,-64.930
35.667,216.099,-243.000,17.539,-65.140
35.707,219.735,-245.000,17.539,-65.140
35.747,226.550,-249.000,17.269,-65.515
35.787,233.540,-254.000,17.184,-65.659
35.818,233.540,-259.000,17.184,-65.659
35.858,238.861,-264.000,17.048,-66.023
35.898,242.526,-268.000,17.048,-66.023
35.938,246.883,-273.000,16.988,-66.279
35.978,250.140,-277.000,17.017,-66.461
36.018,260.527,-282.000,17.076,-66.495
36.058,264.656,-286.000,17.145,-66.618
36.098,271.304,-290.000,17.212,-66.775
36.134,276.175,-294.000,17.247,-66.910
36.158,277.834,-298.000,17.254,-66.964
36.198,282.804,-304.000,17.308,-67.098
36.238,286.250,-308.000,17.346,-67.213
36.278,289.800,-313.000,17.397,-67.392
36.318,292.186,-317.000,17.417,-67.535
36.358,294.369,-321.000,17.408,-67.652
36.398,294.683,-325.000,17.392,-67.743
36.438,294.683,-327.000,17.343,-67.851
36.478,294.537,-327.000,17.345,-67.882
36.518,293.180,-327.000,17.343,-67.988
36.558,293.251,-327.000,17.319,-68.019
36.598,291.812,-326.000,17.250,-68.139
36.638,291.812,-325.000,17.227,-68.245
36.678,288.609,-324.000,17.246,-68.418
36.718,288.609,-321.000,17.241,-68.655
36.758,286.423,-320.000,17.271,-68.848
36.798,283.170,-319.000,17.271,-68.848
36.829,280.589,-316.000,17.283,-69.085
36.869,278.059,-316.000,17.289,-69.472
36.909,276.054,-314.000,17.289,-69.472
36.949,274.477,-310.000,17.263,-69.593
36.989,272.851,-306.000,17.236,-69.717
37.029,268.751,-306.000,17.278,-69.812
37.069,266.735,-304.000,17.267,-69.854
37.109,267.594,-301.000,17.272,-69.839
37.149,268.648,-298.000,17.321,-69.862
37.189,273.412,-298.000,17.354,-69.859
37.229,284.943,-299.000,17.394,-69.837
37.269,292.448,-303.000,17.438,-69.845
37.309,298.291,-309.000,17.441,-69.837
37.349,307.769,-317.000,17.418,-69.891
37.389,313.585,-324.000,17.490,-69.985
37.429,316.669,-331.000,17.560,-70.046
37.469,319.755,-339.000,17.635,-70.146
37.509,324.795,-345.000,17.773,-70.283
37.549,329.256,-350.000,17.939,-70.434
37.589,329.256,-355.000,18.110,-70.550
37.629,328.286,-360.000,18.110,-70.550
37.669,331.875,-362.000,18.298,-70.680
37.709,333.774,-363.000,18.421,-70.756
37.749,335.049,-366.000,18.546,-70.844
37.789,336.581,-366.000,18.737,-70.963
37.820,336.581,-367.000,18.931,-71.042
37.860,338.405,-368.000,19.115,-71.167
37.900,338.447,-368.000,19.290,-71.261
37.940,339.155,-370.000,19.493,-71.385
37.980,338.482,-370.000,19.681,-71.484
38.020,339.417,-371.000,19.853,-71.598
38.051,339.674,-371.000,20.079,-71.705
38.091,339.674,-371.000,20.238,-71.772
38.131,339.580,-371.000,20.238,-71.772
38.162,339.585,-371.000,20.650,-71.997
38.202,338.555,-371.000,20.865,-72.109
38.242,338.096,-371.000,21.027,-72.182
38.282,337.676,-371.000,21.194,-72.267
38.322,336.526,-371.000,21.325,-72.343
38.362,336.040,-370.000,21.433,-72.410
38.402,336.232,-368.000,21.612,-72.526
38.442,333.956,-368.000,21.763,-72.589
38.482,333.956,-368.000,21.937,-72.704
38.522,331.853,-366.000,22.092,-72.849
38.562,330.242,-366.000,22.160,-72.903
38.602,330.242,-364.000,22.247,-73.005
38.642,329.152,-362.000,22.247,-73.005
38.682,327.084,-361.000,22.395,-73.177
38.722,326.003,-360.000,22.514,-73.281
38.762,325.396,-358.000,22.628,-73.364
38.795,324.164,-358.000,22.739,-73.439
38.835,326.698,-357.000,22.878,-73.543
38.875,325.375,-357.000,23.071,-73.688
38.915,323.991,-358.000,23.273,-73.841
38.955,323.540,-358.000,23.339,-73.887
38.995,324.625,-356.000,23.565,-74.021
39.035,326.226,-356.000,23.751,-74.115
39.075,328.850,-357.000,23.891,-74.162
39.115,330.332,-358.000,24.005,-74.192
39.155,331.599,-361.000,24.160,-74.206
39.195,331.599,-362.000,24.287,-74.231
39.235,332.923,-364.000,24.287,-74.231
39.275,337.473,-364.000,24.574,-74.349
39.315,339.595,-366.000,24.574,-74.349
39.355,341.074,-370.000,24.888,-74.449
39.395,342.406,-374.000,25.020,-74.512
39.435,344.415,-375.000,25.020,-74.512
39.475,346.741,-376.000,25.171,-74.591
39.515,348.847,-378.000,25.269,-74.635
39.555,350.533,-379.000,25.493,-74.673
39.595,350.451,-381.000,25.654,-74.702
39.635,352.376,-382.000,25.885,-74.750
39.675,352.766,-384.000,26.243,-74.849
39.715,353.681,-384.000,26.464,-74.892
39.755,353.468,-385.000,26.616,-74.925
39.795,353.315,-385.000,26.616,-74.925
39.826,352.863,-385.000,26.771,-74.957
39.866,352.565,-385.000,27.143,-75.055
39.906,350.485,-385.000,27.143,-75.055
39.946,349.715,-383.000,27.263,-75.106
39.986,347.934,-381.000,27.505,-75.259
40.026,347.497,-379.000,27.593,-75.333
40.066,341.936,-379.000,27.676,-75.408
40.106,339.418,-377.000,27.827,-75.480
40.137,339.418,-374.000,27.948,-75.546
40.177,335.418,-372.000,28.086,-75.646
40.217,333.046,-371.000,28.210,-75.708
40.257,331.790,-369.000,28.301,-75.787
40.297,330.053,-365.000,28.458,-75.906
40.337,329.184,-361.000,28.559,-75.977
40.377,328.281,-361.000,28.756,-76.143
40.417,327.521,-361.000,28.869,-76.225
40.457,326.107,-360.000,28.961,-76.325
40.497,326.265,-360.000,29.096,-76.409
40.537,325.894,-359.000,29.198,-76.451
40.577,324.797,-359.000,29.289,-76.494
40.617,325.165,-358.000,29.366,-76.495
40.657,326.300,-357.000,29.437,-76.431
40.697,326.300,-357.000,29.480,-76.402
40.737,326.096,-358.000,29.557,-76.420
40.777,329.700,-358.000,29.557,-76.420
40.808,328.462,-360.000,29.609,-76.407
40.848,334.582,-360.000,29.600,-76.398
40.888,337.038,-360.000,29.630,-76.386
40.928,337.038,-362.000,29.661,-76.372
40.968,343.205,-366.000,29.617,-76.352
41.008,343.205,-370.000,29.612,-76.306
41.048,349.639,-374.000,29.587,-76.327
41.088,3.867,-379.000,29.587,-76.327
41.128,20.745,-385.000,29.539,-76.288
41.161,38.736,-392.000,29.428,-76.247
41.201,48.505,-401.000,29.399,-76.248
41.241,60.255,-411.000,29.342,-76.293
41.281,66.328,-422.000,29.276,-76.309
41.321,69.662,-434.000,29.275,-76.303
41.361,77.986,-444.000,29.237,-76.331
41.401,84.755,-454.000,29.180,-76.355
41.441,91.885,-462.000,29.132,-76.371
41.481,98.968,-469.000,29.122,-76.351
41.521,104.617,-477.000,29.104,-76.330
41.561,106.806,-484.000,29.064,-76.301
41.601,109.140,-491.000,29.060,-76.311
41.641,111.080,-497.000,29.052,-76.336
41.681,112.524,-502.000,29.057,-76.341
41.721,110.708,-505.000,29.072,-76.348
41.761,108.304,-505.000,29.098,-76.348
41.801,101.835,-503.000,29.136,-76.338
41.832,95.806,-500.000,29.177,-76.323
41.872,85.318,-496.000,29.182,-76.238
41.912,73.535,-491.000,29.189,-76.235
41.952,62.914,-484.000,29.160,-76.233
41.992,54.885,-477.000,29.209,-76.154
42.032,48.593,-468.000,29.256,-76.109
42.072,43.048,-459.000,29.258,-76.088
42.112,43.048,-451.000,29.279,-76.064
42.152,33.653,-443.000,29.385,-75.997
42.192,33.653,-436.000,29.493,-75.916
42.232,29.107,-430.000,29.493,-75.916
42.272,26.567,-424.000,29.743,-75.799
42.312,24.472,-420.000,29.871,-75.766
42.352,17.965,-416.000,30.069,-75.700
42.392,13.996,-413.000,30.196,-75.688
42.432,8.880,-412.000,30.390,-75.684
42.472,8.880,-408.000,30.522,-75.696
42.512,6.553,-403.000,30.522,-75.696
42.552,1.856,-399.000,30.708,-75.728
42.592,358.960,-394.000,30.872,-75.745
42.632,354.328,-390.000,31.069,-75.798
42.672,348.538,-390.000,31.182,-75.796
42.712,344.257,-388.000,31.227,-75.811
42.752,344.257,-384.000,31.532,-75.919
42.792,343.342,-379.000,31.532,-75.919
42.823,345.197,-376.000,32.086,-76.072
42.863,346.021,-375.000,32.703,-76.339
42.903,345.190,-377.000,32.963,-76.578
42.943,345.190,-378.000,33.065,-76.663
42.983,341.677,-378.000,33.147,-76.769
43.023,340.495,-376.000,33.147,-76.769
43.059,338.530,-373.000,33.204,-76.788
43.080,337.587,-371.000,33.285,-76.851
43.103,337.587,-370.000,33.427,-76.904
43.139,337.449,-370.000,33.610,-76.908
43.179,337.618,-370.000,33.610,-76.908
43.219,339.163,-370.000,33.836,-76.938
43.259,340.368,-371.000,34.073,-76.957
43.299,342.619,-371.000,34.207,-76.974
43.339,346.034,-373.000,34.419,-76.954
43.379,349.882,-377.000,34.612,-76.905
43.419,355.048,-381.000,35.012,-76.803
43.459,359.420,-386.000,35.175,-76.761
43.499,7.261,-390.000,35.335,-76.701
43.539,10.706,-394.000,35.499,-76.633
43.579,18.128,-399.000,35.679,-76.562
43.619,22.142,-403.000,35.876,-76.467
43.659,26.032,-408.000,36.025,-76.382
43.699,28.150,-414.000,36.176,-76.304
43.739,31.759,-418.000,36.407,-76.171
43.779,34.445,-421.000,36.535,-76.099
43.811,34.445,-422.000,36.670,-76.064
43.851,36.899,-426.000,36.742,-76.161
43.891,36.899,-430.000,36.812,-76.218
43.931,36.158,-432.000,36.812,-76.218
43.971,35.291,-432.000,36.927,-76.213
44.011,34.973,-429.000,37.058,-76.151
44.051,32.451,-425.000,37.264,-76.046
44.091,32.339,-423.000,37.328,-76.019
44.131,31.729,-423.000,37.554,-75.922
44.162,31.729,-424.000,37.554,-75.922
44.202,29.966,-424.000,37.814,-75.803
44.242,27.687,-422.000,38.070,-75.669
44.282,26.408,-422.000,38.232,-75.578
44.322,25.561,-420.000,38.367,-75.517
44.362,25.561,-418.000,38.612,-75.395
44.402,23.834,-418.000,38.867,-75.313
44.442,22.329,-417.000,38.867,-75.313
44.482,20.776,-414.000,39.320,-75.138
44.522,18.130,-412.000,39.553,-75.016
44.562,18.130,-411.000,39.678,-74.946
44.602,17.327,-411.000,39.678,-74.946
44.642,15.567,-410.000,39.890,-74.874
44.682,14.225,-408.000,40.119,-74.781
44.722,14.389,-406.000,40.275,-74.746
44.762,13.147,-406.000,40.501,-74.665
44.802,11.843,-406.000,40.720,-74.608
44.833,10.612,-406.000,40.953,-74.551
44.873,11.917,-404.000,41.159,-74.420
44.913,13.759,-404.000,41.258,-74.355
44.953,12.527,-404.000,41.333,-74.284
44.993,16.252,-405.000,41.451,-74.184
45.033,16.252,-405.000,41.570,-74.092
45.073,18.154,-407.000,41.733,-73.970
45.113,20.319,-410.000,41.733,-73.970
45.153,25.129,-413.000,42.083,-73.699
45.193,29.618,-415.000,42.191,-73.588
45.233,29.618,-419.000,42.257,-73.537
45.273,30.344,-423.000,42.257,-73.537
45.313,33.979,-423.000,42.360,-73.500
45.353,35.465,-425.000,42.452,-73.628
45.393,32.696,-428.000,42.568,-73.654
45.433,28.203,-428.000,42.697,-73.706
45.473,25.524,-426.000,42.829,-73.745
45.513,25.524,-422.000,42.968,-73.710
45.553,22.774,-418.000,42.968,-73.710
45.593,19.407,-414.000,43.184,-73.697
45.633,14.948,-410.000,43.366,-73.663
45.673,11.863,-406.000,43.558,-73.660
45.713,8.224,-403.000,43.961,-73.689
45.753,2.062,-402.000,44.085,-73.700
45.793,358.825,-398.000,44.284,-73.730
45.824,358.825,-395.000,44.500,-73.723
45.864,355.356,-391.000,44.500,-73.723
45.904,353.928,-387.000,44.636,-73.717
45.944,354.031,-385.000,44.848,-73.701
45.984,353.961,-386.000,45.283,-73.679
46.024,355.090,-386.000,45.438,-73.646
46.064,354.408,-387.000,45.616,-73.626
46.104,356.345,-387.000,45.695,-73.610
46.144,357.716,-388.000,45.695,-73.610
46.178,358.898,-389.000,45.818,-73.579
46.218,1.709,-390.000,46.028,-73.518
46.258,2.840,-391.000,46.151,-73.471
46.298,5.413,-395.000,46.347,-73.398
46.338,7.449,-395.000,46.485,-73.337
46.378,11.570,-397.000,46.648,-73.227
46.418,14.239,-399.000,46.741,-73.171
46.458,16.867,-401.000,46.849,-73.105
46.498,19.619,-405.000,46.952,-73.053
46.538,24.439,-409.000,47.069,-73.003
46.578,24.439,-412.000,47.212,-72.905
46.618,27.616,-414.000,47.324,-72.823
46.658,30.856,-417.000,47.324,-72.823
46.698,33.090,-422.000,47.561,-72.618
46.738,37.978,-426.000,47.561,-72.618
46.778,41.033,-430.000,47.696,-72.500
46.809,44.259,-433.000,47.842,-72.337
46.849,46.268,-437.000,47.928,-72.226
46.889,49.013,-437.000,48.009,-72.136
46.929,51.834,-438.000,48.175,-71.865
46.969,54.242,-440.000,48.261,-71.699
47.009,58.375,-444.000,48.302,-71.658
47.049,60.025,-448.000,48.335,-71.599
47.089,61.998,-451.000,48.357,-71.506
47.129,64.057,-452.000,48.377,-71.396
47.169,65.385,-454.000,48.446,-71.236
47.209,67.234,-456.000,48.546,-71.049
47.249,67.234,-460.000,48.600,-70.941
47.289,68.242,-460.000,48.626,-70.870
47.329,69.318,-460.000,48.705,-70.678
47.369,68.798,-460.000,48.749,-70.535
47.409,69.954,-461.000,48.808,-70.419
47.449,70.179,-461.000,48.860,-70.301
47.489,71.280,-461.000,48.898,-70.164
47.529,72.342,-462.000,48.974,-69.874
47.569,72.134,-465.000,49.016,-69.739
47.609,73.435,-465.000,49.080,-69.519
47.649,74.024,-465.000,49.106,-69.469
47.689,74.084,-465.000,49.155,-69.260
47.729,74.084,-466.000,49.188,-69.096
47.769,74.730,-466.000,49.188,-69.096
47.809,74.498,-466.000,49.216,-68.969
47.840,75.402,-466.000,49.320,-68.731
47.880,75.447,-467.000,49.386,-68.548
47.920,75.559,-468.000,49.421,-68.484
47.960,75.675,-468.000,49.468,-68.358
48.000,75.015,-468.000,49.468,-68.358
48.040,75.009,-468.000,49.509,-68.217
48.071,75.634,-468.000,49.571,-68.007
48.111,75.845,-468.000,49.613,-67.865
48.142,74.667,-468.000,49.650,-67.638
48.182,75.785,-468.000,49.675,-67.467
48.222,76.682,-467.000,49.679,-67.333
48.262,78.379,-468.000,49.704,-67.056
48.302,83.621,-469.000,49.740,-66.888
48.342,83.988,-472.000,49.734,-66.703
48.382,87.593,-474.000,49.725,-66.494
48.422,89.725,-476.000,49.689,-66.271
48.462,89.725,-478.000,49.660,-66.150
48.502,90.853,-482.000,49.660,-66.150
48.542,94.331,-483.000,49.542,-66.011
48.582,95.431,-485.000,49.507,-65.959
48.622,99.082,-488.000,49.465,-65.849
48.662,103.533,-488.000,49.406,-65.611
48.702,104.842,-490.000,49.378,-65.536
48.742,106.685,-494.000,49.343,-65.394
48.782,110.201,-498.000,49.273,-65.178
48.815,112.213,-499.000,49.234,-65.046
48.855,114.108,-501.000,49.045,-64.692
48.895,117.356,-505.000,48.893,-64.460
48.935,118.528,-509.000,48.893,-64.460
48.975,119.573,-511.000,48.747,-64.253
49.015,120.215,-511.000,48.631,-64.068
49.055,121.204,-511.000,48.566,-63.952
49.095,124.194,-512.000,48.465,-63.774
49.135,124.626,-513.000,48.390,-63.651
49.175,125.282,-517.000,48.303,-63.516
49.215,126.207,-517.000,48.208,-63.398
49.255,126.692,-517.000,48.108,-63.293
49.295,126.817,-518.000,48.039,-63.194
49.335,127.808,-518.000,47.961,-63.102
49.375,128.389,-518.000,47.808,-62.931
49.415,128.989,-519.000,47.656,-62.766
49.455,129.474,-520.000,47.508,-62.622
49.495,129.610,-521.000,47.420,-62.528
49.535,130.409,-521.000,47.198,-62.245
49.575,131.287,-522.000,47.198,-62.245
49.615,130.254,-523.000,47.193,-62.207
49.655,128.462,-523.000,47.226,-62.077
49.695,124.481,-523.000,47.260,-62.003
49.735,120.938,-521.000,47.248,-61.901
49.775,120.938,-518.000,47.238,-61.767
49.807,118.324,-514.000,47.238,-61.767
49.847,116.930,-510.000,47.174,-61.499
49.887,114.315,-508.000,47.099,-61.305
49.927,113.093,-508.000,47.036,-61.162
49.967,112.349,-507.000,46.991,-61.038
50.007,112.635,-506.000,46.926,-60.835
50.047,111.572,-504.000,46.835,-60.620
50.087,110.576,-504.000,46.777,-60.467
50.127,112.884,-504.000,46.696,-60.302
50.167,113.450,-503.000,46.588,-60.156
50.207,114.902,-504.000,46.511,-60.029
50.247,115.873,-506.000,46.476,-59.978
50.287,117.290,-506.000,46.398,-59.873
50.327,119.364,-507.000,46.270,-59.711
50.367,121.445,-509.000,46.166,-59.585
50.407,123.048,-512.000,46.072,-59.472
50.447,127.651,-513.000,45.925,-59.330
50.487,129.409,-516.000,45.840,-59.233
50.527,134.041,-518.000,45.683,-59.088
50.567,135.236,-522.000,45.642,-59.033
50.607,138.465,-526.000,45.526,-58.947
50.647,138.465,-528.000,45.393,-58.834
50.687,146.677,-530.000,45.218,-58.741
50.727,146.677,-534.000,45.097,-58.698
50.767,151.820,-538.000,44.959,-58.688
50.807,153.944,-542.000,44.872,-58.697
50.838,159.721,-544.000,44.707,-58.729
50.878,162.729,-545.000,44.600,-58.717
50.918,168.615,-549.000,44.386,-58.725
50.958,173.830,-554.000,44.207,-58.724
50.998,179.150,-558.000,44.098,-58.740
51.038,184.430,-563.000,43.905,-58.771
51.078,187.795,-569.000,43.799,-58.808
51.118,187.795,-574.000,43.792,-58.802
51.151,189.891,-578.000,43.792,-58.802
51.191,190.930,-582.000,43.755,-58.710
51.231,190.835,-583.000,43.755,-58.710
51.271,188.548,-583.000,43.709,-58.674
51.311,188.280,-581.000,43.688,-58.648
51.351,182.756,-581.000,43.531,-58.604
51.391,179.710,-579.000,43.386,-58.548
51.431,176.220,-575.000,43.271,-58.518
51.471,172.229,-571.000,43.108,-58.471
51.511,168.901,-568.000,42.936,-58.451
51.551,164.696,-566.000,42.761,-58.371
51.591,162.283,-562.000,42.630,-58.353
51.631,160.741,-558.000,42.523,-58.294
51.671,159.516,-554.000,42.346,-58.215
51.711,157.807,-552.000,42.199,-58.177
51.751,155.938,-552.000,42.002,-58.117
51.791,154.615,-550.000,41.848,-58.058
51.822,153.078,-548.000,41.700,-57.994
51.862,151.216,-546.000,41.547,-57.931
51.902,148.605,-546.000,41.449,-57.909
51.942,147.502,-544.000,41.463,-57.899
51.982,144.046,-540.000,41.527,-57.856
52.022,144.046,-539.000,41.544,-57.810
52.062,140.872,-538.000,41.526,-57.821
52.102,131.980,-534.000,41.526,-57.821
52.133,126.690,-529.000,41.537,-57.785
52.173,119.441,-524.000,41.588,-57.708
52.213,113.982,-519.000,41.603,-57.653
52.253,113.982,-514.000,41.624,-57.599
52.293,103.093,-509.000,41.645,-57.559
52.333,90.611,-503.000,41.666,-57.523
52.373,80.580,-498.000,41.689,-57.477
52.413,80.580,-492.000,41.723,-57.484
52.453,68.966,-484.000,41.707,-57.458
52.493,55.047,-475.000,41.707,-57.458
52.533,50.478,-465.000,41.747,-57.431
52.573,47.385,-455.000,41.775,-57.386
52.613,45.934,-448.000,41.798,-57.365
52.653,48.594,-443.000,41.777,-57.388
52.693,51.357,-440.000,41.762,-57.408
52.733,54.285,-442.000,41.760,-57.395
52.773,55.177,-445.000,41.751,-57.382
52.805,55.177,-447.000,41.754,-57.390
52.845,57.689,-447.000,41.750,-57.395
52.885,63.620,-449.000,41.750,-57.346
52.925,63.620,-453.000,41.775,-57.244
52.965,67.264,-457.000,41.775,-57.244
53.005,68.908,-461.000,41.799,-57.157
53.045,72.406,-461.000,41.806,-57.058
53.072,72.406,-462.000,41.824,-56.951
53.093,75.587,-463.000,41.824,-56.951
53.119,79.723,-466.000,41.844,-56.843
53.159,84.047,-467.000,41.856,-56.728
53.199,87.834,-469.000,41.825,-56.578
53.239,93.645,-473.000,41.781,-56.381
53.279,98.033,-479.000,41.739,-56.263
53.319,102.557,-485.000,41.685,-56.139
53.359,108.594,-490.000,41.590,-55.959
53.399,115.497,-495.000,41.464,-55.787
53.439,122.195,-500.000,41.214,-55.449
53.479,133.143,-505.000,41.106,-55.357
53.519,137.752,-513.000,40.985,-55.269
53.559,142.709,-520.000,40.746,-55.126
53.599,147.214,-527.000,40.545,-55.046
53.639,154.256,-534.000,40.359,-55.039
53.679,159.427,-541.000,40.359,-55.039
53.719,160.262,-547.000,40.285,-55.033
53.759,166.167,-551.000,40.073,-54.984
53.799,169.573,-553.000,39.934,-54.967
53.831,169.573,-555.000,39.821,-54.954
53.871,173.362,-558.000,39.685,-54.904
53.911,175.160,-563.000,39.587,-54.854
53.951,177.968,-567.000,39.537,-54.828
53.991,178.885,-571.000,39.537,-54.828
54.031,181.127,-571.000,39.230,-54.710
54.071,184.024,-573.000,39.082,-54.666
54.111,184.024,-574.000,38.910,-54.604
54.151,185.469,-576.000,38.740,-54.546
54.191,185.061,-577.000,38.592,-54.522
54.231,186.909,-577.000,38.411,-54.481
54.271,187.185,-578.000,38.193,-54.465
54.311,186.699,-579.000,38.044,-54.474
54.351,186.948,-579.000,37.848,-54.476
54.391,186.472,-579.000,37.645,-54.469
54.431,186.621,-579.000,37.584,-54.468
54.471,187.018,-579.000,37.441,-54.457
54.511,187.359,-579.000,37.191,-54.470
54.551,187.267,-579.000,37.057,-54.474
54.591,189.079,-579.000,36.909,-54.501
54.631,188.829,-579.000,36.760,-54.542
54.671,191.347,-580.000,36.564,-54.591
54.711,191.310,-581.000,36.483,-54.611
54.751,193.427,-582.000,36.270,-54.659
54.791,194.182,-584.000,36.110,-54.695
54.822,194.182,-585.000,36.110,-54.695
54.862,195.336,-586.000,36.071,-54.714
54.902,195.118,-587.000,36.004,-54.738
54.942,195.573,-587.000,35.944,-54.727
54.982,196.149,-587.000,35.862,-54.672
55.022,195.712,-587.000,35.772,-54.694
55.062,196.025,-588.000,35.582,-54.740
55.102,196.672,-588.000,35.459,-54.779
55.142,197.782,-588.000,35.188,-54.858
55.182,199.572,-589.000,35.014,-54.906
55.222,204.836,-591.000,34.764,-54.997
55.262,204.578,-594.000,34.614,-55.094
55.302,205.506,-598.000,34.424,-55.198
55.342,205.548,-600.000,34.326,-55.284
55.382,209.167,-600.000,34.153,-55.342
55.422,209.167,-598.000,33.994,-55.432
55.462,211.515,-597.000,33.836,-55.529
55.502,212.003,-598.000,33.724,-55.594
55.542,214.205,-601.000,33.601,-55.659
55.582,216.513,-605.000,33.474,-55.725
55.622,217.505,-607.000,33.345,-55.807
55.662,219.219,-608.000,33.189,-55.932
55.702,220.679,-609.000,33.059,-56.049
55.742,223.024,-611.000,32.974,-56.117
55.782,226.410,-615.000,32.830,-56.230
55.814,226.410,-616.000,32.658,-56.405
55.854,228.309,-617.000,32.552,-56.528
55.894,227.981,-620.000,32.494,-56.582
55.934,227.981,-620.000,32.304,-56.786
55.974,230.097,-621.000,32.304,-56.786
56.014,232.032,-622.000,32.221,-56.880
56.054,232.795,-625.000,32.115,-56.998
56.094,234.272,-625.000,32.012,-57.110
56.134,235.873,-625.000,31.921,-57.243
56.158,237.778,-625.000,31.838,-57.374
56.198,239.677,-627.000,31.752,-57.558
56.238,242.127,-629.000,31.655,-57.695
56.278,242.909,-631.000,31.592,-57.814
56.318,244.024,-633.000,31.482,-57.883
56.358,244.190,-637.000,31.449,-57.980
56.398,245.096,-637.000,31.438,-57.988
56.438,245.297,-637.000,31.395,-58.029
56.478,243.533,-637.000,31.347,-58.002
56.518,242.064,-637.000,31.311,-58.050
56.558,242.064,-636.000,31.271,-58.088
56.598,236.913,-635.000,31.219,-58.103
56.638,233.710,-633.000,31.193,-58.151
56.678,232.683,-630.000,31.187,-58.182
56.718,232.683,-625.000,31.164,-58.190
56.758,229.648,-624.000,31.163,-58.193
56.798,228.448,-623.000,31.156,-58.192
56.829,227.403,-622.000,31.152,-58.192
56.869,228.558,-621.000,31.203,-58.189
56.909,233.889,-621.000,31.266,-58.200
56.949,233.889,-621.000,31.295,-58.197
56.989,240.378,-623.000,31.295,-58.197
57.029,248.086,-627.000,31.345,-58.217
57.069,264.776,-633.000,31.367,-58.219
57.109,284.042,-641.000,31.397,-58.172
57.149,291.529,-649.000,31.377,-58.152
57.189,302.667,-657.000,31.386,-58.153
57.229,313.023,-667.000,31.400,-58.153
57.269,321.353,-677.000,31.394,-58.069
57.309,328.519,-688.000,31.396,-58.058
57.349,332.332,-698.000,31.404,-58.056
57.389,332.332,-707.000,31.422,-58.081
57.429,331.394,-716.000,31.392,-58.130
57.469,329.659,-722.000,31.403,-58.137
57.509,324.772,-724.000,31.385,-58.167
57.549,317.707,-723.000,31.371,-58.225
57.589,302.844,-719.000,31.468,-58.342
57.629,293.692,-713.000,31.529,-58.333
57.669,293.692,-707.000,31.453,-58.345
57.709,288.503,-698.000,31.438,-58.356
57.749,276.444,-690.000,31.404,-58.422
57.789,269.695,-683.000,31.404,-58.553
57.820,269.695,-677.000,31.418,-58.542
57.860,262.475,-670.000,31.418,-58.542
57.900,260.606,-662.000,31.410,-58.565
57.940,259.447,-656.000,31.428,-58.592
57.980,260.305,-652.000,31.433,-58.588
58.020,264.510,-652.000,31.403,-58.642
58.051,267.863,-654.000,31.395,-58.779
58.091,267.863,-657.000,31.398,-58.948
58.131,270.605,-661.000,31.398,-58.948
58.162,271.781,-663.000,31.385,-59.182
58.193,274.527,-664.000,31.385,-59.182
58.233,276.086,-667.000,31.379,-59.293
58.273,277.140,-667.000,31.358,-59.465
58.313,278.430,-669.000,31.320,-59.637
58.353,279.710,-669.000,31.275,-59.813
58.393,278.732,-670.000,31.250,-59.955
58.433,278.394,-670.000,31.288,-60.223
58.473,277.502,-670.000,31.297,-60.372
58.513,278.173,-670.000,31.309,-60.486
58.553,278.104,-670.000,31.328,-60.623
58.593,278.688,-670.000,31.361,-60.843
58.633,278.688,-670.000,31.370,-60.973
58.673,277.368,-670.000,31.370,-60.973
58.713,279.589,-670.000,31.359,-61.134
58.753,279.691,-671.000,31.387,-61.341
58.793,279.324,-671.000,31.401,-61.421
58.817,279.324,-671.000,31.409,-61.643
58.857,280.718,-671.000,31.444,-61.794
58.897,281.708,-672.000,31.458,-61.932
58.937,282.502,-673.000,31.483,-62.077
58.977,283.574,-674.000,31.540,-62.309
59.017,283.933,-675.000,31.624,-62.426
59.057,286.023,-676.000,31.871,-62.608
59.097,287.549,-677.000,31.960,-62.696
59.130,290.120,-680.000,32.089,-62.858
59.170,294.332,-683.000,32.089,-62.858
59.210,299.067,-685.000,32.189,-63.028
59.250,300.594,-689.000,32.230,-63.117
59.290,306.694,-693.000,32.323,-63.291
59.330,306.459,-697.000,32.435,-63.424
59.370,308.726,-699.000,32.467,-63.468
59.410,310.582,-699.000,32.615,-63.640
59.450,310.933,-700.000,32.764,-63.768
59.490,312.891,-702.000,32.855,-63.886
59.530,313.966,-703.000,32.931,-64.014
59.570,315.416,-704.000,33.016,-64.141
59.610,316.361,-705.000,33.113,-64.311
59.650,316.556,-707.000,33.240,-64.493
59.690,315.503,-708.000,33.542,-64.815
59.730,316.593,-708.000,33.712,-64.984
59.770,317.055,-708.000,33.871,-65.174
59.810,316.774,-708.000,33.940,-65.212
59.841,316.392,-709.000,34.075,-65.378
59.881,316.392,-709.000,34.202,-65.508
59.921,315.548,-709.000,34.202,-65.508
59.961,316.555,-708.000,34.341,-65.683
60.001,316.184,-708.000,34.509,-65.875
