0.016,307.929,-31.000,-30.581,-22.808
0.038,306.784,-31.000,-30.522,-22.845
0.060,306.784,-30.000,-30.480,-22.873
0.082,304.173,-28.000,-30.480,-22.873
0.104,302.003,-25.000,-30.462,-22.892
0.126,299.587,-21.000,-30.473,-22.910
0.148,299.587,-17.000,-30.473,-22.910
0.170,296.602,-12.000,-30.453,-22.960
0.192,293.757,-7.000,-30.411,-23.022
0.214,293.757,0.000,-30.388,-23.090
0.236,290.175,6.000,-30.388,-23.090
0.258,287.362,12.000,-30.351,-23.121
0.280,285.461,18.000,-30.340,-23.175
0.302,285.461,23.000,-30.340,-23.175
0.324,282.694,28.000,-30.289,-23.225
0.346,279.694,33.000,-30.272,-23.305
0.368,279.694,37.000,-30.290,-23.393
0.390,277.135,40.000,-30.290,-23.393
0.412,274.647,44.000,-30.283,-23.471
0.434,274.647,47.000,-30.293,-23.533
0.456,271.458,49.000,-30.293,-23.533
0.477,268.880,52.000,-30.344,-23.582
0.499,267.101,54.000,-30.340,-23.619
0.521,267.101,57.000,-30.340,-23.619
0.543,263.100,59.000,-30.365,-23.623
0.565,259.425,61.000,-30.386,-23.615
0.587,259.425,64.000,-30.404,-23.644
0.609,254.886,66.000,-30.404,-23.644
0.631,248.352,69.000,-30.396,-23.675
0.653,248.352,71.000,-30.429,-23.699
0.675,244.842,74.000,-30.429,-23.699
0.697,239.987,77.000,-30.457,-23.740
0.718,234.563,80.000,-30.459,-23.749
0.740,234.563,84.000,-30.459,-23.749
0.762,232.984,87.000,-30.445,-23.744
0.784,229.440,90.000,-30.476,-23.739
0.806,229.440,93.000,-30.574,-23.834
0.828,225.594,95.000,-30.574,-23.834
0.850,221.516,98.000,-30.650,-23.905
0.872,218.659,100.000,-30.646,-23.951
0.894,218.659,103.000,-30.646,-23.951
0.916,214.852,105.000,-30.654,-23.990
0.938,211.838,108.000,-30.759,-23.984
0.960,211.838,110.000,-30.850,-23.987
0.982,209.276,113.000,-30.850,-23.987
1.004,207.526,115.000,-30.908,-24.032
1.026,207.526,117.000,-30.995,-24.052
1.048,205.531,120.000,-30.995,-24.052
1.070,203.208,122.000,-31.120,-24.076
1.092,200.095,122.000,-31.237,-24.140
1.114,200.095,123.000,-31.237,-24.140
1.136,198.519,124.000,-31.277,-24.116
1.158,196.755,126.000,-31.383,-24.109
1.180,196.755,128.000,-31.498,-24.110
1.202,194.924,130.000,-31.498,-24.110
1.224,193.369,133.000,-31.599,-24.163
1.246,193.369,134.000,-31.663,-24.175
1.268,192.252,134.000,-31.663,-24.175
1.290,191.095,135.000,-31.767,-24.164
1.312,190.987,136.000,-31.800,-24.197
1.334,190.987,136.000,-31.800,-24.197
1.356,190.107,137.000,-31.805,-24.251
1.378,189.946,137.000,-31.817,-24.278
1.400,189.946,137.000,-31.834,-24.296
1.422,189.990,137.000,-31.834,-24.296
1.444,192.742,138.000,-31.821,-24.293
1.466,193.317,138.000,-31.822,-24.292
1.488,193.317,138.000,-31.822,-24.292
1.510,195.634,136.000,-31.836,-24.293
1.532,197.947,134.000,-31.851,-24.298
1.554,197.947,133.000,-31.858,-24.322
1.576,198.736,132.000,-31.858,-24.322
1.598,199.497,131.000,-31.864,-24.338
1.620,199.497,129.000,-31.879,-24.336
1.642,201.784,129.000,-31.879,-24.336
1.664,205.125,128.000,-31.912,-24.355
1.686,209.318,127.000,-31.899,-24.338
1.708,209.318,125.000,-31.899,-24.338
1.730,213.486,122.000,-31.869,-24.308
1.752,217.155,119.000,-31.882,-24.305
1.774,217.155,117.000,-31.933,-24.343
1.796,219.254,115.000,-31.933,-24.343
1.818,219.329,112.000,-31.968,-24.422
1.840,218.837,110.000,-31.987,-24.530
1.862,218.837,108.000,-31.987,-24.530
1.884,217.868,108.000,-32.072,-24.539
1.906,216.747,109.000,-32.101,-24.590
1.928,216.747,110.000,-32.120,-24.659
1.950,216.609,110.000,-32.120,-24.659
1.972,215.471,111.000,-32.153,-24.673
1.994,215.471,112.000,-32.216,-24.721
2.016,213.208,112.000,-32.216,-24.721
2.038,211.633,113.000,-32.304,-24.748
2.060,210.114,114.000,-32.396,-24.757
2.082,210.114,116.000,-32.396,-24.757
2.104,207.252,117.000,-32.415,-24.793
2.126,203.521,118.000,-32.466,-24.848
2.148,203.521,119.000,-32.550,-24.865
2.170,199.191,121.000,-32.550,-24.865
2.192,196.078,123.000,-32.624,-24.861
2.214,196.078,125.000,-32.651,-24.869
2.236,193.427,128.000,-32.651,-24.869
2.258,190.869,130.000,-32.704,-24.899
2.280,186.317,133.000,-32.788,-24.904
2.302,186.317,135.000,-32.886,-24.899
2.324,182.525,138.000,-32.886,-24.899
2.346,179.303,141.000,-33.005,-24.876
2.368,179.303,143.000,-33.120,-24.882
2.390,175.377,145.000,-33.120,-24.882
2.412,172.807,148.000,-33.245,-24.851
2.434,170.783,151.000,-33.333,-24.828
2.456,170.783,153.000,-33.333,-24.828
2.478,166.685,155.000,-33.418,-24.792
2.500,162.954,158.000,-33.510,-24.779
2.522,162.954,160.000,-33.565,-24.707
2.544,160.903,163.000,-33.565,-24.707
2.566,157.088,165.000,-33.668,-24.682
2.588,153.389,167.000,-33.749,-24.640
2.610,153.389,169.000,-33.749,-24.640
2.632,149.070,172.000,-33.872,-24.522
2.654,145.715,174.000,-34.000,-24.463
2.676,145.715,177.000,-34.000,-24.463
2.698,145.177,179.000,-34.010,-24.462
2.720,145.744,181.000,-33.993,-24.376
2.742,145.744,183.000,-34.166,-24.282
2.764,137.694,183.000,-34.166,-24.282
2.786,131.148,183.000,-34.301,-24.232
2.808,133.700,184.000,-34.242,-24.222
2.830,133.700,187.000,-34.242,-24.222
2.852,130.503,189.000,-34.347,-24.108
2.874,126.473,192.000,-34.454,-24.093
2.896,126.473,195.000,-34.529,-24.045
2.918,124.383,197.000,-34.529,-24.045
2.940,126.555,200.000,-34.469,-24.035
2.962,127.741,202.000,-34.432,-23.998
2.984,127.741,204.000,-34.432,-23.998
3.006,123.650,204.000,-34.493,-23.840
3.028,118.644,205.000,-34.574,-23.719
3.050,118.644,205.000,-34.609,-23.635
3.072,115.657,205.000,-34.609,-23.635
3.094,113.713,206.000,-34.629,-23.523
3.116,113.713,208.000,-34.661,-23.446
3.138,110.476,211.000,-34.661,-23.446
3.160,107.522,213.000,-34.687,-23.373
3.182,105.435,216.000,-34.687,-23.324
3.204,105.435,218.000,-34.687,-23.324
3.226,102.886,220.000,-34.687,-23.259
3.248,100.246,223.000,-34.711,-23.111
3.270,100.246,225.000,-34.704,-22.982
3.292,97.807,227.000,-34.704,-22.982
3.314,94.208,229.000,-34.688,-22.874
3.336,94.208,231.000,-34.705,-22.826
3.358,91.089,231.000,-34.705,-22.826
3.380,85.991,232.000,-34.701,-22.725
3.402,82.939,234.000,-34.648,-22.631
3.424,82.939,237.000,-34.648,-22.631
3.446,80.706,240.000,-34.639,-22.562
3.468,77.456,243.000,-34.603,-22.464
3.490,77.456,245.000,-34.564,-22.370
3.512,73.359,248.000,-34.564,-22.370
3.534,68.028,250.000,-34.499,-22.268
3.556,63.140,253.000,-34.439,-22.169
3.578,63.140,255.000,-34.439,-22.169
3.600,59.350,258.000,-34.374,-22.084
3.622,56.823,261.000,-34.302,-22.007
3.644,56.823,264.000,-34.304,-21.992
3.666,54.949,267.000,-34.304,-21.992
3.688,51.577,270.000,-34.331,-21.965
3.710,51.577,272.000,-34.362,-21.919
3.732,48.839,274.000,-34.362,-21.919
3.754,47.159,277.000,-34.334,-21.912
3.776,44.885,279.000,-34.331,-21.884
3.798,44.885,280.000,-34.331,-21.884
3.820,44.597,281.000,-34.318,-21.862
3.842,46.018,282.000,-34.317,-21.848
3.864,46.018,284.000,-34.314,-21.848
3.886,48.583,286.000,-34.314,-21.848
3.908,50.150,287.000,-34.309,-21.848
3.930,54.252,287.000,-34.291,-21.861
3.952,54.252,286.000,-34.291,-21.861
3.974,57.276,285.000,-34.273,-21.866
3.996,58.813,283.000,-34.193,-21.861
4.018,58.813,280.000,-34.157,-21.836
4.040,60.628,277.000,-34.157,-21.836
4.062,62.409,274.000,-34.175,-21.844
4.084,62.409,271.000,-34.185,-21.826
4.106,63.779,268.000,-34.185,-21.826
4.128,64.879,266.000,-34.179,-21.772
4.150,64.662,264.000,-34.146,-21.719
4.172,64.662,264.000,-34.146,-21.719
4.194,66.508,264.000,-34.101,-21.637
4.216,66.809,263.000,-34.025,-21.541
4.238,66.809,262.000,-33.971,-21.422
4.260,66.969,262.000,-33.971,-21.422
4.282,65.182,262.000,-33.897,-21.315
4.304,64.228,262.000,-33.810,-21.223
4.326,64.228,262.000,-33.810,-21.223
4.348,63.341,263.000,-33.735,-21.122
4.370,61.448,264.000,-33.648,-21.023
4.392,61.448,265.000,-33.648,-21.023
4.414,59.506,265.000,-33.660,-20.981
4.436,58.773,266.000,-33.689,-20.962
4.458,58.773,268.000,-33.667,-20.882
4.480,55.836,270.000,-33.667,-20.882
4.502,53.152,270.000,-33.564,-20.854
4.524,52.863,271.000,-33.516,-20.817
4.546,52.863,273.000,-33.516,-20.817
4.569,49.495,276.000,-33.422,-20.779
4.591,47.023,278.000,-33.364,-20.697
4.613,47.023,278.000,-33.315,-20.633
4.635,45.011,279.000,-33.315,-20.633
4.657,42.572,280.000,-33.217,-20.586
4.679,42.572,282.000,-33.117,-20.504
4.701,38.594,284.000,-33.117,-20.504
4.724,34.699,287.000,-33.012,-20.433
4.746,32.456,289.000,-32.898,-20.399
4.768,32.456,291.000,-32.766,-20.328
4.791,28.815,294.000,-32.766,-20.328
4.813,25.113,296.000,-32.650,-20.279
4.835,21.966,298.000,-32.586,-20.241
4.858,21.966,301.000,-32.586,-20.241
4.879,19.775,303.000,-32.552,-20.231
4.903,17.995,306.000,-32.441,-20.211
4.925,17.995,308.000,-32.353,-20.169
4.948,14.333,310.000,-32.353,-20.169
4.971,11.557,312.000,-32.345,-20.142
4.994,9.888,314.000,-32.299,-20.121
5.016,9.888,314.000,-32.264,-20.117
5.039,6.166,316.000,-32.264,-20.117
5.061,4.138,318.000,-32.241,-20.090
5.085,3.702,320.000,-32.197,-20.085
5.107,3.702,322.000,-32.197,-20.085
5.129,3.277,324.000,-32.176,-20.074
5.151,1.136,325.000,-32.100,-20.065
5.173,1.136,325.000,-32.032,-20.076
5.196,0.150,325.000,-32.032,-20.076
5.219,358.641,327.000,-31.961,-20.077
5.242,358.044,327.000,-31.917,-20.020
5.265,358.044,328.000,-31.870,-19.996
5.287,356.930,329.000,-31.870,-19.996
5.309,355.858,329.000,-31.785,-20.026
5.332,354.700,330.000,-31.705,-20.055
5.356,354.700,332.000,-31.705,-20.055
5.377,353.005,334.000,-31.625,-20.046
5.400,351.190,334.000,-31.524,-20.056
5.423,351.190,334.000,-31.435,-20.097
5.445,350.589,335.000,-31.435,-20.097
5.468,348.329,336.000,-31.319,-20.116
5.490,346.097,338.000,-31.203,-20.146
5.514,346.097,340.000,-31.203,-20.146
5.536,344.948,340.000,-31.110,-20.224
5.558,342.421,341.000,-31.068,-20.204
5.578,342.421,343.000,-31.037,-20.170
5.600,339.886,345.000,-31.037,-20.170
5.622,340.572,348.000,-31.024,-20.167
5.644,340.572,349.000,-31.011,-20.220
5.667,338.616,349.000,-31.011,-20.220
5.688,336.194,349.000,-30.971,-20.298
5.710,334.367,349.000,-30.905,-20.269
5.733,334.367,351.000,-30.905,-20.269
5.754,331.969,353.000,-30.840,-20.311
5.776,330.746,355.000,-30.805,-20.352
5.797,330.746,356.000,-30.766,-20.379
5.817,327.080,357.000,-30.766,-20.379
5.839,325.325,358.000,-30.735,-20.371
5.861,325.325,359.000,-30.711,-20.387
5.881,324.429,361.000,-30.711,-20.387
5.903,322.253,364.000,-30.673,-20.484
5.924,322.253,364.000,-30.634,-20.562
5.944,320.443,364.000,-30.634,-20.562
5.965,317.235,366.000,-30.587,-20.600
5.986,317.235,367.000,-30.589,-20.621
6.006,314.498,369.000,-30.589,-20.621
6.027,312.045,372.000,-30.583,-20.670
6.047,312.045,374.000,-30.547,-20.768
6.067,308.376,376.000,-30.547,-20.768
6.087,305.908,378.000,-30.502,-20.818
6.107,305.908,379.000,-30.502,-20.818
6.127,303.297,379.000,-30.467,-20.789
6.148,302.645,380.000,-30.433,-20.784
6.168,302.645,382.000,-30.433,-20.784
6.188,303.463,384.000,-30.378,-20.869
6.209,304.724,384.000,-30.336,-20.915
6.230,304.724,384.000,-30.336,-20.915
6.251,306.981,384.000,-30.296,-20.887
6.272,308.285,384.000,-30.270,-20.895
6.293,308.285,383.000,-30.270,-20.895
6.313,310.893,381.000,-30.270,-20.907
6.334,311.729,379.000,-30.251,-20.925
6.354,311.729,377.000,-30.251,-20.925
6.375,312.738,377.000,-30.235,-20.944
6.396,313.704,376.000,-30.219,-20.956
6.416,313.704,375.000,-30.219,-20.956
6.437,313.669,375.000,-30.208,-20.987
6.458,313.578,375.000,-30.223,-20.985
6.478,313.578,375.000,-30.223,-20.985
6.499,314.008,375.000,-30.199,-20.991
6.520,312.847,375.000,-30.176,-21.006
6.540,312.847,374.000,-30.176,-21.006
6.560,313.490,373.000,-30.184,-21.003
6.580,313.490,373.000,-30.177,-21.011
6.600,313.185,373.000,-30.177,-21.011
6.620,314.526,374.000,-30.157,-20.992
6.641,314.526,375.000,-30.149,-20.978
6.661,317.455,375.000,-30.149,-20.978
6.681,321.440,375.000,-30.154,-20.959
6.701,321.440,374.000,-30.154,-20.959
6.721,327.374,372.000,-30.169,-20.952
6.741,333.196,370.000,-30.155,-20.930
6.761,333.196,367.000,-30.155,-20.930
6.781,339.359,364.000,-30.152,-20.947
6.801,347.630,361.000,-30.147,-20.963
6.821,347.630,357.000,-30.147,-20.963
6.841,350.800,353.000,-30.120,-20.962
6.862,350.800,349.000,-30.120,-20.944
6.882,358.156,346.000,-30.120,-20.944
6.902,4.071,342.000,-30.135,-20.924
6.923,4.071,338.000,-30.136,-20.921
6.943,8.554,335.000,-30.136,-20.921
6.963,12.974,331.000,-30.148,-20.915
6.983,12.974,327.000,-30.133,-20.925
7.003,14.803,324.000,-30.133,-20.925
7.023,17.244,321.000,-30.132,-20.933
7.043,17.244,318.000,-30.132,-20.933
7.063,19.408,316.000,-30.121,-20.935
7.083,19.917,313.000,-30.107,-20.915
7.103,19.917,311.000,-30.107,-20.915
7.124,21.853,309.000,-30.096,-20.894
7.145,24.638,307.000,-30.080,-20.890
7.166,24.638,306.000,-30.080,-20.890
7.186,28.072,306.000,-30.052,-20.876
7.206,28.717,305.000,-30.046,-20.853
7.226,28.717,303.000,-30.046,-20.853
7.246,31.425,301.000,-30.041,-20.856
7.267,31.425,299.000,-30.036,-20.836
7.288,32.932,297.000,-30.036,-20.836
7.308,33.294,295.000,-30.019,-20.832
7.329,35.745,295.000,-29.988,-20.833
7.350,35.745,295.000,-29.988,-20.833
7.370,36.398,295.000,-29.947,-20.795
7.391,36.398,293.000,-29.957,-20.780
7.412,36.695,292.000,-29.957,-20.780
7.432,36.866,291.000,-29.966,-20.774
7.454,37.623,291.000,-29.958,-20.811
7.474,37.623,291.000,-29.958,-20.811
7.495,37.713,291.000,-29.951,-20.800
7.515,37.713,291.000,-29.933,-20.793
7.536,38.068,291.000,-29.933,-20.793
7.556,38.389,291.000,-29.918,-20.782
7.577,38.389,290.000,-29.907,-20.794
7.598,41.459,290.000,-29.907,-20.794
7.620,44.421,289.000,-29.904,-20.783
7.640,44.421,288.000,-29.898,-20.774
7.661,48.128,287.000,-29.898,-20.774
7.683,51.016,284.000,-29.887,-20.771
7.703,51.016,282.000,-29.837,-20.722
7.725,54.205,280.000,-29.837,-20.722
7.746,55.980,277.000,-29.829,-20.712
7.768,55.575,275.000,-29.834,-20.710
7.788,55.575,273.000,-29.834,-20.710
7.809,55.227,273.000,-29.823,-20.713
7.831,53.130,273.000,-29.798,-20.716
7.852,53.130,273.000,-29.798,-20.716
7.872,48.930,273.000,-29.818,-20.717
7.894,45.749,274.000,-29.811,-20.727
7.914,45.749,276.000,-29.811,-20.727
7.936,41.933,279.000,-29.783,-20.720
7.957,36.956,281.000,-29.731,-20.705
7.977,36.956,284.000,-29.731,-20.705
7.999,30.824,286.000,-29.663,-20.692
8.020,23.110,290.000,-29.578,-20.686
8.040,23.110,292.000,-29.578,-20.686
8.061,19.098,296.000,-29.522,-20.675
8.082,11.931,299.000,-29.448,-20.660
8.103,11.931,302.000,-29.448,-20.660
8.124,4.391,306.000,-29.326,-20.686
8.145,358.179,310.000,-29.220,-20.687
8.166,358.179,314.000,-29.116,-20.712
8.187,351.955,318.000,-29.116,-20.712
8.208,345.846,322.000,-29.015,-20.746
8.229,345.846,326.000,-28.937,-20.747
8.250,339.376,330.000,-28.937,-20.747
8.271,337.006,335.000,-28.900,-20.741
8.292,337.006,339.000,-28.835,-20.782
8.313,333.862,342.000,-28.835,-20.782
8.334,331.927,346.000,-28.759,-20.782
8.355,331.927,349.000,-28.699,-20.761
8.376,329.572,352.000,-28.699,-20.761
8.397,330.339,355.000,-28.638,-20.756
8.418,330.339,357.000,-28.580,-20.754
8.439,331.148,357.000,-28.580,-20.754
8.460,331.504,357.000,-28.511,-20.804
8.482,331.504,357.000,-28.440,-20.852
8.503,332.063,357.000,-28.440,-20.852
8.524,331.090,357.000,-28.384,-20.871
8.545,331.090,356.000,-28.324,-20.878
8.566,331.904,356.000,-28.324,-20.878
8.587,333.549,356.000,-28.293,-20.908
8.608,333.549,356.000,-28.251,-20.948
8.629,333.602,355.000,-28.251,-20.948
8.650,333.487,354.000,-28.208,-21.035
8.671,333.760,354.000,-28.161,-21.113
8.692,333.760,354.000,-28.161,-21.113
8.713,333.219,354.000,-28.056,-21.161
8.734,331.997,354.000,-27.953,-21.218
8.756,331.997,354.000,-27.953,-21.218
8.777,331.532,354.000,-27.918,-21.269
8.798,331.629,355.000,-27.862,-21.322
8.819,331.629,356.000,-27.862,-21.322
8.840,330.846,356.000,-27.778,-21.348
8.861,329.629,356.000,-27.702,-21.435
8.882,329.629,357.000,-27.702,-21.435
8.903,328.464,358.000,-27.627,-21.518
8.924,326.895,359.000,-27.558,-21.461
8.945,326.895,359.000,-27.558,-21.461
8.966,326.015,360.000,-27.499,-21.464
8.987,325.137,361.000,-27.487,-21.543
9.008,325.137,362.000,-27.487,-21.543
9.029,324.814,362.000,-27.490,-21.599
9.050,325.087,362.000,-27.518,-21.654
9.071,325.087,363.000,-27.518,-21.654
9.092,325.026,363.000,-27.457,-21.693
9.113,322.142,363.000,-27.353,-21.790
9.134,322.142,363.000,-27.353,-21.790
9.155,319.126,364.000,-27.269,-21.898
9.176,315.901,365.000,-27.224,-21.999
9.197,315.901,367.000,-27.224,-21.999
9.218,313.021,369.000,-27.156,-22.061
9.239,310.697,371.000,-27.092,-22.127
9.260,310.697,373.000,-27.092,-22.127
9.281,308.706,375.000,-27.058,-22.182
9.302,307.409,378.000,-27.024,-22.244
9.323,307.409,379.000,-26.931,-22.310
9.344,304.354,379.000,-26.931,-22.310
9.365,301.911,381.000,-26.907,-22.443
9.386,301.911,382.000,-26.876,-22.550
9.407,299.609,384.000,-26.876,-22.550
9.428,296.269,387.000,-26.824,-22.638
9.449,296.269,389.000,-26.843,-22.746
9.470,295.345,391.000,-26.843,-22.746
9.491,293.432,392.000,-26.825,-22.811
9.512,293.432,392.000,-26.811,-22.884
9.533,291.909,393.000,-26.811,-22.884
9.554,288.924,394.000,-26.782,-23.049
9.575,288.924,396.000,-26.773,-23.131
9.596,285.471,398.000,-26.773,-23.131
9.617,283.889,400.000,-26.752,-23.169
9.638,283.889,402.000,-26.736,-23.290
9.659,281.631,404.000,-26.736,-23.290
9.680,278.733,406.000,-26.717,-23.406
9.701,278.733,407.000,-26.690,-23.509
9.722,276.688,407.000,-26.690,-23.509
9.743,275.324,408.000,-26.687,-23.589
9.764,275.324,410.000,-26.708,-23.706
9.785,274.294,412.000,-26.708,-23.706
9.806,273.258,414.000,-26.707,-23.804
9.827,271.319,414.000,-26.735,-23.937
9.848,271.319,414.000,-26.735,-23.937
9.869,270.078,414.000,-26.744,-24.045
9.890,268.504,416.000,-26.752,-24.143
9.911,268.504,417.000,-26.752,-24.143
9.932,266.474,419.000,-26.793,-24.242
9.953,264.772,421.000,-26.832,-24.344
9.974,264.772,422.000,-26.832,-24.344
9.995,262.932,422.000,-26.827,-24.396
10.016,260.796,424.000,-26.886,-24.515
10.037,260.796,426.000,-26.886,-24.515
10.058,259.403,428.000,-26.906,-24.618
10.079,256.173,428.000,-26.910,-24.753
10.100,256.173,428.000,-26.910,-24.753
10.121,253.986,429.000,-26.998,-24.855
10.142,253.814,430.000,-27.023,-24.914
10.163,253.814,432.000,-27.023,-24.914
10.184,251.008,434.000,-26.992,-24.924
10.205,248.164,436.000,-26.998,-25.006
10.226,248.164,436.000,-26.998,-25.006
10.247,246.353,437.000,-27.049,-25.055
10.268,246.990,438.000,-27.127,-25.070
10.289,246.990,440.000,-27.127,-25.070
10.310,244.856,441.000,-27.176,-25.157
10.331,242.819,441.000,-27.238,-25.242
10.352,242.819,442.000,-27.238,-25.242
10.373,240.744,444.000,-27.291,-25.328
10.394,238.698,446.000,-27.365,-25.406
10.415,238.698,448.000,-27.457,-25.477
10.436,237.119,448.000,-27.457,-25.477
10.457,235.464,449.000,-27.516,-25.558
10.478,235.464,451.000,-27.553,-25.600
10.499,233.958,452.000,-27.553,-25.600
10.520,233.354,453.000,-27.648,-25.644
10.541,233.354,454.000,-27.732,-25.748
10.562,230.534,454.000,-27.732,-25.748
10.583,226.340,455.000,-27.794,-25.831
10.604,226.340,456.000,-27.834,-25.863
10.625,226.593,458.000,-27.834,-25.863
10.646,225.338,460.000,-27.898,-25.901
10.667,225.338,461.000,-27.968,-25.945
10.688,224.709,462.000,-27.968,-25.945
10.709,222.701,463.000,-28.057,-26.009
10.730,222.701,463.000,-28.112,-26.076
10.751,221.292,464.000,-28.112,-26.076
10.772,221.350,465.000,-28.209,-26.128
10.793,221.350,467.000,-28.318,-26.176
10.814,219.668,468.000,-28.318,-26.176
10.835,218.183,469.000,-28.380,-26.202
10.856,218.183,469.000,-28.414,-26.232
10.877,215.022,469.000,-28.414,-26.232
10.899,211.972,469.000,-28.485,-26.202
10.920,209.193,471.000,-28.573,-26.194
10.941,209.193,472.000,-28.573,-26.194
10.962,206.385,475.000,-28.664,-26.241
10.983,204.153,477.000,-28.726,-26.269
11.004,204.153,480.000,-28.726,-26.269
11.025,201.102,482.000,-28.851,-26.271
11.046,198.685,484.000,-28.969,-26.321
11.067,198.685,486.000,-28.969,-26.321
11.088,195.455,488.000,-29.103,-26.344
11.109,192.147,490.000,-29.239,-26.350
11.130,192.147,492.000,-29.239,-26.350
11.152,189.620,495.000,-29.337,-26.382
11.173,188.208,497.000,-29.449,-26.365
11.194,188.208,498.000,-29.449,-26.365
11.215,186.847,499.000,-29.537,-26.362
11.237,185.448,500.000,-29.627,-26.357
11.259,185.448,501.000,-29.720,-26.349
11.281,184.269,503.000,-29.720,-26.349
11.302,182.415,503.000,-29.825,-26.337
11.323,182.415,503.000,-29.908,-26.353
11.345,180.759,503.000,-29.908,-26.353
11.366,178.955,505.000,-29.978,-26.345
11.388,177.656,507.000,-30.088,-26.299
11.410,177.656,509.000,-30.088,-26.299
11.432,177.592,510.000,-30.162,-26.283
11.453,176.070,510.000,-30.216,-26.281
11.475,176.070,510.000,-30.280,-26.221
11.497,174.301,511.000,-30.280,-26.221
11.519,172.759,512.000,-30.360,-26.167
11.541,172.759,514.000,-30.476,-26.147
11.563,171.250,515.000,-30.476,-26.147
11.585,169.504,516.000,-30.608,-26.092
11.607,166.815,517.000,-30.728,-26.063
11.629,166.815,519.000,-30.728,-26.063
11.651,165.607,521.000,-30.847,-26.017
11.673,164.385,523.000,-30.961,-25.962
11.695,164.385,523.000,-30.985,-25.961
11.717,163.590,523.000,-30.985,-25.961
11.739,162.412,523.000,-30.997,-25.977
11.761,162.412,524.000,-31.020,-25.981
11.783,161.991,524.000,-31.020,-25.981
11.805,159.898,526.000,-31.066,-25.897
11.827,158.369,527.000,-31.105,-25.826
11.849,158.369,529.000,-31.182,-25.793
11.871,156.515,529.000,-31.182,-25.793
11.893,155.089,530.000,-31.184,-25.784
11.915,155.089,531.000,-31.180,-25.797
11.937,154.141,533.000,-31.180,-25.797
11.959,153.432,533.000,-31.183,-25.794
11.981,152.712,533.000,-31.185,-25.792
12.003,152.712,534.000,-31.185,-25.792
12.025,153.291,535.000,-31.205,-25.787
12.047,155.979,535.000,-31.271,-25.802
12.069,155.979,535.000,-31.311,-25.834
12.091,159.494,534.000,-31.311,-25.834
12.113,163.812,533.000,-31.424,-25.831
12.135,168.179,531.000,-31.507,-25.813
12.157,168.179,529.000,-31.507,-25.813
12.179,171.647,526.000,-31.548,-25.798
12.201,175.475,523.000,-31.646,-25.752
12.223,175.475,520.000,-31.646,-25.752
12.245,177.368,517.000,-31.777,-25.728
12.267,180.134,514.000,-31.879,-25.724
12.289,180.134,512.000,-31.991,-25.691
12.311,182.275,510.000,-31.991,-25.691
12.333,183.647,508.000,-32.100,-25.664
12.355,184.644,505.000,-32.139,-25.681
12.377,184.644,504.000,-32.139,-25.681
12.399,185.149,504.000,-32.157,-25.705
12.421,185.526,503.000,-32.177,-25.714
12.443,185.526,503.000,-32.192,-25.717
12.465,186.256,503.000,-32.192,-25.717
12.487,187.012,502.000,-32.175,-25.710
12.509,187.351,502.000,-32.165,-25.703
12.531,187.351,501.000,-32.165,-25.703
12.553,186.876,501.000,-32.172,-25.714
12.575,184.142,501.000,-32.180,-25.720
12.597,184.142,501.000,-32.191,-25.729
12.619,181.580,502.000,-32.191,-25.729
12.641,178.569,503.000,-32.206,-25.731
12.663,178.569,505.000,-32.215,-25.745
12.685,176.950,507.000,-32.215,-25.745
12.707,175.210,509.000,-32.222,-25.733
12.729,174.517,512.000,-32.255,-25.744
12.751,174.517,513.000,-32.255,-25.744
12.773,175.953,513.000,-32.264,-25.769
12.795,181.005,513.000,-32.260,-25.786
12.817,181.005,513.000,-32.257,-25.783
12.839,190.123,512.000,-32.257,-25.783
12.861,201.140,511.000,-32.285,-25.767
12.883,201.140,509.000,-32.300,-25.805
12.905,211.656,506.000,-32.300,-25.805
12.927,216.610,503.000,-32.311,-25.858
12.949,226.518,499.000,-32.327,-25.907
12.971,226.518,494.000,-32.346,-25.931
12.993,235.000,488.000,-32.346,-25.931
13.015,239.750,482.000,-32.368,-25.960
13.038,239.750,475.000,-32.348,-25.969
13.059,243.116,470.000,-32.348,-25.969
13.081,245.011,464.000,-32.347,-25.973
13.103,245.185,459.000,-32.364,-25.978
13.125,245.185,454.000,-32.364,-25.978
13.147,244.181,450.000,-32.364,-25.973
13.169,241.645,447.000,-32.343,-25.962
13.191,241.645,445.000,-32.343,-25.953
13.213,237.580,443.000,-32.343,-25.953
13.235,229.835,442.000,-32.325,-25.915
13.257,229.835,442.000,-32.287,-25.892
13.279,221.224,442.000,-32.287,-25.892
13.301,211.328,444.000,-32.277,-25.852
13.323,200.817,446.000,-32.265,-25.881
13.345,200.817,448.000,-32.265,-25.881
13.367,192.671,452.000,-32.269,-25.864
13.389,188.654,456.000,-32.285,-25.869
13.411,188.654,461.000,-32.314,-25.853
13.433,179.748,466.000,-32.314,-25.853
13.455,172.235,472.000,-32.350,-25.833
13.477,165.136,479.000,-32.391,-25.822
13.499,165.136,486.000,-32.391,-25.822
13.521,158.330,493.000,-32.440,-25.789
13.543,152.285,500.000,-32.510,-25.762
13.566,152.285,506.000,-32.566,-25.713
13.587,146.424,512.000,-32.566,-25.713
13.609,140.470,518.000,-32.631,-25.685
13.631,140.470,523.000,-32.662,-25.637
13.653,137.980,529.000,-32.662,-25.637
13.675,133.738,534.000,-32.725,-25.562
13.697,128.828,539.000,-32.769,-25.526
13.719,128.828,543.000,-32.769,-25.526
13.741,123.456,547.000,-32.775,-25.498
13.763,118.845,552.000,-32.771,-25.472
13.785,118.845,556.000,-32.767,-25.446
13.807,114.193,560.000,-32.767,-25.446
13.829,108.523,564.000,-32.770,-25.339
13.851,108.523,567.000,-32.773,-25.258
13.873,103.822,571.000,-32.773,-25.258
13.895,101.541,575.000,-32.787,-25.245
13.917,96.706,578.000,-32.786,-25.215
13.939,96.706,581.000,-32.786,-25.215
13.961,93.749,585.000,-32.774,-25.206
13.983,90.773,588.000,-32.768,-25.191
14.005,90.773,591.000,-32.775,-25.198
14.027,87.998,594.000,-32.775,-25.198
14.050,87.891,596.000,-32.774,-25.197
14.071,88.140,599.000,-32.777,-25.185
14.093,88.140,600.000,-32.777,-25.185
14.115,89.675,600.000,-32.759,-25.202
14.137,89.679,600.000,-32.751,-25.195
14.159,89.679,599.000,-32.764,-25.187
14.181,92.026,599.000,-32.764,-25.187
14.203,94.153,598.000,-32.773,-25.182
14.225,94.153,597.000,-32.768,-25.176
14.247,97.357,595.000,-32.768,-25.176
14.269,101.186,593.000,-32.764,-25.186
14.291,104.724,590.000,-32.760,-25.192
14.313,104.724,588.000,-32.743,-25.195
14.335,106.753,586.000,-32.743,-25.195
14.357,107.785,583.000,-32.753,-25.193
14.379,107.785,582.000,-32.762,-25.199
14.401,109.557,581.000,-32.762,-25.199
14.423,111.860,580.000,-32.756,-25.191
14.445,113.837,578.000,-32.761,-25.185
14.467,113.837,577.000,-32.761,-25.185
14.489,113.790,576.000,-32.766,-25.179
14.511,114.901,575.000,-32.762,-25.181
14.533,114.901,574.000,-32.766,-25.184
14.555,114.920,574.000,-32.766,-25.184
14.577,113.862,574.000,-32.764,-25.181
14.599,113.862,574.000,-32.763,-25.175
14.621,113.819,574.000,-32.763,-25.175
14.643,113.537,574.000,-32.770,-25.173
14.665,113.093,574.000,-32.774,-25.176
14.687,113.093,574.000,-32.777,-25.177
14.709,112.487,575.000,-32.777,-25.177
14.731,111.686,575.000,-32.776,-25.177
14.753,111.686,575.000,-32.772,-25.184
14.775,111.407,575.000,-32.772,-25.184
14.797,111.392,576.000,-32.772,-25.184
14.819,111.181,576.000,-32.767,-25.183
14.841,111.181,576.000,-32.767,-25.183
14.863,111.020,576.000,-32.759,-25.190
14.885,111.062,576.000,-32.761,-25.190
14.907,111.062,576.000,-32.760,-25.194
14.929,110.885,576.000,-32.760,-25.194
14.951,111.090,577.000,-32.767,-25.186
14.973,111.090,578.000,-32.773,-25.183
14.995,111.178,578.000,-32.773,-25.183
15.017,111.163,577.000,-32.782,-25.178
15.039,111.287,577.000,-32.780,-25.174
15.061,111.287,577.000,-32.780,-25.174
15.083,111.431,577.000,-32.779,-25.177
15.105,111.195,577.000,-32.782,-25.177
15.127,111.195,577.000,-32.775,-25.181
15.149,110.946,577.000,-32.775,-25.181
15.171,110.460,577.000,-32.774,-25.183
15.193,110.460,577.000,-32.766,-25.191
15.215,110.665,577.000,-32.766,-25.191
15.237,111.418,577.000,-32.757,-25.209
15.259,111.502,577.000,-32.760,-25.207
15.281,111.502,577.000,-32.762,-25.205
15.303,111.684,577.000,-32.762,-25.205
15.325,111.600,577.000,-32.765,-25.203
15.347,111.600,577.000,-32.764,-25.204
15.369,111.910,577.000,-32.764,-25.204
15.391,112.183,577.000,-32.764,-25.205
15.413,112.297,576.000,-32.764,-25.213
15.435,112.297,575.000,-32.764,-25.213
15.457,113.092,575.000,-32.761,-25.217
15.479,113.899,575.000,-32.757,-25.217
15.501,113.899,575.000,-32.753,-25.217
15.523,114.711,575.000,-32.753,-25.217
15.545,113.180,575.000,-32.762,-25.208
15.567,113.180,574.000,-32.763,-25.202
15.589,112.971,574.000,-32.763,-25.202
15.611,112.642,575.000,-32.762,-25.197
15.633,111.953,575.000,-32.769,-25.198
15.655,111.953,575.000,-32.771,-25.202
15.677,112.045,576.000,-32.771,-25.202
15.699,111.772,576.000,-32.762,-25.207
15.721,111.772,576.000,-32.761,-25.215
15.743,111.698,576.000,-32.761,-25.215
15.765,111.824,576.000,-32.760,-25.217
15.787,111.850,576.000,-32.759,-25.218
15.809,111.850,576.000,-32.759,-25.218
15.831,111.763,576.000,-32.757,-25.219
15.853,111.455,576.000,-32.755,-25.223
15.875,111.455,576.000,-32.761,-25.223
15.897,110.946,576.000,-32.761,-25.223
15.919,110.885,576.000,-32.760,-25.219
15.941,110.781,577.000,-32.760,-25.215
15.963,110.781,577.000,-32.760,-25.215
15.985,111.269,577.000,-32.759,-25.212
16.007,111.747,577.000,-32.761,-25.216
16.029,111.747,577.000,-32.760,-25.220
16.051,111.972,577.000,-32.760,-25.220
16.073,111.874,577.000,-32.757,-25.219
16.095,111.874,577.000,-32.760,-25.220
16.117,111.898,577.000,-32.760,-25.220
16.139,111.792,577.000,-32.761,-25.220
16.161,111.697,577.000,-32.759,-25.217
16.183,111.697,577.000,-32.759,-25.217
16.204,111.855,577.000,-32.760,-25.216
16.226,111.707,577.000,-32.761,-25.218
16.248,111.707,577.000,-32.759,-25.217
16.270,111.792,577.000,-32.759,-25.217
16.292,111.838,577.000,-32.758,-25.220
16.314,111.838,577.000,-32.758,-25.222
16.336,111.891,577.000,-32.758,-25.222
16.358,111.822,577.000,-32.757,-25.223
16.380,111.645,577.000,-32.759,-25.216
16.402,111.645,577.000,-32.759,-25.216
16.424,112.560,577.000,-32.758,-25.200
16.446,114.237,577.000,-32.800,-25.213
16.468,114.237,576.000,-32.803,-25.226
16.490,118.795,575.000,-32.803,-25.226
16.512,123.708,574.000,-32.802,-25.233
16.534,123.708,572.000,-32.796,-25.228
16.556,129.298,570.000,-32.796,-25.228
16.578,132.041,566.000,-32.785,-25.235
16.600,137.906,563.000,-32.787,-25.247
16.622,137.906,560.000,-32.787,-25.247
16.644,144.397,557.000,-32.781,-25.207
16.666,150.530,553.000,-32.789,-25.165
16.688,150.530,550.000,-32.834,-25.144
16.710,154.690,546.000,-32.834,-25.144
16.732,160.280,543.000,-32.855,-25.123
16.754,166.041,539.000,-32.852,-25.128
16.776,166.041,536.000,-32.852,-25.128
16.798,167.751,532.000,-32.842,-25.147
16.820,168.816,528.000,-32.852,-25.145
16.842,168.816,525.000,-32.861,-25.136
16.864,171.551,522.000,-32.861,-25.136
16.886,177.943,520.000,-32.872,-25.135
16.908,184.036,518.000,-32.892,-25.132
16.930,184.036,515.000,-32.892,-25.132
16.952,190.511,512.000,-32.905,-25.179
16.974,197.615,509.000,-32.935,-25.194
16.996,197.615,505.000,-32.935,-25.194
17.018,201.514,501.000,-32.988,-25.227
17.040,203.841,497.000,-33.035,-25.235
17.062,203.841,493.000,-33.138,-25.266
17.084,207.873,490.000,-33.138,-25.266
17.106,211.646,487.000,-33.226,-25.295
17.128,211.646,484.000,-33.327,-25.300
17.150,215.492,481.000,-33.327,-25.300
17.172,217.545,478.000,-33.399,-25.344
17.194,219.892,475.000,-33.428,-25.407
17.216,219.892,473.000,-33.519,-25.403
17.238,220.737,470.000,-33.519,-25.403
17.260,221.771,468.000,-33.589,-25.384
17.282,221.771,468.000,-33.622,-25.413
17.304,221.160,467.000,-33.622,-25.413
17.326,222.387,466.000,-33.663,-25.454
17.348,220.905,466.000,-33.709,-25.467
17.370,220.905,466.000,-33.745,-25.473
17.392,219.293,467.000,-33.745,-25.473
17.414,217.798,468.000,-33.762,-25.463
17.436,217.798,469.000,-33.763,-25.474
17.458,216.192,469.000,-33.763,-25.474
17.480,215.285,470.000,-33.865,-25.503
17.502,215.285,471.000,-34.103,-25.589
17.524,212.956,472.000,-34.103,-25.589
17.546,211.989,473.000,-34.234,-25.645
17.568,210.307,475.000,-34.450,-25.718
17.590,210.307,476.000,-34.450,-25.718
17.612,208.323,477.000,-34.512,-25.695
17.634,206.615,478.000,-34.491,-25.726
17.656,206.615,480.000,-34.506,-25.726
17.678,207.272,481.000,-34.506,-25.726
17.700,204.514,481.000,-34.535,-25.724
17.722,200.595,481.000,-34.554,-25.713
17.744,200.595,482.000,-34.554,-25.713
17.766,196.007,483.000,-34.573,-25.703
17.788,194.104,485.000,-34.585,-25.704
17.810,194.104,488.000,-34.640,-25.685
17.832,189.948,490.000,-34.640,-25.685
17.854,185.024,493.000,-34.697,-25.699
17.876,185.024,495.000,-34.793,-25.674
17.898,180.262,498.000,-34.793,-25.674
17.920,176.696,501.000,-34.902,-25.666
17.942,172.941,504.000,-35.016,-25.642
17.964,172.941,507.000,-35.136,-25.603
17.986,169.210,510.000,-35.136,-25.603
18.008,166.467,513.000,-35.239,-25.606
18.030,166.467,516.000,-35.270,-25.600
18.052,163.091,518.000,-35.270,-25.600
18.074,159.355,521.000,-35.328,-25.559
18.096,156.709,523.000,-35.378,-25.435
18.118,156.709,525.000,-35.378,-25.435
18.140,153.901,528.000,-35.463,-25.361
18.162,149.848,530.000,-35.617,-25.295
18.184,149.848,533.000,-35.715,-25.179
18.206,146.018,535.000,-35.715,-25.179
18.228,141.623,538.000,-35.821,-25.118
18.250,141.623,540.000,-35.890,-25.086
18.272,139.480,542.000,-35.890,-25.086
18.294,137.129,545.000,-35.924,-24.958
18.316,133.913,547.000,-35.998,-24.895
18.338,133.913,549.000,-35.998,-24.895
18.360,131.736,552.000,-36.053,-24.872
18.382,128.342,554.000,-36.071,-24.783
18.404,128.342,556.000,-36.101,-24.694
18.426,125.676,558.000,-36.101,-24.694
18.448,123.534,561.000,-36.196,-24.592
18.470,121.109,562.000,-36.224,-24.434
18.492,121.109,563.000,-36.224,-24.434
18.514,120.023,564.000,-36.258,-24.369
18.536,117.175,566.000,-36.306,-24.254
18.558,117.175,567.000,-36.326,-24.102
18.580,114.376,568.000,-36.326,-24.102
18.602,111.712,569.000,-36.377,-23.979
18.624,108.239,571.000,-36.388,-23.842
18.646,108.239,573.000,-36.388,-23.842
18.668,105.668,576.000,-36.385,-23.752
18.690,102.825,578.000,-36.414,-23.659
18.712,102.825,580.000,-36.414,-23.659
18.734,100.042,583.000,-36.410,-23.525
18.756,98.114,585.000,-36.390,-23.458
18.778,98.114,587.000,-36.411,-23.347
18.800,96.094,589.000,-36.411,-23.347
18.822,93.026,591.000,-36.402,-23.239
18.844,90.902,592.000,-36.385,-23.133
18.866,90.902,592.000,-36.385,-23.133
18.888,87.769,594.000,-36.372,-23.010
18.910,85.726,596.000,-36.318,-22.885
18.933,85.726,598.000,-36.298,-22.782
18.954,82.799,600.000,-36.298,-22.782
18.976,79.717,603.000,-36.287,-22.685
18.998,79.717,605.000,-36.261,-22.659
19.020,78.512,607.000,-36.261,-22.659
19.042,75.893,609.000,-36.180,-22.567
19.064,73.842,610.000,-36.144,-22.470
19.086,73.842,610.000,-36.105,-22.371
19.108,71.969,611.000,-36.105,-22.371
19.130,69.788,613.000,-36.030,-22.243
19.152,69.788,615.000,-35.999,-22.177
19.174,66.330,618.000,-35.999,-22.177
19.196,63.967,620.000,-36.008,-22.124
19.218,63.617,621.000,-35.982,-22.100
19.240,63.617,622.000,-35.982,-22.100
19.262,60.695,623.000,-35.892,-22.030
19.284,59.162,625.000,-35.822,-21.934
19.306,59.162,627.000,-35.822,-21.934
19.328,55.795,628.000,-35.752,-21.828
19.350,54.552,629.000,-35.648,-21.751
19.372,54.552,630.000,-35.580,-21.646
19.394,51.653,632.000,-35.580,-21.646
19.416,49.324,634.000,-35.468,-21.575
19.438,47.444,637.000,-35.395,-21.507
19.460,47.444,638.000,-35.395,-21.507
19.482,45.706,639.000,-35.376,-21.458
19.504,44.667,640.000,-35.413,-21.448
19.527,44.667,642.000,-35.443,-21.386
19.548,42.129,643.000,-35.443,-21.386
19.570,41.982,644.000,-35.449,-21.364
19.592,42.419,645.000,-35.408,-21.373
19.614,42.419,647.000,-35.408,-21.373
19.636,42.055,648.000,-35.397,-21.416
19.658,43.168,649.000,-35.336,-21.449
19.680,43.168,649.000,-35.240,-21.428
19.702,42.068,649.000,-35.240,-21.428
19.724,40.801,648.000,-35.204,-21.409
19.746,40.801,646.000,-35.125,-21.356
19.768,39.113,644.000,-35.125,-21.356
19.790,38.219,643.000,-35.016,-21.308
19.812,37.866,643.000,-34.888,-21.267
19.834,37.866,644.000,-34.888,-21.267
19.856,35.626,645.000,-34.768,-21.191
19.878,34.287,647.000,-34.644,-21.135
19.900,34.287,649.000,-34.567,-21.073
19.922,32.311,652.000,-34.567,-21.073
19.944,31.097,654.000,-34.484,-21.029
19.966,31.097,655.000,-34.409,-21.012
19.988,29.930,656.000,-34.409,-21.012
20.010,29.618,657.000,-34.291,-21.002
20.032,26.709,659.000,-34.153,-20.953
20.054,26.709,661.000,-34.013,-20.897
20.076,24.713,661.000,-34.013,-20.897
20.098,23.232,662.000,-33.877,-20.852
20.120,23.232,663.000,-33.758,-20.842
20.142,22.760,665.000,-33.758,-20.842
20.164,20.807,665.000,-33.685,-20.819
20.186,19.035,665.000,-33.607,-20.801
20.208,19.035,666.000,-33.607,-20.801
20.230,17.458,667.000,-33.500,-20.808
20.252,15.975,669.000,-33.451,-20.770
20.274,15.975,671.000,-33.438,-20.724
20.296,15.152,671.000,-33.438,-20.724
20.318,15.508,672.000,-33.413,-20.645
20.340,15.508,672.000,-33.395,-20.696
20.362,16.539,672.000,-33.395,-20.696
20.384,17.615,672.000,-33.337,-20.710
20.406,16.208,672.000,-33.224,-20.688
20.428,16.208,671.000,-33.224,-20.688
20.450,15.564,671.000,-33.187,-20.680
20.472,15.259,671.000,-33.139,-20.666
20.494,15.259,672.000,-33.035,-20.661
20.516,14.281,672.000,-33.035,-20.661
20.538,14.672,673.000,-32.908,-20.648
20.560,13.914,673.000,-32.810,-20.619
20.582,13.914,674.000,-32.810,-20.619
20.604,12.836,674.000,-32.670,-20.616
20.626,11.664,675.000,-32.580,-20.608
20.648,11.664,675.000,-32.581,-20.586
20.670,10.391,675.000,-32.581,-20.586
20.692,9.294,677.000,-32.580,-20.556
20.714,9.294,677.000,-32.576,-20.529
20.736,8.328,678.000,-32.576,-20.529
20.758,7.009,679.000,-32.548,-20.494
20.780,5.638,679.000,-32.513,-20.498
20.802,5.638,680.000,-32.513,-20.498
20.824,5.265,682.000,-32.485,-20.508
20.846,5.057,683.000,-32.475,-20.507
20.868,5.057,683.000,-32.438,-20.565
20.890,5.124,683.000,-32.438,-20.565
20.912,5.210,683.000,-32.387,-20.549
20.934,4.037,683.000,-32.360,-20.518
20.956,4.037,683.000,-32.360,-20.518
20.978,5.086,683.000,-32.323,-20.495
21.000,4.903,683.000,-32.284,-20.487
21.022,4.903,683.000,-32.241,-20.484
21.044,4.940,683.000,-32.241,-20.484
21.066,4.667,683.000,-32.176,-20.436
21.088,4.667,683.000,-32.120,-20.395
21.110,5.330,683.000,-32.120,-20.395
21.132,8.112,683.000,-32.068,-20.339
21.154,10.358,682.000,-32.009,-20.299
21.176,10.358,681.000,-32.009,-20.299
21.198,10.986,679.000,-31.974,-20.262
21.220,14.132,677.000,-31.883,-20.212
21.242,14.132,677.000,-31.777,-20.197
21.264,15.993,677.000,-31.777,-20.197
21.286,17.323,675.000,-31.703,-20.182
21.308,18.491,673.000,-31.643,-20.145
21.330,18.491,671.000,-31.643,-20.145
21.352,19.097,670.000,-31.590,-20.162
21.374,19.081,669.000,-31.591,-20.193
21.396,19.081,668.000,-31.560,-20.247
21.418,19.059,667.000,-31.560,-20.247
21.441,17.496,667.000,-31.507,-20.282
21.462,17.496,668.000,-31.413,-20.252
21.484,14.782,669.000,-31.413,-20.252
21.506,11.668,671.000,-31.351,-20.224
21.528,7.820,673.000,-31.288,-20.231
21.550,7.820,676.000,-31.288,-20.231
21.572,4.357,678.000,-31.144,-20.250
21.595,0.302,680.000,-31.016,-20.243
21.617,0.302,683.000,-30.894,-20.249
21.639,356.212,685.000,-30.894,-20.249
21.661,352.457,687.000,-30.780,-20.295
21.683,352.457,690.000,-30.723,-20.307
21.705,350.473,692.000,-30.723,-20.307
21.727,347.676,694.000,-30.641,-20.365
21.749,343.447,697.000,-30.537,-20.417
21.771,343.447,699.000,-30.466,-20.459
21.793,338.764,702.000,-30.466,-20.459
21.815,333.873,704.000,-30.397,-20.534
21.837,333.873,707.000,-30.304,-20.592
21.859,328.783,709.000,-30.304,-20.592
21.881,323.820,712.000,-30.202,-20.690
21.903,321.759,716.000,-30.177,-20.747
21.925,321.759,719.000,-30.177,-20.747
21.947,317.173,722.000,-30.122,-20.822
21.969,311.699,725.000,-30.053,-20.897
21.992,311.699,728.000,-30.001,-21.017
22.013,307.592,730.000,-30.001,-21.017
22.035,303.153,734.000,-29.947,-21.072
22.057,303.153,737.000,-29.905,-21.082
22.079,298.206,740.000,-29.905,-21.082
22.101,293.544,743.000,-29.866,-21.098
22.123,290.610,746.000,-29.865,-21.163
22.145,290.610,749.000,-29.875,-21.203
22.167,289.310,752.000,-29.875,-21.203
22.189,288.352,755.000,-29.838,-21.205
22.211,288.352,757.000,-29.758,-21.220
22.233,286.456,759.000,-29.758,-21.220
22.255,286.463,762.000,-29.711,-21.317
22.277,286.033,762.000,-29.659,-21.411
22.299,286.033,762.000,-29.659,-21.411
22.321,285.532,762.000,-29.614,-21.508
22.343,285.810,762.000,-29.590,-21.619
22.366,285.810,762.000,-29.569,-21.725
22.387,286.226,762.000,-29.569,-21.725
22.409,286.292,762.000,-29.546,-21.755
22.431,286.292,762.000,-29.564,-21.839
22.454,286.198,762.000,-29.564,-21.839
22.476,286.123,762.000,-29.577,-21.919
22.498,284.999,762.000,-29.532,-22.030
22.520,284.999,762.000,-29.539,-22.174
22.543,283.532,763.000,-29.539,-22.174
22.565,282.879,764.000,-29.521,-22.313
22.588,282.362,765.000,-29.494,-22.421
22.611,282.362,765.000,-29.494,-22.421
22.634,282.315,765.000,-29.470,-22.539
22.657,280.515,765.000,-29.436,-22.587
22.679,280.515,765.000,-29.410,-22.633
22.702,280.613,765.000,-29.410,-22.633
22.723,280.015,767.000,-29.467,-22.746
22.746,279.177,767.000,-29.444,-22.826
22.769,279.177,767.000,-29.431,-22.907
22.791,278.345,768.000,-29.431,-22.907
22.813,277.399,769.000,-29.436,-22.943
22.835,277.399,770.000,-29.426,-23.029
22.859,275.709,770.000,-29.426,-23.029
22.881,273.997,770.000,-29.433,-23.100
22.905,271.615,772.000,-29.469,-23.150
22.927,271.615,774.000,-29.467,-23.226
22.950,270.216,776.000,-29.467,-23.226
22.972,267.415,778.000,-29.505,-23.360
22.995,265.304,778.000,-29.533,-23.474
23.019,265.304,778.000,-29.567,-23.589
23.040,263.137,780.000,-29.567,-23.589
23.062,260.262,782.000,-29.604,-23.716
23.085,260.262,784.000,-29.611,-23.845
23.108,257.661,786.000,-29.611,-23.845
23.129,256.550,788.000,-29.642,-23.921
23.152,254.391,791.000,-29.683,-24.013
23.174,254.391,791.000,-29.658,-24.026
23.197,252.251,792.000,-29.658,-24.026
23.220,249.778,793.000,-29.622,-24.060
23.244,247.701,795.000,-29.647,-24.091
23.266,247.701,798.000,-29.647,-24.091
23.289,246.127,800.000,-29.740,-24.173
23.312,245.052,801.000,-29.781,-24.248
23.335,243.638,801.000,-29.796,-24.313
23.359,243.638,802.000,-29.796,-24.313
23.381,241.979,803.000,-29.793,-24.347
23.403,241.941,805.000,-29.782,-24.400
23.424,241.941,807.000,-29.782,-24.400
23.446,240.829,807.000,-29.802,-24.470
23.468,239.423,807.000,-29.871,-24.558
23.491,238.408,807.000,-29.937,-24.642
23.515,238.408,808.000,-29.937,-24.642
23.537,236.217,809.000,-29.930,-24.712
23.559,234.801,811.000,-29.926,-24.766
23.581,234.801,811.000,-29.994,-24.783
23.604,234.842,812.000,-29.994,-24.783
23.627,234.563,813.000,-30.045,-24.808
23.649,232.902,814.000,-30.119,-24.859
23.672,232.902,814.000,-30.119,-24.859
23.695,230.825,814.000,-30.153,-24.896
23.717,227.352,816.000,-30.180,-24.955
23.738,227.352,817.000,-30.258,-24.955
23.760,224.378,820.000,-30.258,-24.955
23.782,221.757,822.000,-30.346,-24.958
23.804,219.563,823.000,-30.384,-25.013
23.824,219.563,824.000,-30.384,-25.013
23.846,217.323,825.000,-30.429,-25.060
23.867,214.602,827.000,-30.552,-25.097
23.888,214.602,829.000,-30.552,-25.097
23.909,211.602,831.000,-30.643,-25.169
23.931,208.147,833.000,-30.787,-25.229
23.951,208.147,836.000,-30.787,-25.229
23.972,204.429,838.000,-30.920,-25.265
23.993,201.862,840.000,-30.998,-25.292
24.013,201.862,842.000,-30.998,-25.292
24.034,198.724,844.000,-31.119,-25.284
24.055,195.858,846.000,-31.212,-25.313
24.075,195.858,848.000,-31.212,-25.313
24.096,192.955,851.000,-31.294,-25.334
24.117,190.965,853.000,-31.419,-25.330
24.138,190.965,855.000,-31.419,-25.330
24.159,187.078,857.000,-31.526,-25.330
24.180,184.360,859.000,-31.580,-25.320
24.200,184.360,860.000,-31.580,-25.320
24.221,180.586,861.000,-31.692,-25.313
24.242,176.306,862.000,-31.807,-25.275
24.262,176.306,863.000,-31.807,-25.275
24.283,171.598,866.000,-31.896,-25.290
24.304,168.924,869.000,-31.963,-25.281
24.324,168.924,871.000,-31.963,-25.281
24.344,167.534,874.000,-32.002,-25.262
24.364,167.534,876.000,-32.079,-25.216
24.384,165.097,878.000,-32.079,-25.216
24.404,161.614,880.000,-32.201,-25.161
24.424,161.614,882.000,-32.289,-25.112
24.444,157.432,885.000,-32.289,-25.112
24.464,154.525,887.000,-32.358,-25.085
24.484,154.525,889.000,-32.358,-25.085
24.504,152.717,891.000,-32.435,-25.006
24.524,147.912,893.000,-32.528,-24.959
24.544,147.912,895.000,-32.528,-24.959
24.565,144.174,897.000,-32.586,-24.934
24.585,144.174,899.000,-32.571,-24.955
24.605,143.364,901.000,-32.571,-24.955
24.625,141.574,903.000,-32.616,-24.909
24.645,141.574,905.000,-32.664,-24.810
24.665,136.934,907.000,-32.664,-24.810
24.685,132.464,907.000,-32.733,-24.726
24.706,132.464,908.000,-32.810,-24.664
24.726,128.873,910.000,-32.810,-24.664
24.746,125.415,912.000,-32.839,-24.568
24.767,125.415,915.000,-32.892,-24.502
24.787,121.592,918.000,-32.892,-24.502
24.807,118.957,920.000,-32.928,-24.395
24.827,118.957,923.000,-32.928,-24.395
24.847,116.896,925.000,-32.972,-24.329
24.867,113.460,927.000,-33.009,-24.212
24.887,113.460,929.000,-33.009,-24.212
24.907,110.493,932.000,-33.038,-24.079
24.927,108.085,934.000,-33.087,-23.950
24.948,108.085,936.000,-33.087,-23.950
24.968,105.344,938.000,-33.113,-23.810
24.988,105.344,940.000,-33.136,-23.672
25.008,102.763,942.000,-33.136,-23.672
25.028,100.285,944.000,-33.152,-23.534
25.049,100.285,946.000,-33.153,-23.452
25.071,99.001,946.000,-33.153,-23.452
25.091,97.950,947.000,-33.168,-23.407
25.111,97.950,948.000,-33.201,-23.389
25.131,95.747,950.000,-33.201,-23.389
25.151,94.178,952.000,-33.172,-23.296
25.173,94.178,953.000,-33.111,-23.219
25.193,91.503,953.000,-33.111,-23.219
25.214,90.785,953.000,-33.130,-23.177
25.234,90.785,955.000,-33.134,-23.099
25.255,88.622,956.000,-33.134,-23.099
25.275,86.569,958.000,-33.099,-23.005
25.296,86.569,960.000,-33.099,-23.005
25.316,85.274,960.000,-33.068,-22.982
25.337,82.968,961.000,-33.058,-22.912
25.357,82.968,962.000,-33.058,-22.912
25.378,80.235,962.000,-33.002,-22.794
25.398,78.691,963.000,-33.004,-22.689
25.420,78.691,965.000,-33.004,-22.689
25.440,74.353,967.000,-32.958,-22.574
25.461,72.352,970.000,-32.894,-22.472
25.481,72.352,972.000,-32.894,-22.472
25.502,69.504,974.000,-32.875,-22.416
25.524,66.865,976.000,-32.854,-22.345
25.544,66.865,978.000,-32.854,-22.345
25.565,64.794,980.000,-32.826,-22.282
25.587,63.593,982.000,-32.781,-22.203
25.607,63.593,984.000,-32.781,-22.203
25.628,60.027,984.000,-32.784,-22.119
25.648,58.545,985.000,-32.752,-22.034
25.670,58.545,987.000,-32.697,-21.946
25.691,57.256,989.000,-32.697,-21.946
25.711,55.465,990.000,-32.616,-21.882
25.733,55.465,990.000,-32.536,-21.819
25.754,53.721,991.000,-32.536,-21.819
25.774,52.142,992.000,-32.500,-21.719
25.796,52.142,994.000,-32.466,-21.664
25.817,51.188,995.000,-32.466,-21.664
25.838,50.044,996.000,-32.361,-21.651
25.859,50.044,997.000,-32.284,-21.599
25.880,49.076,997.000,-32.284,-21.599
25.900,46.665,998.000,-32.213,-21.504
25.922,46.665,998.000,-32.087,-21.423
25.943,45.665,998.000,-32.087,-21.423
25.964,44.389,999.000,-32.050,-21.379
25.985,44.389,1001.000,-32.035,-21.306
26.006,42.154,1003.000,-32.035,-21.306
26.027,40.414,1005.000,-31.929,-21.274
26.048,40.414,1006.000,-31.856,-21.264
26.069,39.239,1006.000,-31.856,-21.264
26.090,38.802,1007.000,-31.806,-21.214
26.111,38.802,1008.000,-31.692,-21.154
26.132,37.453,1008.000,-31.692,-21.154
26.153,35.791,1010.000,-31.554,-21.122
26.174,35.791,1010.000,-31.497,-21.065
26.195,33.619,1011.000,-31.497,-21.065
26.216,32.481,1012.000,-31.476,-21.049
26.238,32.481,1014.000,-31.389,-21.030
26.259,28.868,1015.000,-31.389,-21.030
26.280,26.732,1016.000,-31.317,-21.025
26.301,24.313,1017.000,-31.258,-21.012
26.322,24.313,1018.000,-31.258,-21.012
26.343,21.937,1021.000,-31.214,-20.985
26.364,19.473,1023.000,-31.150,-20.976
26.385,19.473,1025.000,-31.150,-20.976
26.406,17.162,1027.000,-31.088,-20.961
26.427,12.571,1029.000,-31.043,-20.924
26.448,12.571,1030.000,-31.043,-20.924
26.469,10.024,1031.000,-30.966,-20.932
26.490,6.193,1032.000,-30.868,-20.906
26.511,6.193,1034.000,-30.868,-20.906
26.532,2.661,1036.000,-30.780,-20.887
26.553,359.633,1039.000,-30.710,-20.873
26.574,359.633,1041.000,-30.710,-20.873
26.595,357.505,1044.000,-30.634,-20.862
26.616,355.906,1047.000,-30.543,-20.911
26.637,355.906,1049.000,-30.543,-20.911
26.658,350.933,1051.000,-30.442,-20.892
26.679,348.682,1053.000,-30.459,-20.866
26.700,348.682,1055.000,-30.459,-20.866
26.721,345.494,1058.000,-30.397,-20.825
26.742,344.361,1060.000,-30.389,-20.869
26.763,344.361,1062.000,-30.389,-20.869
26.784,344.266,1063.000,-30.379,-20.871
26.805,343.718,1063.000,-30.371,-20.872
26.826,343.718,1063.000,-30.371,-20.872
26.847,343.104,1064.000,-30.385,-20.913
26.868,343.596,1064.000,-30.363,-20.935
26.889,343.596,1064.000,-30.312,-20.958
26.910,341.546,1064.000,-30.312,-20.958
26.931,340.085,1064.000,-30.254,-20.995
26.952,340.085,1065.000,-30.205,-20.989
26.973,336.553,1067.000,-30.205,-20.989
26.994,333.010,1069.000,-30.172,-20.968
27.015,333.010,1071.000,-30.176,-20.964
27.036,333.065,1073.000,-30.176,-20.964
27.057,331.966,1075.000,-30.099,-21.014
27.078,331.966,1075.000,-30.058,-21.062
27.099,329.898,1075.000,-30.058,-21.062
27.120,329.893,1077.000,-30.055,-21.049
27.141,329.893,1078.000,-29.989,-21.049
27.162,329.186,1079.000,-29.989,-21.049
27.183,328.918,1079.000,-29.917,-21.091
27.204,328.611,1079.000,-29.847,-21.129
27.225,328.611,1079.000,-29.847,-21.129
27.246,329.201,1079.000,-29.776,-21.122
27.267,328.277,1079.000,-29.730,-21.144
27.288,328.277,1079.000,-29.730,-21.144
27.309,328.991,1079.000,-29.670,-21.150
27.330,328.991,1079.000,-29.590,-21.198
27.351,328.766,1079.000,-29.590,-21.198
27.372,329.462,1079.000,-29.504,-21.263
27.393,329.144,1079.000,-29.396,-21.315
27.414,329.144,1079.000,-29.396,-21.315
27.435,328.732,1079.000,-29.276,-21.410
27.456,329.503,1079.000,-29.196,-21.477
27.477,329.503,1079.000,-29.196,-21.477
27.498,328.379,1079.000,-29.108,-21.548
27.519,327.822,1079.000,-29.048,-21.595
27.540,327.822,1079.000,-29.048,-21.595
27.561,327.487,1079.000,-28.983,-21.649
27.582,326.753,1080.000,-28.924,-21.619
27.603,326.753,1081.000,-28.924,-21.619
27.624,326.724,1081.000,-28.872,-21.662
27.645,326.622,1081.000,-28.824,-21.741
27.666,326.622,1081.000,-28.824,-21.741
27.687,326.188,1081.000,-28.782,-21.799
27.708,325.070,1081.000,-28.726,-21.871
27.729,325.070,1081.000,-28.726,-21.871
27.750,324.123,1081.000,-28.686,-21.895
27.771,322.498,1083.000,-28.636,-21.912
27.792,322.498,1083.000,-28.636,-21.912
27.813,321.096,1084.000,-28.583,-21.991
27.834,319.393,1085.000,-28.513,-22.060
27.855,319.393,1087.000,-28.513,-22.060
27.876,317.524,1088.000,-28.412,-22.109
27.897,315.549,1089.000,-28.351,-22.216
27.918,315.549,1090.000,-28.290,-22.290
27.939,314.341,1092.000,-28.290,-22.290
27.960,312.150,1093.000,-28.253,-22.279
27.981,312.150,1093.000,-28.253,-22.262
28.002,312.219,1094.000,-28.253,-22.262
28.023,309.675,1095.000,-28.196,-22.247
28.044,309.675,1095.000,-28.156,-22.332
28.065,307.007,1096.000,-28.156,-22.332
28.086,305.905,1097.000,-28.155,-22.397
28.107,305.905,1099.000,-28.125,-22.420
28.128,304.684,1101.000,-28.125,-22.420
28.150,305.207,1103.000,-28.142,-22.447
28.171,305.207,1104.000,-28.132,-22.510
28.192,306.714,1103.000,-28.132,-22.510
28.213,303.869,1102.000,-28.017,-22.651
28.234,301.846,1101.000,-27.929,-22.785
28.256,301.846,1102.000,-27.929,-22.785
28.277,302.365,1103.000,-27.924,-22.803
28.299,301.450,1105.000,-27.846,-22.782
28.320,301.450,1106.000,-27.846,-22.782
28.341,301.254,1106.000,-27.809,-22.808
28.362,302.030,1106.000,-27.801,-22.893
28.383,302.030,1106.000,-27.801,-22.893
28.404,302.485,1106.000,-27.783,-22.957
28.425,304.327,1106.000,-27.721,-23.019
28.446,304.327,1106.000,-27.721,-23.019
28.467,305.918,1105.000,-27.654,-23.030
28.488,306.390,1104.000,-27.616,-23.037
28.509,306.390,1102.000,-27.616,-23.037
28.530,308.725,1102.000,-27.522,-23.089
28.551,309.515,1101.000,-27.439,-23.199
28.572,309.515,1100.000,-27.439,-23.199
28.593,310.729,1100.000,-27.359,-23.305
28.614,312.282,1099.000,-27.278,-23.400
28.635,312.282,1097.000,-27.278,-23.400
28.656,313.946,1096.000,-27.247,-23.474
28.677,314.585,1095.000,-27.236,-23.546
28.698,314.585,1094.000,-27.249,-23.566
28.719,316.096,1094.000,-27.249,-23.566
28.740,315.666,1093.000,-27.223,-23.580
28.761,315.666,1092.000,-27.190,-23.637
28.782,314.948,1092.000,-27.190,-23.637
28.803,313.476,1093.000,-27.130,-23.752
28.824,313.476,1094.000,-27.071,-23.789
28.845,310.604,1094.000,-27.071,-23.789
28.866,309.249,1095.000,-27.051,-23.780
28.888,309.249,1097.000,-27.018,-23.860
28.909,306.699,1098.000,-27.018,-23.860
28.930,304.361,1099.000,-26.996,-23.976
28.951,304.361,1100.000,-26.978,-24.035
28.972,302.279,1101.000,-26.978,-24.035
28.993,300.824,1103.000,-26.963,-24.123
29.014,300.824,1106.000,-26.893,-24.227
29.036,297.263,1108.000,-26.893,-24.227
29.057,292.293,1110.000,-26.875,-24.364
29.078,288.237,1110.000,-26.850,-24.469
29.100,288.237,1111.000,-26.850,-24.469
29.122,285.478,1112.000,-26.836,-24.587
29.144,282.080,1114.000,-26.862,-24.688
29.166,282.080,1117.000,-26.832,-24.795
29.188,279.084,1120.000,-26.832,-24.795
29.210,277.526,1123.000,-26.843,-24.853
29.232,277.526,1125.000,-26.859,-24.972
29.254,275.147,1128.000,-26.859,-24.972
29.276,271.954,1130.000,-26.861,-25.091
29.298,268.850,1132.000,-26.872,-25.208
29.319,268.850,1135.000,-26.872,-25.208
29.341,266.212,1137.000,-26.877,-25.281
29.363,262.668,1139.000,-26.889,-25.336
29.385,262.668,1141.000,-26.899,-25.436
29.407,258.417,1144.000,-26.899,-25.436
29.429,255.756,1146.000,-26.961,-25.516
29.451,255.756,1148.000,-26.984,-25.537
29.473,253.730,1151.000,-26.984,-25.537
29.495,250.661,1153.000,-27.004,-25.639
29.517,247.392,1155.000,-27.068,-25.765
29.539,247.392,1157.000,-27.068,-25.765
29.561,244.469,1159.000,-27.136,-25.853
29.583,241.951,1162.000,-27.176,-25.943
29.605,241.951,1163.000,-27.243,-26.047
29.627,239.213,1164.000,-27.243,-26.047
29.649,237.072,1165.000,-27.324,-26.130
29.671,237.072,1167.000,-27.328,-26.188
29.693,233.017,1169.000,-27.328,-26.188
29.715,233.575,1172.000,-27.322,-26.169
29.737,230.863,1174.000,-27.295,-26.203
29.760,230.863,1174.000,-27.286,-26.269
29.781,229.744,1175.000,-27.286,-26.269
29.803,229.974,1176.000,-27.314,-26.351
29.825,229.974,1178.000,-27.320,-26.445
29.847,230.009,1178.000,-27.320,-26.445
29.869,231.881,1178.000,-27.350,-26.524
29.891,234.041,1178.000,-27.388,-26.600
29.913,234.041,1177.000,-27.416,-26.666
29.935,234.700,1176.000,-27.416,-26.666
29.957,236.961,1175.000,-27.480,-26.724
29.980,236.961,1173.000,-27.546,-26.788
30.001,238.446,1172.000,-27.546,-26.788
30.023,239.283,1171.000,-27.573,-26.851
30.045,238.681,1170.000,-27.584,-26.886
30.067,238.681,1168.000,-27.584,-26.886
30.089,238.722,1167.000,-27.563,-26.862
30.111,237.362,1166.000,-27.573,-26.845
30.133,237.362,1166.000,-27.607,-26.845
30.155,234.004,1166.000,-27.607,-26.845
30.177,230.197,1167.000,-27.634,-26.872
30.199,230.197,1169.000,-27.678,-26.895
30.221,222.005,1172.000,-27.678,-26.895
30.243,214.449,1175.000,-27.673,-26.921
30.265,208.662,1179.000,-27.706,-26.916
30.287,208.662,1183.000,-27.706,-26.916
30.309,202.937,1188.000,-27.778,-26.951
30.331,197.427,1192.000,-27.853,-26.981
30.354,197.427,1196.000,-27.953,-26.961
30.375,192.405,1200.000,-27.953,-26.961
30.397,188.828,1205.000,-28.047,-26.958
30.419,185.614,1208.000,-28.133,-26.972
30.441,185.614,1212.000,-28.133,-26.972
30.463,182.382,1215.000,-28.221,-26.971
30.485,178.237,1219.000,-28.339,-26.950
30.508,178.237,1222.000,-28.434,-26.961
30.529,173.274,1224.000,-28.434,-26.961
30.552,169.649,1228.000,-28.534,-26.909
30.573,169.649,1230.000,-28.635,-26.859
30.595,165.793,1233.000,-28.635,-26.859
30.616,163.118,1236.000,-28.671,-26.841
30.638,163.118,1239.000,-28.765,-26.794
30.660,158.231,1241.000,-28.765,-26.794
30.682,156.416,1244.000,-28.810,-26.733
30.703,152.580,1247.000,-28.880,-26.702
30.726,152.580,1249.000,-28.970,-26.647
30.747,148.604,1252.000,-28.970,-26.647
30.769,144.212,1254.000,-29.054,-26.574
30.791,144.212,1257.000,-29.138,-26.465
30.813,140.693,1259.000,-29.138,-26.465
30.835,137.209,1262.000,-29.183,-26.411
30.857,133.164,1265.000,-29.226,-26.427
30.879,133.164,1267.000,-29.226,-26.427
30.901,130.199,1270.000,-29.265,-26.349
30.923,127.615,1273.000,-29.295,-26.292
30.945,127.615,1275.000,-29.325,-26.195
30.967,124.238,1278.000,-29.325,-26.195
30.989,120.868,1280.000,-29.363,-26.103
31.011,120.868,1282.000,-29.419,-26.119
31.033,118.056,1285.000,-29.419,-26.119
31.055,115.084,1287.000,-29.484,-26.123
31.077,112.751,1289.000,-29.489,-26.035
31.099,112.751,1292.000,-29.489,-26.035
31.121,112.559,1294.000,-29.458,-25.942
31.143,111.191,1295.000,-29.492,-25.850
31.165,111.191,1295.000,-29.519,-25.807
31.187,109.825,1296.000,-29.519,-25.807
31.209,107.637,1297.000,-29.577,-25.753
31.231,107.589,1299.000,-29.621,-25.685
31.253,107.589,1300.000,-29.621,-25.685
31.275,107.574,1300.000,-29.631,-25.579
31.297,105.897,1300.000,-29.656,-25.484
31.319,105.897,1301.000,-29.656,-25.383
31.341,105.614,1301.000,-29.656,-25.383
31.363,104.963,1302.000,-29.713,-25.310
31.385,102.561,1302.000,-29.761,-25.220
31.407,102.561,1302.000,-29.761,-25.220
31.429,102.805,1304.000,-29.726,-25.179
31.451,103.237,1305.000,-29.687,-25.104
31.473,103.237,1306.000,-29.687,-25.104
31.495,101.423,1305.000,-29.707,-24.996
31.517,98.106,1305.000,-29.726,-24.916
31.539,98.106,1306.000,-29.735,-24.887
31.561,95.522,1307.000,-29.735,-24.887
31.583,94.872,1309.000,-29.748,-24.821
31.605,92.731,1312.000,-29.725,-24.723
31.627,92.731,1313.000,-29.725,-24.723
31.648,89.752,1314.000,-29.712,-24.629
31.670,86.686,1315.000,-29.707,-24.551
31.692,86.686,1317.000,-29.689,-24.461
31.714,83.937,1319.000,-29.689,-24.461
31.736,80.146,1321.000,-29.634,-24.367
31.758,80.146,1323.000,-29.620,-24.267
31.780,77.835,1326.000,-29.620,-24.267
31.802,75.391,1328.000,-29.599,-24.169
31.824,71.431,1330.000,-29.517,-24.060
31.846,71.431,1333.000,-29.517,-24.060
31.868,68.791,1335.000,-29.500,-23.987
31.890,66.132,1337.000,-29.492,-23.945
31.912,66.132,1339.000,-29.461,-23.871
31.934,62.858,1341.000,-29.461,-23.871
31.956,60.410,1344.000,-29.380,-23.815
31.978,60.410,1345.000,-29.333,-23.756
32.000,58.005,1346.000,-29.333,-23.756
32.022,55.777,1347.000,-29.266,-23.676
32.044,53.264,1349.000,-29.185,-23.594
32.066,53.264,1351.000,-29.125,-23.524
32.088,50.974,1353.000,-29.125,-23.524
32.110,48.322,1355.000,-29.170,-23.499
32.132,48.322,1358.000,-29.194,-23.496
32.154,49.036,1360.000,-29.194,-23.496
32.176,47.314,1361.000,-29.117,-23.435
32.198,47.314,1362.000,-29.007,-23.430
32.220,46.318,1362.000,-29.007,-23.430
32.242,45.539,1362.000,-28.933,-23.368
32.264,44.943,1362.000,-28.851,-23.313
32.286,44.943,1362.000,-28.736,-23.230
32.308,43.795,1363.000,-28.736,-23.230
32.330,42.775,1364.000,-28.677,-23.157
32.352,42.775,1364.000,-28.584,-23.095
32.374,41.909,1365.000,-28.584,-23.095
32.396,40.982,1366.000,-28.499,-23.050
32.418,40.064,1367.000,-28.425,-23.003
32.440,40.064,1367.000,-28.350,-22.962
32.462,39.529,1367.000,-28.350,-22.962
32.484,39.219,1368.000,-28.222,-22.919
32.506,39.219,1368.000,-28.132,-22.850
32.528,37.580,1368.000,-28.132,-22.850
32.550,35.966,1368.000,-28.030,-22.787
32.572,35.966,1370.000,-27.939,-22.767
32.594,35.700,1371.000,-27.939,-22.767
32.618,34.619,1373.000,-27.905,-22.726
32.658,30.831,1373.000,-27.831,-22.645
32.689,30.882,1374.000,-27.832,-22.677
32.710,30.386,1376.000,-27.835,-22.650
32.732,31.033,1377.000,-27.810,-22.651
32.754,31.033,1377.000,-27.818,-22.652
32.774,30.212,1377.000,-27.837,-22.627
32.824,31.495,1377.000,-27.844,-22.621
32.864,33.525,1377.000,-27.876,-22.659
32.890,33.630,1376.000,-27.881,-22.658
32.912,33.630,1375.000,-27.877,-22.652
32.934,33.688,1374.000,-27.877,-22.652
32.956,33.349,1374.000,-27.870,-22.644
32.978,32.889,1374.000,-27.867,-22.639
33.000,32.889,1374.000,-27.867,-22.639
33.022,33.340,1374.000,-27.861,-22.639
33.044,33.993,1374.000,-27.848,-22.650
33.067,33.993,1374.000,-27.853,-22.664
33.088,34.687,1374.000,-27.853,-22.664
33.110,35.488,1374.000,-27.858,-22.669
33.132,35.488,1374.000,-27.865,-22.674
33.171,35.681,1373.000,-27.866,-22.680
33.211,35.882,1373.000,-27.845,-22.678
33.251,34.694,1373.000,-27.833,-22.665
33.291,33.922,1373.000,-27.818,-22.645
33.331,32.675,1374.000,-27.809,-22.645
33.371,32.892,1375.000,-27.779,-22.646
33.411,34.010,1376.000,-27.751,-22.632
33.451,35.329,1376.000,-27.731,-22.589
33.491,36.590,1374.000,-27.706,-22.513
33.531,37.626,1371.000,-27.718,-22.521
33.571,37.882,1370.000,-27.696,-22.581
33.611,42.455,1370.000,-27.689,-22.566
33.651,43.951,1369.000,-27.664,-22.575
33.691,51.728,1368.000,-27.673,-22.567
33.731,55.249,1364.000,-27.646,-22.536
33.771,56.377,1359.000,-27.658,-22.468
33.812,56.638,1354.000,-27.666,-22.456
33.852,56.801,1351.000,-27.647,-22.402
33.892,54.156,1351.000,-27.626,-22.380
33.932,50.812,1352.000,-27.615,-22.370
33.959,50.038,1353.000,-27.609,-22.347
33.980,51.199,1355.000,-27.609,-22.347
34.002,53.972,1356.000,-27.602,-22.340
34.024,59.526,1356.000,-27.590,-22.345
34.046,59.526,1356.000,-27.590,-22.345
34.068,62.433,1355.000,-27.605,-22.310
34.089,67.704,1353.000,-27.596,-22.311
34.108,67.704,1350.000,-27.604,-22.306
34.148,68.455,1345.000,-27.599,-22.319
34.188,66.876,1341.000,-27.594,-22.328
34.228,65.573,1340.000,-27.594,-22.319
34.268,66.953,1341.000,-27.602,-22.317
34.308,68.532,1342.000,-27.599,-22.324
34.348,66.972,1343.000,-27.589,-22.321
34.388,65.834,1341.000,-27.587,-22.335
34.428,65.215,1341.000,-27.595,-22.326
34.468,68.936,1342.000,-27.599,-22.331
34.508,68.598,1341.000,-27.595,-22.334
34.548,66.712,1340.000,-27.592,-22.319
34.588,65.207,1340.000,-27.575,-22.322
34.628,67.232,1341.000,-27.586,-22.310
34.668,69.626,1343.000,-27.590,-22.306
34.708,72.326,1343.000,-27.576,-22.300
34.748,69.921,1342.000,-27.568,-22.305
34.788,67.423,1338.000,-27.561,-22.309
34.829,62.630,1336.000,-27.577,-22.298
34.869,63.346,1336.000,-27.571,-22.320
34.909,57.287,1338.000,-27.571,-22.320
34.949,54.209,1343.000,-27.514,-22.312
34.992,50.544,1349.000,-27.491,-22.326
35.032,46.674,1354.000,-27.506,-22.324
35.072,43.009,1359.000,-27.496,-22.343
35.112,35.518,1362.000,-27.498,-22.369
35.152,27.463,1363.000,-27.476,-22.391
35.192,15.882,1368.000,-27.428,-22.411
35.232,356.562,1374.000,-27.353,-22.423
35.272,343.663,1383.000,-27.331,-22.490
35.312,318.347,1393.000,-27.271,-22.563
35.352,310.956,1406.000,-27.164,-22.698
35.392,288.833,1418.000,-27.127,-22.776
35.432,284.729,1431.000,-27.102,-22.815
35.472,278.227,1444.000,-27.108,-22.964
35.512,267.659,1457.000,-27.104,-23.044
35.552,265.165,1469.000,-27.118,-23.025
35.592,260.581,1481.000,-27.123,-23.001
35.632,256.714,1491.000,-27.134,-23.008
35.672,254.153,1499.000,-27.124,-23.018
35.712,252.801,1507.000,-27.135,-23.032
35.752,251.514,1512.000,-27.143,-23.055
35.792,251.799,1516.000,-27.142,-23.058
35.823,252.179,1517.000,-27.141,-23.062
35.863,252.526,1517.000,-27.132,-23.057
35.903,254.450,1516.000,-27.144,-23.059
35.943,254.989,1515.000,-27.140,-23.064
35.983,256.198,1513.000,-27.144,-23.069
36.023,256.765,1513.000,-27.135,-23.101
36.063,257.172,1512.000,-27.142,-23.113
36.103,256.982,1511.000,-27.141,-23.122
36.143,256.901,1511.000,-27.139,-23.102
36.183,258.997,1511.000,-27.130,-23.083
36.223,259.491,1510.000,-27.138,-23.065
36.263,259.935,1509.000,-27.136,-23.072
36.303,259.446,1508.000,-27.133,-23.085
36.343,259.462,1508.000,-27.134,-23.097
36.383,258.961,1509.000,-27.133,-23.097
36.423,258.995,1509.000,-27.130,-23.087
36.463,259.190,1509.000,-27.132,-23.075
36.503,259.734,1509.000,-27.135,-23.061
36.543,259.166,1509.000,-27.132,-23.073
36.583,259.424,1508.000,-27.130,-23.086
36.623,259.238,1508.000,-27.128,-23.092
36.663,259.061,1508.000,-27.131,-23.098
36.703,259.597,1508.000,-27.150,-23.114
36.743,259.973,1509.000,-27.127,-23.128
36.783,262.387,1509.000,-27.128,-23.166
36.824,263.759,1507.000,-27.116,-23.185
36.864,266.634,1505.000,-27.129,-23.459
36.890,266.420,1504.000,-27.123,-23.707
36.912,266.760,1502.000,-27.123,-23.707
36.934,267.449,1502.000,-27.118,-23.948
36.956,267.449,1501.000,-27.211,-24.095
36.990,266.998,1501.000,-27.257,-24.084
37.030,268.053,1501.000,-27.276,-24.143
37.071,266.683,1501.000,-27.276,-24.229
37.111,265.332,1500.000,-27.307,-24.319
37.151,263.525,1501.000,-27.313,-24.377
37.191,261.244,1503.000,-27.378,-24.626
37.231,256.804,1505.000,-27.377,-24.675
37.271,255.302,1508.000,-27.469,-24.870
37.311,248.529,1512.000,-27.432,-24.935
37.351,247.132,1516.000,-27.399,-24.997
37.391,245.227,1520.000,-27.549,-25.112
37.431,240.782,1523.000,-27.581,-25.183
37.471,238.996,1525.000,-27.687,-25.354
37.511,234.268,1529.000,-27.788,-25.433
37.551,231.899,1533.000,-27.833,-25.530
37.591,227.344,1534.000,-27.893,-25.591
37.631,224.595,1536.000,-27.998,-25.639
37.671,215.414,1540.000,-28.105,-25.752
37.711,213.337,1545.000,-28.161,-25.790
37.737,210.895,1548.000,-28.217,-25.819
37.759,205.442,1552.000,-28.327,-25.847
37.799,202.485,1556.000,-28.498,-25.947
37.839,195.896,1561.000,-28.581,-25.968
37.879,192.583,1566.000,-28.778,-26.026
37.919,181.204,1571.000,-28.761,-26.038
37.959,181.029,1576.000,-28.763,-26.051
37.999,179.922,1582.000,-28.881,-25.954
38.039,170.001,1587.000,-28.987,-25.927
38.079,167.600,1591.000,-29.093,-25.888
38.119,164.496,1596.000,-29.167,-25.831
38.159,159.196,1601.000,-29.371,-25.730
38.199,154.777,1604.000,-29.455,-25.665
38.239,151.175,1605.000,-29.540,-25.587
38.279,143.263,1609.000,-29.720,-25.478
38.319,143.210,1615.000,-29.723,-25.441
38.359,142.090,1621.000,-29.845,-25.339
38.399,136.031,1625.000,-29.944,-25.189
38.439,133.338,1629.000,-30.020,-25.178
38.479,129.153,1634.000,-30.047,-25.143
38.519,127.809,1638.000,-30.022,-24.967
38.559,120.028,1639.000,-30.111,-24.870
38.599,117.312,1640.000,-30.128,-24.800
38.639,115.133,1645.000,-30.168,-24.567
38.679,106.831,1650.000,-30.201,-24.481
38.719,104.360,1655.000,-30.188,-24.331
38.750,101.868,1659.000,-30.216,-24.280
38.771,99.955,1662.000,-30.216,-24.280
38.808,94.204,1666.000,-30.254,-24.205
38.848,93.114,1670.000,-30.212,-24.150
38.888,90.133,1674.000,-30.189,-23.962
38.928,83.717,1679.000,-30.202,-23.897
38.968,82.929,1683.000,-30.222,-23.810
39.008,78.532,1687.000,-30.211,-23.759
39.048,75.565,1691.000,-30.142,-23.576
39.088,72.208,1693.000,-30.179,-23.551
39.128,70.206,1693.000,-30.232,-23.533
39.168,66.355,1694.000,-30.189,-23.432
39.208,65.011,1698.000,-30.176,-23.425
39.248,64.012,1702.000,-30.095,-23.302
39.288,61.461,1704.000,-30.075,-23.229
39.328,62.236,1705.000,-30.167,-23.142
39.368,61.197,1705.000,-30.156,-23.034
39.408,61.837,1706.000,-30.046,-22.832
39.448,62.924,1706.000,-30.021,-22.778
39.488,62.093,1706.000,-29.970,-22.731
39.528,61.595,1706.000,-29.824,-22.619
39.568,59.025,1706.000,-29.793,-22.506
39.608,58.112,1707.000,-29.640,-22.397
39.648,54.861,1709.000,-29.571,-22.299
39.688,51.521,1711.000,-29.422,-22.179
39.728,47.553,1713.000,-29.383,-22.094
39.759,44.622,1716.000,-29.362,-22.029
39.799,42.268,1720.000,-29.285,-22.011
39.839,37.108,1724.000,-29.151,-21.918
39.879,34.330,1728.000,-29.115,-21.860
39.919,31.695,1731.000,-28.915,-21.823
39.959,23.967,1732.000,-28.869,-21.761
39.985,22.003,1735.000,-28.800,-21.782
40.025,18.859,1740.000,-28.644,-21.758
40.065,13.383,1745.000,-28.531,-21.716
40.105,7.798,1749.000,-28.353,-21.781
40.145,1.989,1755.000,-28.249,-21.764
40.178,358.478,1759.000,-28.170,-21.799
40.218,354.897,1765.000,-27.966,-21.827
40.258,347.277,1770.000,-27.841,-21.880
40.298,344.000,1775.000,-27.760,-21.899
40.338,339.328,1779.000,-27.660,-21.931
40.373,335.953,1783.000,-27.583,-21.985
40.396,333.308,1786.000,-27.512,-22.029
40.418,333.308,1788.000,-27.446,-22.042
40.439,332.135,1791.000,-27.446,-22.042
40.461,328.875,1793.000,-27.367,-22.111
40.483,325.664,1795.000,-27.283,-22.211
40.505,325.664,1798.000,-27.283,-22.211
40.545,325.479,1802.000,-27.191,-22.242
40.585,319.738,1803.000,-27.141,-22.310
40.625,316.745,1805.000,-27.099,-22.425
40.665,312.472,1809.000,-27.042,-22.459
40.705,311.164,1813.000,-27.036,-22.478
40.745,307.848,1817.000,-26.977,-22.567
40.785,299.546,1821.000,-26.931,-22.653
40.826,296.419,1825.000,-26.870,-22.802
40.866,289.922,1830.000,-26.829,-22.817
40.906,287.243,1834.000,-26.830,-22.912
40.942,284.560,1838.000,-26.839,-23.038
40.964,282.395,1840.000,-26.811,-23.071
40.985,280.421,1842.000,-26.811,-23.071
41.008,278.432,1845.000,-26.746,-23.132
41.048,275.276,1849.000,-26.725,-23.258
41.088,273.875,1850.000,-26.683,-23.367
41.128,270.360,1852.000,-26.688,-23.430
41.168,267.801,1856.000,-26.703,-23.553
41.208,265.278,1860.000,-26.658,-23.599
41.248,264.662,1860.000,-26.649,-23.628
41.288,262.583,1862.000,-26.654,-23.652
41.328,262.960,1864.000,-26.643,-23.681
41.368,266.158,1865.000,-26.652,-23.723
41.408,266.628,1865.000,-26.648,-23.759
41.448,268.404,1863.000,-26.698,-23.748
41.488,270.882,1859.000,-26.634,-23.702
41.528,272.760,1859.000,-26.577,-23.739
41.568,278.471,1858.000,-26.555,-23.789
41.608,281.668,1854.000,-26.521,-23.866
41.648,282.911,1850.000,-26.518,-24.076
41.688,283.365,1845.000,-26.499,-24.123
41.728,283.755,1845.000,-26.521,-24.227
41.768,282.082,1845.000,-26.536,-24.314
41.811,279.192,1845.000,-26.548,-24.441
41.851,275.988,1847.000,-26.574,-24.583
41.882,271.516,1850.000,-26.540,-24.578
41.903,267.293,1852.000,-26.484,-24.582
41.921,267.293,1855.000,-26.482,-24.578
41.971,263.914,1859.000,-26.522,-24.582
42.011,260.904,1861.000,-26.478,-24.631
42.051,255.315,1863.000,-26.460,-24.658
42.091,253.481,1867.000,-26.463,-24.686
42.131,253.639,1871.000,-26.456,-24.660
42.171,255.646,1875.000,-26.483,-24.623
42.211,257.365,1875.000,-26.506,-24.549
42.251,258.952,1873.000,-26.505,-24.513
42.291,256.964,1870.000,-26.545,-24.625
42.331,252.266,1867.000,-26.632,-24.679
42.371,249.876,1867.000,-26.578,-24.752
42.411,247.814,1870.000,-26.568,-24.792
42.451,247.789,1875.000,-26.591,-24.828
42.491,248.093,1879.000,-26.648,-24.990
42.531,246.189,1880.000,-26.715,-25.094
42.571,245.879,1880.000,-26.785,-25.200
42.611,244.610,1882.000,-26.820,-25.251
42.651,243.223,1883.000,-26.954,-25.367
42.691,238.749,1884.000,-26.978,-25.404
42.727,236.242,1885.000,-27.032,-25.464
42.748,233.994,1887.000,-27.096,-25.531
42.769,229.648,1890.000,-27.187,-25.637
42.819,227.500,1895.000,-27.298,-25.736
42.850,222.266,1899.000,-27.375,-25.804
42.876,218.981,1901.000,-27.441,-25.838
42.916,215.683,1906.000,-27.559,-25.930
42.956,211.391,1910.000,-27.668,-25.970
42.987,207.465,1914.000,-27.775,-26.021
43.027,205.132,1917.000,-27.892,-26.083
43.067,198.397,1922.000,-28.092,-26.125
43.107,196.595,1926.000,-28.084,-26.124
43.147,193.986,1930.000,-28.074,-26.213
43.187,192.091,1934.000,-28.110,-26.218
43.227,190.627,1935.000,-28.290,-26.163
43.267,187.494,1937.000,-28.401,-26.189
43.307,187.885,1938.000,-28.421,-26.238
43.347,185.703,1940.000,-28.487,-26.246
43.387,184.628,1941.000,-28.603,-26.235
43.427,185.078,1942.000,-28.737,-26.178
43.467,184.254,1944.000,-28.796,-26.185
43.507,183.982,1945.000,-29.027,-26.168
43.547,181.438,1945.000,-29.107,-26.166
43.587,181.177,1945.000,-29.152,-26.247
43.618,180.639,1946.000,-29.152,-26.247
43.648,179.615,1946.000,-29.315,-26.226
43.674,178.770,1948.000,-29.383,-26.186
43.697,176.303,1949.000,-29.431,-26.174
43.728,176.303,1950.000,-29.480,-26.158
43.749,175.446,1951.000,-29.480,-26.158
43.769,172.235,1952.000,-29.501,-26.208
43.819,169.214,1955.000,-29.582,-26.231
43.859,164.299,1959.000,-29.613,-26.212
43.899,163.119,1963.000,-29.671,-26.165
43.939,159.821,1965.000,-29.728,-26.130
43.979,155.816,1966.000,-29.829,-26.020
44.019,149.160,1968.000,-29.890,-25.964
44.059,146.646,1972.000,-29.944,-25.919
44.099,140.344,1977.000,-30.115,-25.696
44.139,134.050,1982.000,-30.201,-25.594
44.179,131.201,1988.000,-30.315,-25.438
44.219,124.052,1993.000,-30.367,-25.343
44.259,120.386,1998.000,-30.465,-25.152
44.299,115.998,2002.000,-30.486,-25.067
44.339,111.748,2007.000,-30.497,-24.923
44.379,106.626,2011.000,-30.527,-24.721
44.419,102.703,2016.000,-30.518,-24.604
44.455,101.445,2020.000,-30.548,-24.528
44.492,98.666,2024.000,-30.544,-24.257
44.532,91.405,2028.000,-30.567,-24.137
44.572,89.661,2032.000,-30.543,-24.049
44.608,87.534,2036.000,-30.479,-23.933
44.647,82.489,2040.000,-30.419,-23.698
44.687,77.772,2042.000,-30.398,-23.636
44.727,74.495,2044.000,-30.311,-23.451
44.767,68.781,2048.000,-30.238,-23.359
44.798,66.292,2052.000,-30.188,-23.228
44.835,65.260,2057.000,-30.090,-23.115
44.875,60.793,2061.000,-30.039,-22.997
44.915,58.925,2065.000,-29.908,-22.864
44.955,53.991,2068.000,-29.903,-22.815
44.988,51.120,2069.000,-29.838,-22.760
45.031,48.720,2073.000,-29.725,-22.639
45.071,43.498,2077.000,-29.611,-22.550
45.111,39.953,2081.000,-29.550,-22.549
45.151,38.106,2086.000,-29.463,-22.479
45.191,35.578,2090.000,-29.291,-22.380
45.231,32.149,2093.000,-29.217,-22.338
45.254,31.878,2093.000,-29.113,-22.280
45.294,27.553,2096.000,-28.934,-22.175
45.334,27.837,2100.000,-28.755,-22.152
45.374,26.504,2101.000,-28.687,-22.126
45.414,25.359,2101.000,-28.592,-22.071
45.447,22.881,2101.000,-28.503,-22.062
45.487,19.756,2103.000,-28.354,-22.063
45.523,17.982,2106.000,-28.306,-22.029
45.550,17.224,2109.000,-28.130,-22.013
45.590,13.822,2111.000,-28.085,-21.990
45.630,14.036,2112.000,-28.017,-21.965
45.670,12.828,2113.000,-28.001,-21.945
45.710,10.544,2115.000,-27.959,-21.907
45.750,10.827,2116.000,-27.950,-21.917
45.790,10.724,2117.000,-27.937,-21.911
45.821,11.460,2117.000,-27.922,-21.913
45.861,13.294,2117.000,-27.800,-21.909
45.901,12.896,2116.000,-27.760,-21.891
45.941,13.099,2115.000,-27.537,-21.908
45.981,13.996,2115.000,-27.426,-21.867
46.012,13.637,2115.000,-27.368,-21.878
46.052,13.397,2115.000,-27.194,-21.866
46.092,10.913,2115.000,-27.217,-21.872
46.132,9.672,2115.000,-27.152,-21.851
46.172,5.181,2117.000,-27.018,-21.905
46.212,2.200,2119.000,-26.920,-21.892
46.252,359.108,2121.000,-26.731,-21.953
46.292,354.543,2125.000,-26.704,-21.956
46.332,351.026,2130.000,-26.547,-21.980
46.372,345.580,2135.000,-26.465,-22.036
46.412,341.319,2139.000,-26.278,-22.095
46.445,333.929,2142.000,-26.195,-22.129
46.485,330.944,2147.000,-26.178,-22.198
46.525,328.899,2152.000,-26.109,-22.245
46.565,325.886,2157.000,-25.994,-22.352
46.605,320.336,2161.000,-25.942,-22.381
46.645,316.898,2165.000,-25.851,-22.503
46.685,310.021,2170.000,-25.782,-22.571
46.725,308.204,2174.000,-25.752,-22.624
46.765,303.185,2178.000,-25.638,-22.827
46.796,300.578,2182.000,-25.606,-22.841
46.836,299.754,2185.000,-25.593,-22.823
46.876,297.320,2188.000,-25.562,-22.930
46.899,295.667,2189.000,-25.562,-22.930
46.921,294.783,2190.000,-25.566,-22.972
46.961,293.943,2194.000,-25.570,-23.022
47.001,293.083,2194.000,-25.528,-23.185
47.041,290.909,2194.000,-25.500,-23.248
47.081,289.914,2196.000,-25.433,-23.367
47.121,287.461,2198.000,-25.377,-23.401
47.161,287.041,2200.000,-25.374,-23.526
47.201,286.003,2200.000,-25.367,-23.570
47.241,285.592,2200.000,-25.340,-23.682
47.281,284.102,2201.000,-25.269,-23.698
47.321,283.050,2203.000,-25.279,-23.679
47.361,282.075,2205.000,-25.326,-23.714
47.401,276.226,2205.000,-25.372,-23.720
47.441,272.229,2207.000,-25.394,-23.773
47.481,265.704,2211.000,-25.432,-23.847
47.521,260.347,2216.000,-25.433,-23.923
47.561,255.942,2220.000,-25.477,-23.991
47.601,254.924,2226.000,-25.497,-24.007
47.641,253.976,2230.000,-25.449,-24.078
47.681,254.656,2234.000,-25.441,-24.152
47.721,255.608,2235.000,-25.447,-24.198
47.743,256.857,2235.000,-25.438,-24.253
47.764,258.943,2234.000,-25.449,-24.291
47.799,259.394,2230.000,-25.462,-24.385
47.839,262.735,2229.000,-25.446,-24.412
47.879,266.456,2227.000,-25.434,-24.531
47.919,270.736,2226.000,-25.411,-24.581
47.959,272.919,2224.000,-25.391,-24.630
47.999,273.462,2220.000,-25.412,-24.761
48.039,274.371,2216.000,-25.405,-24.815
48.079,275.412,2212.000,-25.378,-24.942
48.119,274.529,2212.000,-25.430,-24.999
48.159,274.859,2213.000,-25.434,-25.100
48.199,273.113,2213.000,-25.436,-25.149
48.220,270.175,2214.000,-25.443,-25.160
48.255,270.180,2215.000,-25.456,-25.133
48.295,268.133,2216.000,-25.455,-25.197
48.335,264.324,2220.000,-25.478,-25.274
48.375,259.731,2222.000,-25.452,-25.315
48.415,256.515,2224.000,-25.442,-25.325
48.455,256.193,2228.000,-25.464,-25.345
48.495,255.733,2232.000,-25.466,-25.362
48.535,255.126,2232.000,-25.462,-25.378
48.575,256.072,2232.000,-25.467,-25.360
48.615,256.361,2232.000,-25.470,-25.352
48.655,256.582,2232.000,-25.473,-25.333
48.695,256.902,2232.000,-25.473,-25.332
48.735,256.967,2232.000,-25.477,-25.324
48.775,257.043,2232.000,-25.478,-25.320
48.816,256.761,2231.000,-25.478,-25.319
48.856,256.669,2231.000,-25.482,-25.329
48.896,255.605,2231.000,-25.480,-25.354
48.936,254.866,2231.000,-25.473,-25.366
48.976,254.904,2233.000,-25.476,-25.367
49.017,254.912,2233.000,-25.477,-25.371
49.048,254.960,2233.000,-25.473,-25.371
49.088,255.400,2233.000,-25.477,-25.368
49.128,255.613,2233.000,-25.479,-25.359
49.168,255.390,2233.000,-25.477,-25.370
49.201,255.966,2232.000,-25.491,-25.385
49.241,255.052,2232.000,-25.475,-25.398
49.281,255.185,2232.000,-25.481,-25.404
49.321,254.542,2232.000,-25.487,-25.404
49.361,253.884,2232.000,-25.497,-25.399
49.401,253.378,2233.000,-25.498,-25.404
49.441,253.409,2234.000,-25.498,-25.403
49.481,251.954,2234.000,-25.492,-25.428
49.521,250.343,2236.000,-25.487,-25.445
49.561,249.139,2236.000,-25.506,-25.446
49.601,249.293,2238.000,-25.513,-25.449
49.641,249.464,2239.000,-25.503,-25.455
49.681,250.888,2238.000,-25.514,-25.463
49.721,251.241,2238.000,-25.488,-25.461
49.761,251.154,2237.000,-25.484,-25.480
49.792,250.897,2237.000,-25.510,-25.483
49.832,250.477,2237.000,-25.508,-25.487
49.872,251.842,2237.000,-25.524,-25.481
49.912,256.039,2236.000,-25.528,-25.483
49.952,257.898,2235.000,-25.532,-25.504
49.985,258.527,2231.000,-25.532,-25.523
50.025,256.485,2229.000,-25.538,-25.521
50.065,255.503,2230.000,-25.541,-25.516
50.105,254.600,2231.000,-25.546,-25.507
50.145,257.983,2233.000,-25.551,-25.507
50.185,259.465,2233.000,-25.550,-25.510
50.225,264.331,2231.000,-25.566,-25.519
50.265,265.751,2227.000,-25.554,-25.521
50.297,270.305,2224.000,-25.551,-25.522
50.337,274.523,2219.000,-25.562,-25.515
50.377,274.278,2215.000,-25.574,-25.522
50.417,274.325,2213.000,-25.574,-25.547
50.457,278.552,2213.000,-25.571,-25.562
50.497,279.709,2213.000,-25.527,-25.601
50.537,286.520,2211.000,-25.525,-25.603
50.577,285.937,2207.000,-25.514,-25.614
50.617,281.247,2203.000,-25.517,-25.615
50.657,280.141,2203.000,-25.510,-25.611
50.697,281.218,2205.000,-25.536,-25.594
50.737,281.064,2208.000,-25.523,-25.610
50.777,280.445,2211.000,-25.520,-25.625
50.818,283.385,2210.000,-25.508,-25.621
50.858,283.020,2208.000,-25.500,-25.648
50.898,276.102,2204.000,-25.484,-25.656
50.938,273.308,2202.000,-25.499,-25.648
50.978,267.988,2202.000,-25.503,-25.628
51.018,257.708,2205.000,-25.501,-25.621
51.058,249.520,2210.000,-25.552,-25.669
51.098,232.368,2217.000,-25.549,-25.712
51.138,223.287,2227.000,-25.559,-25.755
51.178,211.964,2238.000,-25.594,-25.774
51.218,208.534,2249.000,-25.595,-25.804
51.258,195.935,2260.000,-25.648,-25.824
51.298,193.164,2270.000,-25.675,-25.835
51.338,188.790,2279.000,-25.818,-25.879
51.378,181.308,2288.000,-25.858,-25.899
51.418,177.333,2296.000,-25.943,-25.906
51.458,170.129,2303.000,-25.956,-25.907
51.498,168.238,2309.000,-25.988,-25.930
51.538,164.944,2315.000,-26.007,-25.910
51.578,162.725,2320.000,-26.065,-25.868
51.618,159.823,2324.000,-26.205,-25.777
51.658,153.575,2328.000,-26.264,-25.765
51.698,150.615,2332.000,-26.318,-25.715
51.738,147.441,2336.000,-26.365,-25.658
51.778,144.688,2340.000,-26.484,-25.583
51.819,140.246,2341.000,-26.524,-25.600
51.859,137.001,2343.000,-26.558,-25.605
51.890,134.904,2346.000,-26.576,-25.598
51.911,131.921,2349.000,-26.577,-25.592
51.933,130.740,2351.000,-26.590,-25.593
51.955,130.740,2354.000,-26.590,-25.593
51.990,128.533,2357.000,-26.610,-25.590
52.031,128.887,2359.000,-26.606,-25.587
52.071,129.347,2359.000,-26.613,-25.569
52.111,131.049,2359.000,-26.628,-25.541
52.151,131.576,2358.000,-26.645,-25.453
52.191,131.003,2356.000,-26.678,-25.491
52.231,131.650,2356.000,-26.676,-25.444
52.271,132.619,2356.000,-26.682,-25.440
52.311,132.785,2356.000,-26.725,-25.389
52.351,132.868,2356.000,-26.803,-25.324
52.391,131.740,2356.000,-26.875,-25.270
52.431,128.693,2356.000,-27.005,-25.105
52.471,126.752,2358.000,-27.019,-25.060
52.511,122.937,2362.000,-27.051,-25.072
52.551,119.357,2362.000,-27.046,-25.080
52.591,118.839,2364.000,-27.004,-24.996
52.631,112.686,2368.000,-27.058,-24.876
52.671,110.749,2372.000,-27.077,-24.832
52.711,108.630,2376.000,-27.118,-24.690
52.737,104.270,2378.000,-27.117,-24.570
52.759,100.884,2381.000,-27.117,-24.570
52.799,93.215,2385.000,-27.145,-24.441
52.839,90.381,2389.000,-27.104,-24.299
52.879,84.215,2393.000,-27.112,-24.226
52.919,80.169,2398.000,-27.159,-24.180
52.959,75.287,2403.000,-27.187,-24.160
52.999,72.789,2408.000,-27.196,-24.146
53.039,71.232,2412.000,-27.204,-24.085
53.079,71.548,2416.000,-27.204,-24.097
53.119,72.696,2418.000,-27.193,-24.100
53.159,73.778,2416.000,-27.187,-24.099
53.199,73.225,2415.000,-27.186,-24.083
53.239,72.301,2415.000,-27.191,-24.060
53.279,73.834,2415.000,-27.201,-24.045
53.319,73.081,2415.000,-27.177,-24.026
53.359,75.323,2415.000,-27.164,-24.011
53.399,75.292,2414.000,-27.150,-23.872
53.439,73.322,2413.000,-27.082,-23.784
53.479,71.604,2413.000,-27.008,-23.582
53.519,69.254,2414.000,-26.973,-23.513
53.559,67.727,2416.000,-26.947,-23.445
53.599,66.588,2418.000,-26.957,-23.447
53.639,63.014,2420.000,-26.958,-23.432
53.679,63.400,2424.000,-26.939,-23.431
53.719,60.536,2425.000,-26.932,-23.433
53.759,59.358,2426.000,-26.868,-23.410
53.790,57.241,2427.000,-26.795,-23.320
53.830,48.213,2430.000,-26.817,-23.346
53.870,47.162,2435.000,-26.830,-23.362
53.910,44.869,2439.000,-26.823,-23.371
53.950,44.303,2443.000,-26.814,-23.355
53.990,43.841,2444.000,-26.797,-23.343
54.030,45.402,2444.000,-26.795,-23.348
54.070,46.166,2444.000,-26.810,-23.343
54.110,47.057,2442.000,-26.818,-23.339
54.150,46.947,2442.000,-26.806,-23.328
54.190,46.406,2441.000,-26.784,-23.323
54.230,45.869,2441.000,-26.661,-23.201
54.270,46.369,2441.000,-26.383,-22.866
54.310,45.423,2441.000,-26.313,-22.798
54.350,45.612,2442.000,-26.059,-22.830
54.390,45.744,2443.000,-25.971,-22.745
54.430,46.693,2443.000,-25.828,-22.649
54.470,44.981,2443.000,-25.833,-22.593
54.510,43.514,2443.000,-25.829,-22.566
54.550,42.232,2443.000,-25.759,-22.572
54.590,41.192,2444.000,-25.718,-22.580
54.630,39.891,2446.000,-25.583,-22.592
54.670,35.655,2448.000,-25.545,-22.563
54.710,34.353,2448.000,-25.539,-22.573
54.750,32.333,2450.000,-25.539,-22.570
54.790,30.586,2454.000,-25.529,-22.573
54.821,28.903,2456.000,-25.496,-22.576
54.861,27.406,2457.000,-25.474,-22.540
54.901,25.697,2460.000,-25.305,-22.416
54.941,23.506,2461.000,-25.184,-22.421
54.972,22.839,2462.000,-25.155,-22.399
54.997,23.088,2464.000,-25.101,-22.365
55.037,20.793,2466.000,-24.939,-22.278
55.077,20.185,2467.000,-24.868,-22.272
55.117,18.962,2468.000,-24.641,-22.255
55.157,14.903,2469.000,-24.496,-22.250
55.197,12.564,2470.000,-24.391,-22.239
55.237,12.085,2474.000,-24.210,-22.219
55.277,9.193,2476.000,-24.132,-22.224
55.317,6.848,2478.000,-23.924,-22.258
55.357,3.600,2482.000,-23.861,-22.246
55.397,2.608,2482.000,-23.731,-22.267
55.437,358.611,2483.000,-23.637,-22.292
55.477,356.166,2487.000,-23.563,-22.315
55.517,350.813,2490.000,-23.392,-22.383
55.557,348.922,2492.000,-23.313,-22.413
55.597,346.255,2495.000,-23.184,-22.483
55.637,341.723,2500.000,-23.128,-22.545
55.677,340.562,2504.000,-23.019,-22.592
55.717,335.393,2508.000,-22.871,-22.682
55.757,332.557,2509.000,-22.727,-22.727
55.788,328.095,2511.000,-22.633,-22.826
55.828,325.622,2514.000,-22.563,-22.872
55.868,323.009,2518.000,-22.497,-22.921
55.908,321.001,2523.000,-22.460,-22.933
55.948,316.688,2527.000,-22.455,-22.987
55.988,313.893,2531.000,-22.433,-23.047
56.019,310.406,2532.000,-22.355,-23.137
56.059,307.291,2534.000,-22.317,-23.239
56.099,304.692,2538.000,-22.213,-23.362
56.139,300.279,2542.000,-22.182,-23.490
56.179,297.227,2546.000,-22.103,-23.610
56.219,294.714,2548.000,-22.059,-23.792
56.259,291.336,2550.000,-22.013,-23.860
56.299,288.196,2554.000,-22.031,-24.021
56.339,285.541,2558.000,-22.040,-24.076
56.379,283.629,2562.000,-21.979,-24.208
56.419,279.467,2566.000,-21.997,-24.325
56.459,276.840,2567.000,-21.958,-24.585
56.499,274.117,2568.000,-21.997,-24.631
56.539,272.134,2570.000,-22.010,-24.748
56.579,271.522,2574.000,-21.969,-24.929
56.619,266.305,2577.000,-22.013,-25.041
56.659,265.969,2578.000,-22.041,-25.237
56.699,262.958,2582.000,-22.067,-25.347
56.739,260.001,2585.000,-22.085,-25.486
56.779,257.558,2586.000,-22.110,-25.530
56.820,256.353,2587.000,-22.131,-25.572
56.860,253.302,2591.000,-22.199,-25.738
56.887,249.464,2594.000,-22.206,-25.815
56.908,247.857,2596.000,-22.254,-25.860
56.931,247.857,2598.000,-22.254,-25.860
56.971,245.830,2601.000,-22.360,-26.018
57.011,238.721,2602.000,-22.411,-26.114
57.051,236.658,2606.000,-22.512,-26.238
57.091,232.403,2610.000,-22.489,-26.257
57.131,230.130,2614.000,-22.474,-26.281
57.171,224.793,2616.000,-22.496,-26.277
57.211,223.821,2618.000,-22.490,-26.250
57.251,217.367,2622.000,-22.481,-26.224
57.291,211.057,2627.000,-22.482,-26.219
57.331,207.249,2632.000,-22.511,-26.232
57.371,204.192,2637.000,-22.538,-26.224
57.411,203.954,2641.000,-22.567,-26.247
57.451,203.680,2644.000,-22.630,-26.267
57.491,204.135,2645.000,-22.605,-26.282
57.531,205.105,2645.000,-22.588,-26.258
57.571,204.913,2644.000,-22.588,-26.283
57.611,205.613,2641.000,-22.580,-26.259
57.651,206.673,2641.000,-22.573,-26.254
57.691,206.985,2641.000,-22.539,-26.252
57.727,207.505,2641.000,-22.539,-26.227
57.748,207.505,2641.000,-22.553,-26.232
57.769,205.884,2641.000,-22.559,-26.214
57.819,201.471,2642.000,-22.565,-26.197
57.859,197.864,2644.000,-22.602,-26.229
57.899,186.890,2648.000,-22.597,-26.215
57.939,182.727,2653.000,-22.611,-26.195
57.979,176.507,2659.000,-22.641,-26.196
58.020,175.283,2665.000,-22.644,-26.196
58.060,171.435,2670.000,-22.735,-26.154
58.100,170.647,2674.000,-22.767,-26.169
58.140,169.614,2678.000,-22.899,-26.130
58.180,170.206,2679.000,-22.962,-26.099
58.220,168.921,2678.000,-23.188,-26.034
58.260,167.452,2679.000,-23.260,-26.021
58.300,167.495,2679.000,-23.345,-25.992
58.340,166.776,2680.000,-23.521,-25.920
58.380,166.678,2681.000,-23.635,-25.896
58.420,166.738,2681.000,-23.787,-25.885
58.460,167.071,2681.000,-23.793,-25.902
58.500,166.043,2681.000,-23.898,-25.882
58.540,167.716,2681.000,-23.975,-25.776
58.580,168.518,2681.000,-24.014,-25.782
58.620,168.435,2681.000,-24.044,-25.741
58.660,167.638,2680.000,-24.040,-25.769
58.700,167.413,2680.000,-24.033,-25.738
58.740,166.174,2680.000,-24.218,-25.691
58.763,165.371,2680.000,-24.357,-25.659
58.784,163.550,2681.000,-24.603,-25.602
58.806,163.550,2682.000,-24.784,-25.519
58.846,161.680,2684.000,-24.792,-25.372
58.886,159.068,2685.000,-24.844,-25.276
58.926,156.773,2687.000,-24.900,-25.242
58.966,155.620,2689.000,-25.051,-25.145
59.006,150.704,2690.000,-25.103,-25.105
59.046,147.937,2694.000,-25.242,-24.992
59.086,141.812,2699.000,-25.305,-24.945
59.126,139.600,2703.000,-25.504,-24.755
59.166,131.534,2707.000,-25.542,-24.702
59.206,128.982,2712.000,-25.576,-24.617
59.246,126.103,2716.000,-25.676,-24.469
59.286,120.851,2720.000,-25.726,-24.417
59.326,117.063,2725.000,-25.854,-24.377
59.366,111.168,2729.000,-25.862,-24.251
59.406,109.481,2733.000,-25.907,-24.086
59.446,107.353,2737.000,-25.937,-23.974
59.486,104.628,2740.000,-25.934,-23.866
59.526,101.002,2742.000,-25.963,-23.679
59.566,98.521,2744.000,-25.974,-23.583
59.606,97.940,2746.000,-25.954,-23.322
59.646,92.279,2750.000,-25.936,-23.178
59.686,91.246,2754.000,-25.917,-23.032
59.726,86.300,2757.000,-25.893,-22.995
59.766,84.075,2758.000,-25.884,-22.798
59.807,78.791,2762.000,-25.862,-22.715
59.847,77.208,2766.000,-25.790,-22.597
59.887,73.525,2771.000,-25.706,-22.420
59.927,68.907,2775.000,-25.672,-22.349
59.967,65.155,2779.000,-25.635,-22.287
59.998,64.325,2782.000,-25.530,-22.236
