0.030,145.771,-32.000,-0.109,-258.846
0.054,148.707,-32.000,-0.342,-258.659
0.094,150.415,-36.000,-0.405,-258.608
0.134,151.304,-41.000,-0.405,-258.608
0.174,153.288,-49.000,-0.521,-258.522
0.214,153.198,-60.000,-0.671,-258.503
0.254,152.761,-72.000,-0.725,-258.504
0.294,153.540,-88.000,-0.762,-258.500
0.334,153.540,-105.000,-0.776,-258.508
0.374,154.564,-123.000,-0.726,-258.598
0.414,157.090,-139.000,-0.726,-258.598
0.454,161.944,-154.000,-0.783,-258.653
0.494,169.561,-167.000,-0.783,-258.653
0.534,173.664,-179.000,-0.822,-258.662
0.574,189.372,-189.000,-0.806,-258.668
0.614,201.554,-200.000,-0.800,-258.654
0.654,211.697,-211.000,-0.860,-258.721
0.694,226.264,-222.000,-0.892,-258.762
0.735,230.976,-233.000,-0.995,-258.819
0.775,233.967,-243.000,-1.095,-258.863
0.815,233.967,-252.000,-1.173,-258.971
0.855,236.329,-259.000,-1.221,-259.032
0.895,236.229,-265.000,-1.290,-259.151
0.935,237.804,-269.000,-1.394,-259.273
0.975,239.032,-270.000,-1.394,-259.273
1.015,239.475,-271.000,-1.546,-259.495
1.055,238.766,-271.000,-1.546,-259.495
1.095,239.163,-271.000,-1.588,-259.535
1.135,238.015,-271.000,-1.672,-259.635
1.175,237.274,-271.000,-1.910,-259.876
1.215,236.169,-270.000,-2.012,-259.911
1.255,233.271,-269.000,-2.012,-259.911
1.295,227.874,-267.000,-2.056,-259.890
1.335,221.880,-264.000,-2.097,-259.852
1.375,219.376,-259.000,-2.126,-259.771
1.415,212.170,-255.000,-2.272,-259.744
1.455,206.969,-250.000,-2.388,-259.780
1.495,200.689,-246.000,-2.525,-259.813
1.535,200.689,-241.000,-2.678,-259.828
1.575,195.287,-236.000,-2.841,-259.818
1.615,186.405,-230.000,-3.002,-259.797
1.655,181.767,-225.000,-3.162,-259.772
1.695,178.011,-220.000,-3.349,-259.729
1.736,174.010,-215.000,-3.563,-259.688
1.776,170.698,-211.000,-3.713,-259.653
1.816,166.180,-206.000,-3.916,-259.600
1.856,163.589,-202.000,-4.029,-259.554
1.896,161.222,-198.000,-4.189,-259.461
1.936,161.222,-195.000,-4.384,-259.338
1.977,160.660,-193.000,-4.384,-259.338
2.017,159.174,-193.000,-4.613,-259.249
2.058,158.198,-192.000,-4.821,-259.137
2.098,157.585,-192.000,-5.010,-259.060
2.138,157.530,-191.000,-5.138,-259.001
2.178,158.398,-190.000,-5.267,-258.949
2.218,159.300,-190.000,-5.477,-258.877
2.258,160.203,-190.000,-5.680,-258.810
2.298,160.354,-191.000,-5.802,-258.763
2.338,162.460,-192.000,-6.000,-258.699
2.378,162.460,-193.000,-6.224,-258.633
2.418,165.956,-194.000,-6.449,-258.583
2.458,167.912,-196.000,-6.594,-258.570
2.498,168.687,-198.000,-6.670,-258.552
2.538,170.555,-200.000,-6.899,-258.536
2.578,173.342,-200.000,-7.066,-258.530
2.618,175.659,-202.000,-7.229,-258.531
2.658,179.619,-206.000,-7.408,-258.573
2.691,178.727,-208.000,-7.535,-258.617
2.722,178.727,-209.000,-7.712,-258.666
2.762,184.573,-211.000,-7.902,-258.725
2.802,188.095,-212.000,-7.902,-258.725
2.842,190.349,-217.000,-8.044,-258.771
2.882,192.123,-221.000,-8.100,-258.788
2.922,196.550,-225.000,-8.264,-258.886
2.962,198.332,-229.000,-8.388,-258.943
3.002,206.242,-231.000,-8.536,-259.033
3.042,210.453,-231.000,-8.729,-259.164
3.082,208.523,-233.000,-8.858,-259.277
3.122,213.378,-237.000,-8.939,-259.358
3.162,218.992,-241.000,-9.052,-259.493
3.202,223.779,-246.000,-9.186,-259.653
3.242,227.849,-250.000,-9.304,-259.820
3.282,232.325,-254.000,-9.348,-259.904
3.322,236.800,-258.000,-9.339,-260.082
3.362,239.715,-263.000,-9.299,-260.170
3.402,246.397,-267.000,-9.278,-260.300
3.442,252.892,-271.000,-9.336,-260.433
3.482,252.892,-276.000,-9.356,-260.550
3.522,256.398,-281.000,-9.356,-260.550
3.562,261.005,-286.000,-9.405,-260.621
3.585,263.793,-289.000,-9.485,-260.688
3.625,264.084,-294.000,-9.542,-260.735
3.665,266.384,-296.000,-9.636,-260.760
3.705,266.445,-296.000,-9.680,-260.841
3.736,267.003,-297.000,-9.765,-260.978
3.776,264.915,-298.000,-9.802,-261.086
3.816,265.818,-299.000,-9.888,-261.237
3.856,265.818,-298.000,-9.915,-261.375
3.896,263.543,-297.000,-9.915,-261.375
3.936,262.775,-296.000,-9.990,-261.538
3.976,260.495,-295.000,-10.083,-261.849
4.016,260.087,-292.000,-10.106,-261.976
4.057,258.597,-292.000,-10.146,-262.155
4.097,257.843,-291.000,-10.146,-262.155
4.137,255.798,-289.000,-10.210,-262.377
4.177,255.300,-287.000,-10.274,-262.508
4.217,254.854,-287.000,-10.389,-262.822
4.257,254.600,-287.000,-10.447,-263.036
4.297,253.283,-287.000,-10.447,-263.036
4.337,252.070,-286.000,-10.556,-263.409
4.377,251.192,-285.000,-10.556,-263.409
4.417,250.148,-283.000,-10.645,-263.706
4.457,250.192,-282.000,-10.645,-263.706
4.497,251.383,-282.000,-10.794,-264.066
4.537,251.116,-283.000,-10.868,-264.243
4.577,250.626,-283.000,-10.920,-264.388
4.617,251.158,-283.000,-10.974,-264.539
4.657,253.455,-283.000,-11.052,-264.734
4.697,253.455,-283.000,-11.127,-264.948
4.738,254.572,-285.000,-11.127,-264.948
4.778,252.053,-286.000,-11.140,-265.069
4.818,254.976,-285.000,-11.214,-265.250
4.858,255.024,-285.000,-11.238,-265.386
4.898,255.471,-286.000,-11.255,-265.520
4.938,255.788,-287.000,-11.260,-265.592
4.978,256.037,-287.000,-11.259,-265.657
5.018,256.584,-287.000,-11.267,-265.789
5.058,258.208,-288.000,-11.281,-265.887
5.095,258.208,-288.000,-11.263,-266.011
5.114,259.568,-289.000,-11.201,-266.137
5.164,262.862,-291.000,-11.087,-266.250
5.204,265.459,-293.000,-11.028,-266.326
5.244,265.459,-295.000,-10.963,-266.518
5.284,274.097,-297.000,-10.933,-266.702
5.324,274.097,-301.000,-10.895,-266.850
5.364,275.872,-305.000,-10.863,-266.979
5.404,280.515,-308.000,-10.803,-267.097
5.444,282.478,-309.000,-10.739,-267.205
5.484,290.861,-313.000,-10.609,-267.400
5.524,290.861,-317.000,-10.553,-267.509
5.564,293.503,-322.000,-10.553,-267.509
5.604,295.239,-326.000,-10.508,-267.561
5.644,300.133,-328.000,-10.391,-267.650
5.684,304.576,-329.000,-10.164,-267.778
5.725,312.874,-333.000,-10.028,-267.882
5.765,315.830,-338.000,-9.917,-267.957
5.805,319.812,-343.000,-9.702,-268.059
5.845,324.374,-348.000,-9.702,-268.059
5.885,326.744,-354.000,-9.617,-268.095
5.925,329.911,-358.000,-9.444,-268.162
5.965,334.903,-362.000,-9.290,-268.235
6.005,336.841,-362.000,-9.142,-268.273
6.045,339.199,-364.000,-8.988,-268.304
6.085,341.544,-368.000,-8.833,-268.329
6.125,345.281,-372.000,-8.718,-268.336
6.165,348.418,-374.000,-8.591,-268.336
6.205,350.988,-375.000,-8.451,-268.351
6.245,353.112,-379.000,-8.369,-268.358
6.285,358.764,-384.000,-8.202,-268.356
6.325,1.143,-388.000,-7.952,-268.315
6.365,5.249,-391.000,-7.738,-268.264
6.405,8.973,-393.000,-7.552,-268.211
6.445,11.696,-397.000,-7.460,-268.174
6.485,16.505,-401.000,-7.321,-268.144
6.525,17.579,-404.000,-7.271,-268.133
6.565,20.570,-405.000,-7.171,-268.107
6.605,20.570,-409.000,-6.988,-268.064
6.645,24.562,-413.000,-6.881,-268.020
6.685,25.212,-417.000,-6.881,-268.020
6.716,27.630,-418.000,-6.774,-267.979
6.756,31.072,-419.000,-6.565,-267.853
6.796,34.177,-420.000,-6.416,-267.726
6.836,35.713,-424.000,-6.306,-267.621
6.876,38.853,-427.000,-6.147,-267.474
6.916,40.155,-428.000,-6.026,-267.346
6.947,40.155,-430.000,-5.935,-267.276
6.997,47.347,-432.000,-5.836,-267.191
7.028,49.242,-434.000,-5.675,-267.016
7.078,51.528,-438.000,-5.530,-266.841
7.118,55.398,-442.000,-5.430,-266.703
7.158,58.645,-446.000,-5.356,-266.604
7.198,60.885,-450.000,-5.250,-266.416
7.238,62.237,-451.000,-5.179,-266.310
7.278,65.571,-452.000,-5.096,-266.125
7.318,67.062,-454.000,-5.022,-265.972
7.358,70.356,-458.000,-4.929,-265.790
7.398,71.850,-460.000,-4.874,-265.664
7.438,73.755,-461.000,-4.830,-265.526
7.478,73.755,-464.000,-4.770,-265.344
7.518,75.837,-466.000,-4.738,-265.240
7.558,75.500,-467.000,-4.738,-265.240
7.598,80.102,-467.000,-4.702,-265.076
7.638,80.821,-469.000,-4.732,-264.865
7.678,82.751,-473.000,-4.727,-264.662
7.721,84.628,-475.000,-4.707,-264.396
7.761,86.730,-475.000,-4.711,-264.265
7.801,87.835,-477.000,-4.721,-264.057
7.841,91.184,-479.000,-4.725,-263.830
7.881,91.184,-480.000,-4.743,-263.631
7.921,93.766,-482.000,-4.759,-263.481
7.961,93.766,-485.000,-4.799,-263.314
8.001,98.365,-486.000,-4.836,-263.138
8.032,98.196,-488.000,-4.864,-262.978
8.072,100.253,-491.000,-4.877,-262.846
8.112,101.278,-491.000,-4.895,-262.719
8.152,102.986,-492.000,-4.906,-262.596
8.192,105.267,-493.000,-4.954,-262.428
8.232,106.164,-495.000,-5.006,-262.309
8.272,108.054,-497.000,-5.085,-262.133
8.312,109.501,-498.000,-5.155,-262.013
8.352,109.501,-500.000,-5.230,-261.795
8.392,112.171,-501.000,-5.288,-261.651
8.432,113.306,-503.000,-5.288,-261.651
8.472,113.743,-506.000,-5.329,-261.478
8.512,116.783,-506.000,-5.329,-261.478
8.552,118.871,-507.000,-5.422,-261.288
8.592,119.701,-511.000,-5.496,-261.154
8.632,120.987,-512.000,-5.572,-261.015
8.672,123.555,-512.000,-5.682,-260.851
8.703,124.685,-514.000,-5.739,-260.747
8.753,127.053,-515.000,-5.854,-260.590
8.793,128.985,-516.000,-5.973,-260.397
8.833,131.239,-518.000,-6.084,-260.239
8.873,133.465,-520.000,-6.202,-260.082
8.913,133.460,-522.000,-6.258,-260.033
8.953,136.604,-526.000,-6.377,-259.882
8.993,137.094,-526.000,-6.525,-259.725
9.033,137.582,-528.000,-6.671,-259.573
9.073,140.159,-529.000,-6.830,-259.449
9.113,142.315,-529.000,-6.981,-259.321
9.153,142.047,-531.000,-7.094,-259.216
9.193,143.940,-535.000,-7.193,-259.146
9.233,145.850,-536.000,-7.328,-259.022
9.273,148.505,-537.000,-7.493,-258.871
9.313,148.027,-537.000,-7.653,-258.748
9.353,151.101,-539.000,-7.804,-258.649
9.393,150.784,-540.000,-7.936,-258.575
9.433,151.611,-542.000,-8.049,-258.523
9.473,153.766,-542.000,-8.163,-258.480
9.513,155.869,-543.000,-8.349,-258.425
9.553,156.501,-545.000,-8.400,-258.405
9.593,158.546,-548.000,-8.581,-258.365
9.633,160.521,-549.000,-8.698,-258.337
9.673,161.422,-550.000,-8.864,-258.303
9.704,161.422,-553.000,-8.918,-258.316
9.754,164.407,-554.000,-9.052,-258.436
9.794,168.423,-556.000,-9.070,-258.482
9.834,173.632,-559.000,-9.210,-258.538
9.874,177.521,-564.000,-9.302,-258.574
9.914,181.699,-568.000,-9.302,-258.574
9.954,185.804,-572.000,-9.581,-258.646
9.994,192.297,-577.000,-9.581,-258.646
10.034,198.426,-582.000,-9.841,-258.733
10.077,201.095,-587.000,-9.987,-258.764
10.117,207.497,-592.000,-10.084,-258.884
10.157,207.497,-596.000,-10.206,-258.950
10.197,212.808,-601.000,-10.206,-258.950
10.237,216.538,-605.000,-10.324,-259.065
10.277,218.170,-609.000,-10.410,-259.164
10.317,222.789,-611.000,-10.504,-259.269
10.357,226.001,-613.000,-10.601,-259.453
10.397,227.166,-617.000,-10.601,-259.453
10.437,230.583,-621.000,-10.542,-259.584
10.477,233.151,-623.000,-10.496,-259.658
10.517,238.664,-623.000,-10.449,-259.740
10.557,242.938,-625.000,-10.430,-259.815
10.597,249.203,-628.000,-10.425,-259.933
10.637,254.768,-633.000,-10.458,-260.046
10.677,254.768,-638.000,-10.463,-260.106
10.708,258.071,-644.000,-10.461,-260.212
10.758,264.060,-649.000,-10.483,-260.339
10.798,264.060,-653.000,-10.499,-260.421
10.838,266.258,-657.000,-10.499,-260.421
10.878,269.220,-659.000,-10.510,-260.559
10.918,271.569,-661.000,-10.525,-260.743
10.958,272.239,-664.000,-10.543,-260.831
10.998,272.524,-664.000,-10.571,-260.952
11.038,271.890,-664.000,-10.597,-261.067
11.078,271.090,-664.000,-10.619,-261.231
11.118,268.880,-664.000,-10.693,-261.351
11.158,266.190,-664.000,-10.718,-261.393
11.198,263.544,-663.000,-10.736,-261.476
11.238,261.869,-659.000,-10.778,-261.651
11.278,258.745,-655.000,-10.805,-261.852
11.318,256.605,-653.000,-10.848,-261.981
11.358,254.776,-651.000,-10.901,-262.147
11.398,253.878,-649.000,-10.987,-262.335
11.438,252.236,-647.000,-11.074,-262.528
11.478,250.943,-644.000,-11.115,-262.657
11.518,250.482,-643.000,-11.213,-262.884
11.558,249.803,-642.000,-11.271,-263.038
11.598,249.288,-642.000,-11.309,-263.170
11.638,247.739,-642.000,-11.381,-263.394
11.678,248.636,-642.000,-11.459,-263.581
11.720,247.913,-640.000,-11.512,-263.697
11.760,248.467,-640.000,-11.632,-263.937
11.800,249.220,-640.000,-11.699,-264.057
11.840,250.632,-641.000,-11.758,-264.176
11.880,250.276,-641.000,-11.812,-264.326
11.920,250.604,-642.000,-11.877,-264.471
11.955,251.036,-642.000,-11.934,-264.617
11.976,252.871,-642.000,-12.008,-264.817
11.998,252.871,-643.000,-12.008,-264.817
12.035,253.341,-645.000,-12.066,-264.948
12.075,254.235,-646.000,-12.146,-265.237
12.115,254.549,-646.000,-12.146,-265.237
12.155,254.619,-646.000,-12.225,-265.539
12.195,255.719,-646.000,-12.268,-265.688
12.235,256.827,-647.000,-12.321,-265.845
12.275,258.279,-647.000,-12.356,-265.989
12.315,259.173,-649.000,-12.386,-266.143
12.355,260.285,-651.000,-12.451,-266.450
12.395,263.237,-652.000,-12.480,-266.653
12.435,263.237,-654.000,-12.472,-266.814
12.475,264.000,-655.000,-12.472,-266.814
12.515,266.594,-656.000,-12.487,-266.997
12.555,263.891,-657.000,-12.446,-267.142
12.595,267.823,-657.000,-12.486,-267.256
12.635,269.175,-656.000,-12.488,-267.399
12.675,271.106,-657.000,-12.491,-267.531
12.717,273.637,-661.000,-12.497,-267.741
12.757,274.748,-664.000,-12.468,-267.906
12.797,274.748,-666.000,-12.466,-267.996
12.837,274.174,-666.000,-12.445,-268.121
12.877,278.654,-666.000,-12.399,-268.308
12.917,280.458,-668.000,-12.332,-268.528
12.957,282.719,-671.000,-12.270,-268.749
12.997,282.719,-672.000,-12.205,-268.959
13.037,287.906,-675.000,-12.130,-269.141
13.077,287.906,-677.000,-12.080,-269.282
13.117,289.264,-679.000,-12.050,-269.397
13.157,291.956,-681.000,-11.948,-269.565
13.197,294.996,-683.000,-11.806,-269.674
13.237,298.258,-685.000,-11.806,-269.674
13.277,301.011,-689.000,-11.743,-269.735
13.317,302.499,-693.000,-11.675,-269.818
13.357,305.622,-694.000,-11.637,-269.897
13.397,309.719,-694.000,-11.593,-270.016
13.437,311.418,-696.000,-11.551,-270.129
13.477,311.747,-700.000,-11.541,-270.363
13.517,311.781,-704.000,-11.541,-270.363
13.557,311.072,-704.000,-11.521,-270.564
13.597,311.536,-704.000,-11.521,-270.564
13.637,310.844,-704.000,-11.462,-270.702
13.677,308.309,-703.000,-11.330,-270.846
13.708,308.020,-701.000,-11.212,-270.968
13.748,307.790,-701.000,-11.115,-271.083
13.788,306.610,-701.000,-11.015,-271.184
13.828,306.843,-700.000,-10.935,-271.273
13.868,307.522,-699.000,-10.816,-271.453
13.908,308.587,-699.000,-10.711,-271.538
13.948,308.515,-699.000,-10.560,-271.704
13.988,309.776,-700.000,-10.511,-271.743
14.028,310.758,-701.000,-10.371,-271.908
14.068,312.144,-702.000,-10.236,-272.089
14.108,312.681,-705.000,-10.152,-272.202
14.148,314.631,-705.000,-10.038,-272.359
14.188,316.408,-706.000,-9.921,-272.506
14.228,316.416,-707.000,-9.802,-272.623
14.268,317.379,-708.000,-9.756,-272.663
14.308,322.247,-709.000,-9.632,-272.808
14.348,320.871,-709.000,-9.452,-272.948
14.388,320.871,-711.000,-9.344,-273.042
14.428,322.564,-713.000,-9.209,-273.130
14.468,323.720,-715.000,-9.073,-273.215
14.508,327.414,-715.000,-8.913,-273.304
14.548,328.360,-716.000,-8.771,-273.384
14.588,328.360,-718.000,-8.593,-273.484
14.628,331.714,-720.000,-8.593,-273.484
14.668,332.231,-722.000,-8.447,-273.538
14.700,336.659,-724.000,-8.288,-273.614
14.750,337.386,-726.000,-8.127,-273.665
14.790,342.390,-729.000,-7.954,-273.720
14.830,346.618,-731.000,-7.764,-273.782
14.870,348.416,-735.000,-7.549,-273.830
14.910,350.864,-739.000,-7.447,-273.842
14.950,350.864,-741.000,-7.335,-273.843
14.990,355.838,-742.000,-7.229,-273.846
15.030,359.095,-744.000,-7.081,-273.880
15.074,1.508,-748.000,-6.928,-273.885
15.114,4.123,-752.000,-6.596,-273.847
15.154,5.357,-756.000,-6.498,-273.847
15.194,6.099,-758.000,-6.429,-273.801
15.234,5.447,-758.000,-6.429,-273.801
15.274,6.650,-758.000,-6.392,-273.827
15.314,7.782,-758.000,-6.267,-273.799
15.354,7.835,-758.000,-6.084,-273.792
15.394,8.032,-759.000,-5.952,-273.775
15.434,7.721,-760.000,-5.841,-273.746
15.474,7.034,-760.000,-5.598,-273.744
15.514,5.247,-760.000,-5.482,-273.746
15.554,4.869,-759.000,-5.381,-273.751
15.594,3.494,-758.000,-5.266,-273.717
15.634,3.494,-757.000,-5.146,-273.688
15.674,3.107,-756.000,-4.979,-273.665
15.705,3.107,-755.000,-4.828,-273.632
15.755,0.917,-755.000,-4.744,-273.623
15.795,1.005,-753.000,-4.632,-273.610
15.835,0.979,-753.000,-4.469,-273.596
15.875,1.185,-753.000,-4.403,-273.592
15.915,1.185,-753.000,-4.312,-273.573
15.955,1.708,-753.000,-4.312,-273.573
15.995,2.730,-753.000,-4.180,-273.554
16.026,3.191,-754.000,-3.920,-273.465
16.076,5.590,-756.000,-3.819,-273.418
16.116,7.510,-757.000,-3.651,-273.379
16.156,9.639,-757.000,-3.573,-273.342
16.196,9.639,-759.000,-3.522,-273.302
16.236,12.291,-761.000,-3.461,-273.221
16.276,12.291,-762.000,-3.422,-273.172
16.316,13.228,-764.000,-3.349,-273.064
16.356,16.759,-765.000,-3.349,-273.064
16.396,19.533,-767.000,-3.299,-272.941
16.436,21.258,-771.000,-3.283,-272.861
16.476,25.723,-772.000,-3.307,-272.796
16.516,29.564,-773.000,-3.299,-272.716
16.556,33.162,-775.000,-3.248,-272.610
16.596,38.051,-779.000,-3.218,-272.450
16.636,38.051,-784.000,-3.142,-272.279
16.676,43.366,-789.000,-3.097,-272.203
16.707,46.511,-793.000,-3.097,-272.203
16.747,51.019,-797.000,-3.044,-272.055
16.787,53.291,-799.000,-2.983,-271.962
16.827,57.858,-801.000,-2.891,-271.784
16.867,60.173,-804.000,-2.841,-271.695
16.907,61.025,-809.000,-2.807,-271.694
16.947,61.025,-813.000,-2.807,-271.694
16.978,59.926,-814.000,-2.683,-271.694
17.018,52.885,-812.000,-2.605,-271.676
17.059,47.607,-811.000,-2.473,-271.652
17.099,47.607,-809.000,-2.329,-271.589
17.139,41.325,-804.000,-2.329,-271.589
17.179,35.626,-798.000,-2.047,-271.466
17.219,30.499,-792.000,-2.047,-271.466
17.259,27.253,-786.000,-1.912,-271.431
17.299,22.610,-782.000,-1.721,-271.368
17.339,18.163,-777.000,-1.530,-271.338
17.379,13.322,-774.000,-1.322,-271.310
17.419,10.690,-772.000,-1.165,-271.299
17.459,8.002,-768.000,-1.007,-271.291
17.499,4.265,-764.000,-0.887,-271.287
17.539,1.756,-759.000,-0.483,-271.295
17.579,357.126,-755.000,-0.358,-271.297
17.619,356.080,-751.000,-0.146,-271.318
17.659,353.222,-749.000,0.006,-271.336
17.692,353.222,-749.000,0.219,-271.365
17.743,351.787,-747.000,0.360,-271.399
17.783,350.425,-744.000,0.549,-271.440
17.823,349.068,-743.000,0.694,-271.471
17.863,348.150,-742.000,1.027,-271.544
17.903,349.308,-741.000,1.027,-271.544
17.943,349.384,-741.000,1.090,-271.558
17.983,349.148,-741.000,1.222,-271.598
18.023,349.825,-741.000,1.560,-271.673
18.063,350.268,-741.000,1.727,-271.713
18.103,350.522,-742.000,1.873,-271.722
18.143,351.208,-742.000,2.004,-271.741
18.183,351.751,-743.000,2.232,-271.784
18.223,350.719,-743.000,2.376,-271.800
18.263,352.389,-743.000,2.437,-271.816
18.303,353.912,-743.000,2.590,-271.852
18.343,354.248,-745.000,2.720,-271.849
18.383,354.339,-746.000,2.906,-271.805
18.423,355.035,-746.000,2.938,-271.792
18.463,355.842,-747.000,3.024,-271.776
18.503,355.842,-747.000,3.087,-271.738
18.543,357.675,-748.000,3.186,-271.715
18.583,357.675,-748.000,3.336,-271.686
18.623,0.622,-749.000,3.336,-271.686
18.663,2.432,-751.000,3.430,-271.667
18.703,6.449,-755.000,3.549,-271.597
18.734,5.749,-758.000,3.597,-271.558
18.774,9.653,-759.000,3.717,-271.426
18.814,13.620,-758.000,3.877,-271.324
18.854,19.892,-760.000,3.997,-271.224
18.894,23.107,-764.000,4.078,-271.101
18.934,28.370,-768.000,4.139,-270.958
18.974,31.920,-773.000,4.195,-270.883
19.014,37.178,-779.000,4.260,-270.829
19.054,41.861,-785.000,4.309,-270.751
19.094,44.889,-789.000,4.365,-270.678
19.134,49.226,-794.000,4.467,-270.612
19.174,49.418,-797.000,4.530,-270.532
19.214,54.355,-799.000,4.601,-270.432
19.254,57.680,-801.000,4.695,-270.313
19.294,58.076,-803.000,4.725,-270.249
19.334,58.076,-807.000,4.827,-270.064
19.374,59.765,-811.000,4.882,-269.928
19.414,61.530,-812.000,4.882,-269.928
19.454,63.358,-813.000,4.961,-269.818
19.494,65.905,-814.000,5.028,-269.653
19.534,67.925,-816.000,5.098,-269.536
19.574,68.927,-817.000,5.179,-269.366
19.614,68.927,-818.000,5.237,-269.255
19.654,70.473,-821.000,5.309,-269.083
19.694,70.473,-822.000,5.367,-268.941
19.735,71.695,-822.000,5.441,-268.783
19.775,71.614,-822.000,5.514,-268.587
19.815,71.614,-823.000,5.552,-268.453
19.855,71.163,-823.000,5.552,-268.453
19.895,71.502,-823.000,5.739,-268.070
19.935,69.727,-823.000,5.841,-267.871
19.975,69.777,-822.000,5.927,-267.669
20.015,69.215,-822.000,6.039,-267.455
20.041,69.215,-822.000,6.113,-267.314
20.074,67.849,-822.000,6.113,-267.314
20.114,67.881,-820.000,6.208,-267.137
20.154,66.750,-820.000,6.266,-266.991
20.194,67.189,-819.000,6.334,-266.916
20.234,65.874,-819.000,6.448,-266.771
20.274,62.374,-819.000,6.570,-266.674
20.314,62.374,-818.000,6.671,-266.580
20.354,61.191,-816.000,6.671,-266.580
20.394,59.750,-813.000,6.848,-266.360
20.434,55.857,-812.000,6.932,-266.251
20.474,55.425,-809.000,7.020,-266.135
20.514,52.738,-807.000,7.159,-265.961
20.554,52.745,-804.000,7.250,-265.878
20.594,51.967,-804.000,7.400,-265.732
20.634,50.985,-804.000,7.593,-265.559
20.674,48.563,-804.000,7.769,-265.406
20.705,48.563,-803.000,7.930,-265.290
20.755,46.868,-801.000,8.080,-265.169
20.795,47.042,-799.000,8.167,-265.105
20.835,46.879,-799.000,8.202,-265.052
20.875,46.695,-799.000,8.301,-264.947
20.915,47.027,-799.000,8.392,-264.843
20.955,47.667,-799.000,8.436,-264.688
20.995,48.587,-800.000,8.385,-264.653
21.035,52.243,-800.000,8.333,-264.584
21.075,55.599,-801.000,8.344,-264.512
21.115,60.404,-802.000,8.377,-264.362
21.155,62.786,-806.000,8.390,-264.279
21.195,66.384,-811.000,8.406,-264.210
21.235,72.464,-815.000,8.420,-264.122
21.275,74.984,-819.000,8.416,-264.023
21.315,81.528,-824.000,8.333,-263.983
21.355,86.827,-830.000,8.257,-263.932
21.395,100.927,-835.000,8.205,-263.861
21.435,109.737,-841.000,8.161,-263.738
21.475,114.583,-847.000,8.146,-263.687
21.515,114.583,-854.000,8.086,-263.606
21.555,117.857,-861.000,8.086,-263.606
21.595,124.040,-867.000,7.903,-263.462
21.635,128.162,-873.000,7.822,-263.421
21.675,133.293,-878.000,7.698,-263.393
21.706,137.373,-883.000,7.580,-263.433
21.756,145.461,-888.000,7.544,-263.453
21.796,145.461,-892.000,7.486,-263.446
21.836,149.528,-897.000,7.486,-263.446
21.876,155.667,-901.000,7.387,-263.435
21.916,157.758,-905.000,7.295,-263.413
21.947,162.409,-909.000,7.140,-263.357
21.997,166.460,-910.000,6.999,-263.330
22.028,166.460,-912.000,6.914,-263.320
22.078,171.597,-916.000,6.819,-263.314
22.118,174.246,-921.000,6.634,-263.310
22.158,174.246,-925.000,6.510,-263.296
22.198,179.758,-927.000,6.404,-263.295
22.238,182.952,-928.000,6.223,-263.287
22.278,184.483,-932.000,6.012,-263.296
22.318,187.103,-936.000,5.883,-263.307
22.358,187.103,-937.000,5.695,-263.303
22.398,188.598,-939.000,5.695,-263.303
22.438,189.848,-940.000,5.577,-263.241
22.478,188.068,-941.000,5.589,-263.211
22.518,187.001,-941.000,5.589,-263.211
22.558,183.068,-940.000,5.591,-263.169
22.598,176.926,-939.000,5.614,-263.091
22.638,171.177,-935.000,5.635,-263.021
22.678,160.377,-930.000,5.633,-262.970
22.721,151.772,-925.000,5.592,-262.918
22.761,142.947,-920.000,5.556,-262.884
22.801,134.940,-912.000,5.554,-262.830
22.841,127.306,-903.000,5.537,-262.783
22.881,124.294,-895.000,5.536,-262.735
22.921,120.539,-887.000,5.529,-262.675
22.961,116.366,-879.000,5.503,-262.630
23.001,113.769,-873.000,5.496,-262.631
23.041,112.369,-868.000,5.506,-262.642
23.081,114.106,-864.000,5.535,-262.655
23.121,114.106,-864.000,5.575,-262.636
23.161,114.312,-865.000,5.575,-262.636
23.201,110.830,-867.000,5.591,-262.586
23.241,104.965,-865.000,5.676,-262.518
23.281,97.860,-861.000,5.717,-262.460
23.321,74.235,-855.000,5.717,-262.452
23.361,67.730,-848.000,5.740,-262.435
23.401,62.518,-839.000,5.737,-262.422
23.441,60.361,-831.000,5.759,-262.414
23.481,60.361,-823.000,5.744,-262.402
23.521,59.748,-817.000,5.744,-262.402
23.561,65.097,-812.000,5.773,-262.236
23.601,69.100,-810.000,5.760,-262.101
23.641,75.022,-810.000,5.754,-262.025
23.681,81.923,-813.000,5.757,-261.907
23.723,85.892,-818.000,5.745,-261.806
23.763,90.032,-825.000,5.730,-261.573
23.803,100.573,-833.000,5.698,-261.407
23.843,100.573,-841.000,5.643,-261.249
23.883,114.327,-847.000,5.560,-261.057
23.923,117.014,-854.000,5.482,-260.937
23.963,117.014,-860.000,5.389,-260.828
24.003,122.614,-866.000,5.389,-260.828
24.034,127.776,-871.000,5.300,-260.744
24.074,132.996,-876.000,5.106,-260.616
24.114,143.604,-881.000,5.004,-260.574
24.154,149.371,-887.000,4.901,-260.540
24.194,153.465,-893.000,4.611,-260.480
24.234,162.492,-899.000,4.611,-260.480
24.274,164.204,-906.000,4.509,-260.483
24.314,175.504,-912.000,4.365,-260.465
24.354,180.988,-917.000,4.132,-260.511
24.394,189.918,-922.000,3.955,-260.553
24.434,194.701,-928.000,3.813,-260.634
24.474,197.167,-935.000,3.757,-260.654
24.514,197.167,-941.000,3.665,-260.709
24.554,208.569,-947.000,3.570,-260.772
24.594,213.804,-953.000,3.467,-260.845
24.634,218.554,-958.000,3.377,-260.925
24.674,225.791,-963.000,3.277,-261.053
24.705,233.018,-968.000,3.155,-261.201
24.755,236.929,-974.000,3.078,-261.312
24.795,241.278,-980.000,3.008,-261.433
24.835,248.250,-986.000,2.930,-261.623
24.875,254.833,-992.000,2.880,-261.807
24.915,261.364,-998.000,2.860,-262.062
24.955,264.532,-1004.000,2.860,-262.062
24.995,266.512,-1011.000,2.892,-262.128
25.035,272.913,-1017.000,3.029,-262.245
25.078,284.441,-1022.000,3.114,-262.257
25.118,284.441,-1027.000,3.158,-262.263
25.158,293.437,-1032.000,3.233,-262.321
25.198,293.437,-1037.000,3.291,-262.364
25.238,305.608,-1042.000,3.389,-262.381
25.278,305.608,-1047.000,3.501,-262.402
25.318,308.981,-1052.000,3.582,-262.380
25.358,313.067,-1058.000,3.582,-262.380
25.398,321.654,-1063.000,3.684,-262.273
25.438,328.096,-1069.000,3.684,-262.273
25.478,334.135,-1075.000,3.878,-262.268
25.518,349.692,-1082.000,3.975,-262.232
25.558,354.325,-1088.000,3.980,-262.176
25.598,1.844,-1095.000,3.972,-262.169
25.638,5.586,-1101.000,3.960,-262.161
25.678,9.390,-1108.000,3.937,-262.162
25.719,11.272,-1114.000,3.933,-262.157
25.759,11.808,-1119.000,3.932,-262.153
25.799,11.362,-1123.000,3.938,-262.147
25.839,10.538,-1124.000,3.938,-262.130
25.879,8.297,-1123.000,3.943,-262.142
25.919,8.493,-1121.000,3.943,-262.142
25.959,6.654,-1120.000,3.945,-262.132
25.999,5.293,-1119.000,3.954,-262.125
26.039,3.299,-1119.000,3.953,-262.119
26.079,2.484,-1117.000,3.953,-262.119
26.119,1.752,-1114.000,3.951,-262.138
26.159,0.894,-1113.000,3.955,-262.135
26.199,0.894,-1113.000,3.959,-262.132
26.239,0.072,-1113.000,3.963,-262.129
26.279,1.111,-1113.000,3.960,-262.132
26.319,1.885,-1113.000,3.943,-262.124
26.359,2.721,-1113.000,3.947,-262.127
26.399,2.914,-1113.000,3.954,-262.120
26.439,2.976,-1114.000,3.949,-262.126
26.479,3.106,-1115.000,3.948,-262.125
26.519,4.139,-1116.000,3.945,-262.117
26.559,4.141,-1117.000,3.943,-262.117
26.599,4.033,-1117.000,3.943,-262.117
26.639,4.030,-1117.000,3.945,-262.114
26.679,3.484,-1117.000,3.941,-262.127
26.721,2.503,-1116.000,3.948,-262.134
26.761,2.536,-1115.000,3.948,-262.135
26.801,2.593,-1115.000,3.940,-262.138
26.841,1.009,-1115.000,3.955,-262.129
26.881,1.009,-1115.000,3.959,-262.127
26.921,1.256,-1114.000,3.959,-262.127
26.956,1.345,-1114.000,3.961,-262.126
26.978,1.366,-1114.000,3.960,-262.130
27.000,1.371,-1114.000,3.954,-262.134
27.035,1.371,-1114.000,3.951,-262.135
27.075,1.396,-1114.000,3.949,-262.129
27.115,1.529,-1114.000,3.947,-262.123
27.155,1.618,-1114.000,3.947,-262.127
27.195,1.761,-1114.000,3.944,-262.130
27.235,2.154,-1114.000,3.942,-262.131
27.275,2.218,-1114.000,3.941,-262.133
27.315,2.269,-1114.000,3.936,-262.148
27.355,3.025,-1114.000,3.947,-262.141
27.395,3.025,-1114.000,3.944,-262.142
27.435,2.659,-1115.000,3.937,-262.140
27.475,2.232,-1115.000,3.940,-262.132
27.515,2.277,-1115.000,3.943,-262.128
27.555,2.099,-1115.000,3.942,-262.127
27.595,2.176,-1115.000,3.942,-262.128
27.635,2.282,-1115.000,3.942,-262.129
27.675,2.817,-1115.000,3.941,-262.133
27.717,3.039,-1115.000,3.942,-262.134
27.757,2.965,-1115.000,3.941,-262.133
27.797,2.902,-1115.000,3.936,-262.130
27.837,3.039,-1115.000,3.934,-262.127
27.877,3.151,-1115.000,3.931,-262.124
27.917,3.547,-1115.000,3.934,-262.128
27.957,3.814,-1115.000,3.941,-262.119
27.997,4.218,-1115.000,3.940,-262.121
28.028,4.218,-1116.000,3.940,-262.121
28.078,4.186,-1117.000,3.940,-262.120
28.118,4.083,-1117.000,3.940,-262.118
28.158,3.988,-1117.000,3.944,-262.115
28.198,3.547,-1116.000,3.946,-262.113
28.238,4.229,-1116.000,3.943,-262.119
28.278,4.244,-1116.000,3.940,-262.120
28.318,4.360,-1116.000,3.940,-262.122
28.358,6.051,-1116.000,3.920,-262.082
28.398,6.051,-1116.000,3.921,-262.052
28.438,13.258,-1117.000,3.921,-261.986
28.478,18.127,-1121.000,3.929,-261.941
28.518,22.874,-1125.000,3.916,-261.921
28.558,30.400,-1130.000,3.885,-261.897
28.598,38.157,-1135.000,3.910,-261.833
28.638,46.153,-1140.000,3.944,-261.777
28.678,53.078,-1146.000,3.951,-261.718
28.709,60.162,-1152.000,3.956,-261.654
28.749,67.105,-1161.000,4.007,-261.481
28.789,78.246,-1169.000,4.007,-261.481
28.829,82.597,-1178.000,3.984,-261.354
28.869,86.982,-1186.000,3.984,-261.354
28.909,94.824,-1193.000,3.992,-261.276
28.949,102.748,-1200.000,3.972,-261.077
28.989,108.971,-1205.000,3.906,-260.929
29.029,112.304,-1210.000,3.895,-260.889
29.069,112.304,-1216.000,3.787,-260.721
29.109,117.649,-1222.000,3.718,-260.631
29.149,122.590,-1227.000,3.718,-260.631
29.189,127.793,-1232.000,3.567,-260.477
29.229,137.928,-1237.000,3.431,-260.418
29.269,137.928,-1242.000,3.321,-260.366
29.309,145.622,-1247.000,3.224,-260.306
29.349,147.993,-1251.000,3.193,-260.266
29.389,145.454,-1255.000,3.198,-260.264
29.429,143.981,-1259.000,3.300,-260.257
29.469,136.594,-1261.000,3.379,-260.210
29.509,128.106,-1261.000,3.385,-260.196
29.549,128.106,-1258.000,3.465,-260.126
29.589,114.836,-1253.000,3.465,-260.126
29.629,106.273,-1246.000,3.480,-260.059
29.669,97.247,-1237.000,3.492,-260.012
29.701,87.924,-1226.000,3.504,-259.973
29.751,83.539,-1218.000,3.534,-259.922
29.791,80.127,-1209.000,3.597,-259.812
29.831,76.652,-1202.000,3.644,-259.643
29.871,72.554,-1196.000,3.695,-259.487
29.911,70.166,-1191.000,3.760,-259.352
29.951,67.492,-1186.000,3.856,-259.148
29.991,65.251,-1182.000,3.965,-258.944
30.031,62.851,-1179.000,4.081,-258.744
30.057,62.851,-1178.000,4.141,-258.629
30.092,63.144,-1175.000,4.141,-258.629
30.114,62.221,-1175.000,4.243,-258.471
30.136,62.221,-1175.000,4.365,-258.252
30.159,60.021,-1175.000,4.365,-258.252
30.180,59.196,-1174.000,4.452,-258.071
30.202,60.830,-1173.000,4.565,-257.891
30.225,60.830,-1171.000,4.691,-257.667
30.246,61.456,-1170.000,4.691,-257.667
30.269,60.879,-1169.000,4.731,-257.583
30.290,60.879,-1169.000,4.840,-257.397
30.312,62.585,-1169.000,4.840,-257.397
30.334,63.954,-1170.000,4.968,-257.168
30.357,63.357,-1172.000,5.048,-257.009
30.379,63.357,-1174.000,5.048,-257.009
30.400,64.661,-1176.000,5.100,-256.883
30.422,68.737,-1176.000,5.191,-256.717
30.444,68.737,-1176.000,5.240,-256.538
30.466,69.086,-1177.000,5.240,-256.538
30.489,70.780,-1178.000,5.306,-256.373
30.510,70.780,-1180.000,5.332,-256.300
30.533,71.813,-1182.000,5.332,-256.300
30.554,73.844,-1183.000,5.387,-256.145
30.576,75.579,-1184.000,5.423,-256.008
30.598,75.579,-1185.000,5.423,-256.008
30.620,77.494,-1187.000,5.463,-255.843
30.642,79.203,-1189.000,5.483,-255.701
30.664,79.203,-1190.000,5.515,-255.578
30.687,81.778,-1190.000,5.515,-255.578
30.708,83.649,-1191.000,5.541,-255.426
30.730,85.972,-1193.000,5.571,-255.264
30.753,85.972,-1196.000,5.571,-255.264
30.774,85.821,-1197.000,5.564,-255.179
30.796,89.438,-1197.000,5.578,-255.015
30.818,89.438,-1197.000,5.577,-254.845
30.840,91.995,-1198.000,5.577,-254.845
30.862,94.637,-1199.000,5.535,-254.716
30.885,97.674,-1201.000,5.509,-254.560
30.907,97.674,-1203.000,5.509,-254.560
30.928,99.901,-1206.000,5.459,-254.411
30.951,103.444,-1208.000,5.423,-254.278
30.972,103.444,-1210.000,5.379,-254.147
30.994,106.701,-1213.000,5.379,-254.147
31.016,106.977,-1215.000,5.336,-254.074
31.038,106.977,-1217.000,5.303,-253.977
31.060,110.955,-1219.000,5.303,-253.977
31.083,113.647,-1219.000,5.235,-253.855
31.104,116.347,-1220.000,5.165,-253.741
31.127,116.347,-1222.000,5.165,-253.741
31.148,118.989,-1225.000,5.088,-253.609
31.170,121.541,-1227.000,5.004,-253.494
31.193,121.541,-1229.000,4.928,-253.386
31.214,125.260,-1232.000,4.928,-253.386
31.237,128.973,-1234.000,4.840,-253.295
31.259,128.973,-1236.000,4.790,-253.247
31.281,130.461,-1239.000,4.790,-253.247
31.303,133.681,-1241.000,4.705,-253.148
31.324,137.499,-1243.000,4.604,-253.055
31.347,137.499,-1245.000,4.604,-253.055
31.368,139.267,-1248.000,4.492,-252.968
31.390,141.929,-1250.000,4.359,-252.892
31.413,141.929,-1251.000,4.261,-252.831
31.434,145.747,-1252.000,4.261,-252.831
31.456,149.499,-1253.000,4.156,-252.774
31.479,150.025,-1255.000,4.075,-252.726
31.500,150.025,-1257.000,4.075,-252.726
31.522,153.963,-1260.000,3.957,-252.654
31.544,157.434,-1262.000,3.811,-252.586
31.567,157.434,-1264.000,3.655,-252.541
31.588,159.374,-1267.000,3.655,-252.541
31.611,162.298,-1269.000,3.512,-252.494
31.632,162.298,-1271.000,3.367,-252.458
31.654,165.192,-1273.000,3.367,-252.458
31.676,167.405,-1276.000,3.224,-252.417
31.699,171.224,-1278.000,3.055,-252.401
31.720,171.224,-1279.000,3.055,-252.401
31.742,170.726,-1280.000,2.954,-252.381
31.764,175.040,-1281.000,2.844,-252.362
31.805,177.756,-1283.000,2.704,-252.354
31.845,179.798,-1285.000,2.556,-252.364
31.885,181.320,-1289.000,2.401,-252.390
31.925,183.275,-1293.000,2.278,-252.427
31.966,186.205,-1294.000,2.055,-252.486
32.006,189.180,-1296.000,1.986,-252.493
32.046,189.180,-1299.000,1.865,-252.530
32.087,190.416,-1302.000,1.765,-252.537
32.120,191.550,-1303.000,1.648,-252.565
32.160,192.817,-1303.000,1.648,-252.565
32.193,195.062,-1304.000,1.539,-252.602
32.233,195.557,-1304.000,1.399,-252.633
32.269,197.359,-1306.000,1.240,-252.685
32.291,198.936,-1308.000,1.047,-252.773
32.312,198.936,-1309.000,1.047,-252.773
32.334,200.300,-1310.000,0.909,-252.825
32.356,201.448,-1311.000,0.789,-252.885
32.379,201.448,-1313.000,0.709,-252.949
32.400,203.069,-1313.000,0.709,-252.949
32.422,204.913,-1314.000,0.627,-253.080
32.444,204.913,-1315.000,0.631,-253.196
32.466,206.052,-1315.000,0.631,-253.196
32.488,208.957,-1316.000,0.640,-253.291
32.510,212.633,-1318.000,0.636,-253.363
32.533,212.633,-1321.000,0.636,-253.363
32.554,213.141,-1323.000,0.594,-253.360
32.577,213.311,-1325.000,0.608,-253.256
32.599,213.311,-1325.000,0.622,-253.211
32.620,209.764,-1325.000,0.622,-253.211
32.642,202.675,-1325.000,0.626,-253.162
32.665,193.278,-1324.000,0.586,-253.093
32.686,193.278,-1322.000,0.586,-253.093
32.727,188.787,-1316.000,0.519,-253.074
32.767,178.393,-1309.000,0.519,-253.074
32.808,170.350,-1300.000,0.508,-253.006
32.848,161.917,-1292.000,0.486,-252.951
32.889,154.172,-1285.000,0.428,-252.912
32.929,148.658,-1279.000,0.368,-252.826
32.960,148.658,-1274.000,0.368,-252.826
33.000,144.343,-1267.000,0.307,-252.726
33.031,139.291,-1261.000,0.215,-252.670
33.081,135.739,-1255.000,0.155,-252.619
33.112,132.047,-1251.000,0.063,-252.512
33.162,129.190,-1247.000,-0.015,-252.386
33.202,129.190,-1244.000,-0.147,-252.189
33.242,124.157,-1242.000,-0.253,-251.987
33.282,120.976,-1238.000,-0.253,-251.987
33.322,116.364,-1234.000,-0.423,-251.684
33.362,114.737,-1230.000,-0.423,-251.684
33.402,111.605,-1226.000,-0.508,-251.529
33.442,108.485,-1223.000,-0.569,-251.363
33.482,105.431,-1223.000,-0.636,-251.227
33.522,101.857,-1221.000,-0.677,-251.120
33.562,100.991,-1217.000,-0.677,-251.088
33.602,98.264,-1213.000,-0.676,-251.075
33.642,96.036,-1212.000,-0.666,-251.060
33.682,95.231,-1211.000,-0.656,-251.034
33.724,94.959,-1209.000,-0.643,-250.941
33.764,95.891,-1208.000,-0.666,-250.528
33.804,94.670,-1208.000,-0.714,-250.386
33.844,97.199,-1207.000,-0.712,-250.340
33.884,98.257,-1207.000,-0.709,-250.330
33.924,99.429,-1209.000,-0.702,-250.313
33.964,98.525,-1211.000,-0.713,-250.293
34.004,98.879,-1211.000,-0.713,-250.276
34.044,98.520,-1211.000,-0.707,-250.290
34.084,98.820,-1211.000,-0.694,-250.309
34.124,98.786,-1211.000,-0.697,-250.307
34.164,98.306,-1211.000,-0.706,-250.289
34.204,99.077,-1211.000,-0.719,-250.202
34.244,99.077,-1211.000,-0.753,-250.145
34.284,101.585,-1211.000,-0.818,-250.068
34.324,103.170,-1211.000,-0.876,-249.988
34.364,105.675,-1213.000,-1.004,-249.719
34.404,108.203,-1217.000,-1.073,-249.576
34.444,114.158,-1221.000,-1.121,-249.450
34.484,117.682,-1224.000,-1.178,-249.357
34.524,122.597,-1226.000,-1.296,-249.210
34.564,124.681,-1229.000,-1.389,-249.081
34.604,130.518,-1234.000,-1.483,-248.940
34.644,132.003,-1237.000,-1.537,-248.877
34.684,132.003,-1238.000,-1.618,-248.784
34.725,135.903,-1242.000,-1.708,-248.690
34.765,140.017,-1246.000,-1.797,-248.595
34.805,142.773,-1250.000,-1.855,-248.494
34.845,144.268,-1254.000,-1.927,-248.394
34.885,145.697,-1255.000,-2.020,-248.316
34.925,149.058,-1256.000,-2.160,-248.208
34.965,149.862,-1258.000,-2.265,-248.121
35.005,152.013,-1262.000,-2.389,-248.039
35.045,153.806,-1265.000,-2.593,-247.907
35.086,155.277,-1265.000,-2.780,-247.800
35.126,157.051,-1265.000,-2.915,-247.742
35.166,158.600,-1267.000,-3.025,-247.688
35.206,161.206,-1271.000,-3.165,-247.616
35.246,163.497,-1274.000,-3.303,-247.546
35.286,165.129,-1275.000,-3.538,-247.462
35.326,163.285,-1278.000,-3.732,-247.415
35.366,164.522,-1278.000,-3.882,-247.385
35.406,165.316,-1276.000,-4.024,-247.355
35.446,167.835,-1275.000,-4.208,-247.313
35.486,168.290,-1277.000,-4.473,-247.304
35.526,168.290,-1279.000,-4.635,-247.291
35.566,169.146,-1281.000,-4.782,-247.274
35.606,170.749,-1281.000,-4.931,-247.269
35.646,171.910,-1282.000,-5.136,-247.252
35.686,174.204,-1283.000,-5.136,-247.252
35.727,175.009,-1285.000,-5.312,-247.242
35.767,176.166,-1288.000,-5.545,-247.229
35.807,178.932,-1289.000,-6.010,-247.238
35.847,181.796,-1290.000,-6.094,-247.246
35.887,182.871,-1294.000,-6.094,-247.246
35.927,186.613,-1295.000,-6.271,-247.246
35.967,188.475,-1297.000,-6.482,-247.280
36.007,190.439,-1298.000,-6.640,-247.318
36.048,192.085,-1300.000,-6.717,-247.342
36.088,195.460,-1302.000,-6.724,-247.407
36.128,201.535,-1304.000,-6.713,-247.477
36.168,204.914,-1308.000,-6.703,-247.536
36.208,212.567,-1313.000,-6.674,-247.589
36.248,214.541,-1317.000,-6.662,-247.625
36.288,214.541,-1322.000,-6.592,-247.618
36.328,229.090,-1326.000,-6.592,-247.618
36.368,240.260,-1332.000,-6.535,-247.694
36.408,254.995,-1340.000,-6.474,-247.731
36.448,264.888,-1349.000,-6.406,-247.738
36.488,279.751,-1357.000,-6.314,-247.737
36.528,284.975,-1366.000,-6.299,-247.718
36.568,284.975,-1375.000,-6.226,-247.703
36.608,301.520,-1384.000,-6.226,-247.703
36.648,312.539,-1394.000,-6.134,-247.719
36.688,324.824,-1405.000,-6.139,-247.692
36.719,331.098,-1413.000,-6.159,-247.687
36.759,337.739,-1423.000,-6.166,-247.661
36.799,341.387,-1433.000,-6.130,-247.613
36.839,343.777,-1441.000,-6.123,-247.612
36.879,343.985,-1449.000,-6.147,-247.595
36.919,343.096,-1454.000,-6.168,-247.600
36.955,341.157,-1456.000,-6.195,-247.601
36.977,341.157,-1456.000,-6.195,-247.601
36.998,334.697,-1455.000,-6.223,-247.625
37.035,327.356,-1453.000,-6.208,-247.684
37.075,312.074,-1449.000,-6.115,-247.781
37.115,298.044,-1443.000,-6.093,-247.769
37.155,289.159,-1436.000,-6.143,-247.784
37.195,282.343,-1428.000,-6.133,-247.806
37.235,276.994,-1418.000,-6.177,-247.839
37.275,276.994,-1408.000,-6.223,-247.888
37.315,272.675,-1400.000,-6.273,-247.933
37.355,264.872,-1392.000,-6.310,-247.966
37.395,259.799,-1385.000,-6.342,-248.102
37.435,257.085,-1379.000,-6.363,-248.161
37.475,253.138,-1374.000,-6.406,-248.316
37.515,250.256,-1370.000,-6.478,-248.474
37.555,250.256,-1366.000,-6.541,-248.702
37.595,246.104,-1362.000,-6.612,-248.799
37.635,243.533,-1358.000,-6.612,-248.799
37.675,245.438,-1355.000,-6.780,-249.079
37.717,243.518,-1356.000,-6.780,-249.079
37.757,240.651,-1356.000,-6.949,-249.455
37.797,238.691,-1354.000,-6.980,-249.520
37.837,238.170,-1350.000,-6.980,-249.520
37.877,237.956,-1350.000,-7.079,-249.702
37.917,236.579,-1350.000,-7.120,-249.821
37.957,237.581,-1350.000,-7.208,-249.994
37.997,238.717,-1349.000,-7.322,-250.185
38.037,238.566,-1349.000,-7.445,-250.407
38.077,238.232,-1350.000,-7.564,-250.620
38.117,239.110,-1350.000,-7.594,-250.655
38.157,238.837,-1350.000,-7.692,-250.797
38.197,238.820,-1351.000,-7.709,-250.814
38.237,238.820,-1351.000,-7.817,-250.847
38.277,238.830,-1351.000,-7.817,-250.847
38.317,237.136,-1351.000,-7.938,-250.843
38.357,235.674,-1350.000,-8.066,-250.900
38.397,234.669,-1348.000,-8.165,-250.992
38.437,233.847,-1346.000,-8.472,-251.261
38.477,230.879,-1345.000,-8.472,-251.261
38.517,230.369,-1343.000,-8.666,-251.433
38.557,229.120,-1342.000,-8.774,-251.561
38.597,229.646,-1342.000,-8.923,-251.679
38.637,228.330,-1342.000,-9.054,-251.812
38.677,228.330,-1342.000,-9.205,-251.988
38.708,227.976,-1341.000,-9.205,-251.988
38.748,226.728,-1340.000,-9.531,-252.359
38.788,226.418,-1338.000,-9.614,-252.465
38.828,226.462,-1338.000,-9.709,-252.573
38.868,226.991,-1338.000,-9.817,-252.690
38.908,227.209,-1338.000,-9.959,-252.860
38.948,228.685,-1338.000,-10.083,-253.063
38.988,230.129,-1339.000,-10.205,-253.254
39.028,231.641,-1340.000,-10.302,-253.428
39.068,234.391,-1342.000,-10.411,-253.598
39.108,235.384,-1346.000,-10.502,-253.752
39.148,237.436,-1348.000,-10.550,-253.863
39.188,240.109,-1348.000,-10.605,-253.977
39.228,244.074,-1349.000,-10.663,-254.150
39.268,245.195,-1351.000,-10.700,-254.234
39.308,246.317,-1354.000,-10.698,-254.338
39.348,246.317,-1358.000,-10.735,-254.545
39.388,250.100,-1360.000,-10.754,-254.655
39.428,252.368,-1361.000,-10.766,-254.774
39.468,254.829,-1365.000,-10.802,-254.821
39.508,254.941,-1366.000,-10.868,-254.836
39.548,254.941,-1366.000,-10.977,-254.823
39.588,254.563,-1366.000,-10.977,-254.823
39.628,250.571,-1366.000,-10.990,-254.824
39.668,250.459,-1364.000,-10.999,-254.791
39.699,246.015,-1363.000,-11.028,-254.789
39.749,243.361,-1363.000,-11.089,-254.776
39.789,241.044,-1361.000,-11.207,-254.754
39.829,238.364,-1357.000,-11.291,-254.770
39.869,232.224,-1353.000,-11.409,-254.771
39.909,230.796,-1350.000,-11.459,-254.740
39.949,225.550,-1349.000,-11.576,-254.694
39.989,225.550,-1345.000,-11.745,-254.766
40.029,222.323,-1340.000,-11.745,-254.766
40.054,216.679,-1337.000,-11.946,-254.858
40.094,213.024,-1332.000,-12.070,-254.920
40.134,209.677,-1328.000,-12.242,-254.977
40.174,205.181,-1324.000,-12.416,-255.048
40.214,202.113,-1319.000,-12.668,-255.147
40.254,200.493,-1315.000,-12.872,-255.197
40.294,198.436,-1312.000,-13.029,-255.252
40.334,196.393,-1311.000,-13.029,-255.252
40.374,194.668,-1308.000,-13.230,-255.326
40.414,193.392,-1307.000,-13.442,-255.388
40.454,191.702,-1306.000,-13.766,-255.513
40.494,191.774,-1304.000,-13.766,-255.513
40.534,191.167,-1303.000,-13.946,-255.560
40.574,191.432,-1303.000,-14.072,-255.602
40.614,191.153,-1303.000,-14.174,-255.646
40.654,191.652,-1303.000,-14.297,-255.699
40.694,194.034,-1303.000,-14.394,-255.731
40.735,194.034,-1303.000,-14.553,-255.784
40.775,197.237,-1305.000,-14.553,-255.784
40.815,198.214,-1308.000,-14.744,-255.878
40.855,201.682,-1312.000,-14.920,-255.961
40.895,202.801,-1314.000,-15.004,-256.022
40.935,205.103,-1314.000,-15.095,-256.084
40.975,209.940,-1315.000,-15.245,-256.207
41.015,209.940,-1316.000,-15.277,-256.402
41.055,217.344,-1320.000,-15.244,-256.531
41.095,217.344,-1324.000,-15.188,-256.591
41.135,226.565,-1329.000,-15.195,-256.662
41.175,232.430,-1334.000,-15.223,-256.781
41.215,239.135,-1340.000,-15.256,-256.942
41.255,246.614,-1347.000,-15.256,-256.942
41.295,251.047,-1353.000,-15.259,-257.081
41.335,258.159,-1359.000,-15.257,-257.256
41.375,265.647,-1363.000,-15.222,-257.448
41.415,273.503,-1368.000,-15.134,-257.620
41.455,273.503,-1374.000,-14.998,-257.736
41.495,281.303,-1380.000,-14.910,-257.787
41.535,294.885,-1387.000,-14.771,-257.832
41.575,300.405,-1393.000,-14.649,-257.873
41.615,307.815,-1400.000,-14.563,-257.916
41.655,307.815,-1406.000,-14.425,-257.948
41.695,315.956,-1413.000,-14.425,-257.948
41.726,324.041,-1419.000,-14.287,-257.980
41.766,331.692,-1425.000,-14.160,-257.956
41.806,339.105,-1432.000,-14.118,-257.879
41.846,349.978,-1440.000,-14.073,-257.796
41.886,359.941,-1447.000,-13.963,-257.717
41.926,10.702,-1454.000,-13.901,-257.664
41.967,11.817,-1462.000,-13.863,-257.617
42.007,23.728,-1471.000,-13.872,-257.541
42.048,29.069,-1478.000,-13.834,-257.480
42.088,38.318,-1486.000,-13.801,-257.409
42.128,45.479,-1494.000,-13.781,-257.304
42.168,49.955,-1501.000,-13.806,-257.264
42.208,55.167,-1510.000,-13.852,-257.213
42.248,63.982,-1517.000,-13.929,-257.180
42.288,75.276,-1524.000,-13.982,-257.126
42.328,83.013,-1533.000,-13.995,-256.999
42.368,87.434,-1542.000,-13.997,-256.810
42.408,94.354,-1550.000,-13.997,-256.810
42.448,96.685,-1558.000,-14.010,-256.748
42.488,106.583,-1564.000,-14.045,-256.607
42.528,106.646,-1569.000,-14.075,-256.536
42.568,110.576,-1574.000,-14.099,-256.442
42.608,113.755,-1578.000,-14.172,-256.258
42.648,115.578,-1582.000,-14.220,-256.173
42.688,115.578,-1586.000,-14.220,-256.173
42.721,117.127,-1589.000,-14.208,-256.116
42.761,117.315,-1589.000,-14.218,-256.084
42.801,118.562,-1589.000,-14.247,-256.024
42.841,120.380,-1590.000,-14.339,-255.954
42.881,122.037,-1591.000,-14.459,-255.833
42.921,122.037,-1592.000,-14.578,-255.716
42.961,124.748,-1595.000,-14.652,-255.631
43.001,126.389,-1596.000,-14.652,-255.631
43.041,129.857,-1599.000,-14.770,-255.480
43.081,131.608,-1600.000,-14.864,-255.398
43.121,134.246,-1602.000,-14.990,-255.255
43.161,134.957,-1603.000,-15.134,-255.107
43.201,134.957,-1605.000,-15.272,-254.966
43.241,136.674,-1607.000,-15.399,-254.848
43.281,138.432,-1609.000,-15.496,-254.773
43.321,139.388,-1610.000,-15.631,-254.661
43.361,141.639,-1611.000,-15.631,-254.661
43.401,143.396,-1613.000,-15.928,-254.441
43.441,149.176,-1615.000,-16.059,-254.343
43.481,149.176,-1617.000,-16.166,-254.251
43.521,154.306,-1621.000,-16.260,-254.207
43.561,156.206,-1625.000,-16.389,-254.152
43.601,160.896,-1630.000,-16.535,-254.096
43.641,162.898,-1634.000,-16.681,-254.059
43.681,166.528,-1637.000,-16.624,-253.970
43.722,164.340,-1639.000,-16.582,-253.932
43.762,164.340,-1639.000,-16.528,-253.858
43.802,159.384,-1638.000,-16.577,-253.815
43.842,153.278,-1634.000,-16.614,-253.753
43.882,148.157,-1629.000,-16.680,-253.620
43.922,141.383,-1623.000,-16.680,-253.620
43.962,135.834,-1618.000,-16.775,-253.532
44.002,129.662,-1612.000,-16.888,-253.381
44.043,124.961,-1607.000,-16.932,-253.262
44.083,122.488,-1603.000,-16.933,-253.167
44.123,122.488,-1598.000,-16.947,-253.067
44.163,118.075,-1594.000,-16.863,-252.932
44.203,112.644,-1590.000,-16.863,-252.932
44.243,104.575,-1586.000,-16.894,-252.742
44.283,99.830,-1581.000,-16.889,-252.612
44.323,96.555,-1576.000,-16.889,-252.507
44.363,91.378,-1572.000,-16.840,-252.333
44.403,91.378,-1568.000,-16.741,-252.222
44.443,84.428,-1564.000,-16.645,-252.131
44.483,72.905,-1559.000,-16.575,-252.064
44.523,65.927,-1553.000,-16.454,-252.033
44.563,59.162,-1548.000,-16.323,-251.947
44.603,59.162,-1542.000,-16.201,-251.879
44.643,53.323,-1536.000,-16.201,-251.879
44.683,46.705,-1530.000,-16.101,-251.776
44.724,42.524,-1523.000,-16.063,-251.740
44.764,40.044,-1518.000,-16.003,-251.686
44.804,38.431,-1514.000,-15.925,-251.601
44.844,38.686,-1512.000,-15.871,-251.467
44.884,38.686,-1511.000,-15.824,-251.361
44.924,40.471,-1511.000,-15.761,-251.275
44.964,44.742,-1511.000,-15.650,-251.144
45.004,46.459,-1512.000,-15.595,-251.034
45.044,46.459,-1513.000,-15.595,-251.034
45.077,50.906,-1517.000,-15.585,-250.910
45.117,56.699,-1521.000,-15.574,-250.648
45.157,70.348,-1526.000,-15.604,-250.456
45.197,70.348,-1531.000,-15.665,-250.299
45.237,89.437,-1537.000,-15.733,-250.111
45.277,99.501,-1545.000,-15.840,-249.900
45.317,106.391,-1552.000,-15.914,-249.797
45.357,109.479,-1561.000,-15.955,-249.744
45.397,121.885,-1569.000,-16.054,-249.598
45.437,130.282,-1576.000,-16.231,-249.438
45.477,130.282,-1584.000,-16.441,-249.314
45.517,139.930,-1593.000,-16.441,-249.314
45.557,145.439,-1601.000,-16.617,-249.252
45.597,152.817,-1609.000,-16.748,-249.202
45.637,162.619,-1617.000,-16.935,-249.167
45.677,165.831,-1623.000,-17.012,-249.161
45.708,165.831,-1628.000,-17.120,-249.168
45.748,180.370,-1633.000,-17.308,-249.201
45.788,180.370,-1639.000,-17.506,-249.259
45.828,188.684,-1646.000,-17.506,-249.259
45.868,193.307,-1653.000,-17.757,-249.389
45.908,199.238,-1660.000,-17.866,-249.429
45.948,209.407,-1667.000,-18.028,-249.582
45.988,215.612,-1674.000,-18.194,-249.744
46.028,221.525,-1681.000,-18.194,-249.744
46.068,226.960,-1688.000,-18.394,-250.123
46.108,233.816,-1694.000,-18.394,-250.123
46.148,238.573,-1700.000,-18.455,-250.251
46.188,243.056,-1706.000,-18.500,-250.379
46.228,248.340,-1712.000,-18.566,-250.617
46.268,253.284,-1718.000,-18.566,-250.563
46.308,255.074,-1723.000,-18.566,-250.563
46.348,254.043,-1727.000,-18.570,-250.499
46.388,249.757,-1727.000,-18.616,-250.332
46.428,245.767,-1727.000,-18.682,-250.355
46.468,239.348,-1725.000,-18.785,-250.379
46.508,236.406,-1721.000,-18.808,-250.430
46.548,232.227,-1716.000,-18.878,-250.528
46.588,232.227,-1711.000,-18.949,-250.614
46.628,230.509,-1706.000,-19.066,-250.728
46.668,228.250,-1702.000,-19.066,-250.728
46.699,226.808,-1700.000,-19.152,-250.840
46.749,225.331,-1699.000,-19.255,-250.948
46.789,224.580,-1697.000,-19.489,-251.235
46.829,225.740,-1696.000,-19.602,-251.335
46.869,227.205,-1697.000,-19.763,-251.500
46.909,229.618,-1699.000,-19.878,-251.635
46.949,230.943,-1701.000,-19.878,-251.635
46.970,234.200,-1702.000,-20.021,-251.815
46.993,234.200,-1702.000,-20.021,-251.815
47.015,237.548,-1702.000,-20.149,-252.007
47.055,238.592,-1705.000,-20.277,-252.236
47.095,242.103,-1709.000,-20.390,-252.433
47.135,245.298,-1711.000,-20.474,-252.564
47.175,247.237,-1713.000,-20.520,-252.698
47.215,248.704,-1717.000,-20.581,-252.841
47.255,250.691,-1721.000,-20.639,-253.048
47.295,252.747,-1721.000,-20.670,-253.171
47.335,252.747,-1722.000,-20.701,-253.286
47.375,257.379,-1724.000,-20.795,-253.477
47.415,257.379,-1726.000,-20.841,-253.639
47.455,258.952,-1728.000,-20.889,-253.848
47.495,261.048,-1730.000,-20.889,-253.848
47.535,263.663,-1732.000,-20.921,-254.180
47.575,265.422,-1736.000,-20.921,-254.180
47.615,266.863,-1738.000,-20.904,-254.359
47.655,269.032,-1738.000,-20.869,-254.642
47.695,270.543,-1740.000,-20.869,-254.642
47.727,272.968,-1743.000,-20.810,-255.046
47.767,276.863,-1745.000,-20.788,-255.196
47.807,280.524,-1747.000,-20.735,-255.400
47.847,280.524,-1748.000,-20.691,-255.542
47.887,282.653,-1750.000,-20.691,-255.542
47.927,286.133,-1754.000,-20.647,-255.742
47.967,287.791,-1758.000,-20.590,-255.888
48.007,291.369,-1760.000,-20.519,-256.072
48.048,293.552,-1760.000,-20.453,-256.179
48.088,294.956,-1762.000,-20.374,-256.304
48.128,294.956,-1766.000,-20.291,-256.441
48.168,298.549,-1767.000,-20.291,-256.441
48.208,297.876,-1768.000,-20.177,-256.542
48.248,300.281,-1770.000,-20.129,-256.575
48.288,302.183,-1772.000,-20.049,-256.576
48.328,303.793,-1773.000,-19.862,-256.586
48.368,307.918,-1774.000,-19.680,-256.651
48.408,310.215,-1775.000,-19.540,-256.728
48.448,314.129,-1777.000,-19.342,-256.862
48.488,314.129,-1781.000,-19.127,-256.990
48.528,319.961,-1785.000,-19.001,-257.071
48.568,319.961,-1789.000,-18.817,-257.136
48.608,325.477,-1792.000,-18.598,-257.187
48.648,329.310,-1794.000,-18.598,-257.187
48.688,335.454,-1798.000,-18.382,-257.249
48.729,340.730,-1803.000,-18.181,-257.283
48.769,343.911,-1808.000,-17.975,-257.333
48.809,348.004,-1813.000,-17.843,-257.351
48.849,353.367,-1818.000,-17.629,-257.371
48.889,355.275,-1823.000,-17.471,-257.369
48.929,0.802,-1827.000,-17.289,-257.340
48.969,3.023,-1828.000,-17.122,-257.316
49.009,9.653,-1830.000,-16.962,-257.282
49.049,9.653,-1834.000,-16.800,-257.227
49.089,10.765,-1838.000,-16.800,-257.227
49.129,14.715,-1843.000,-16.504,-257.144
49.169,19.346,-1847.000,-16.364,-257.076
49.209,21.405,-1851.000,-16.207,-256.981
49.249,24.317,-1855.000,-16.111,-256.925
49.289,25.928,-1857.000,-16.111,-256.925
49.329,27.323,-1857.000,-15.869,-256.827
49.369,31.936,-1859.000,-15.678,-256.756
49.409,31.936,-1862.000,-15.521,-256.643
49.449,32.929,-1864.000,-15.384,-256.536
49.489,33.961,-1864.000,-15.275,-256.466
49.529,36.966,-1865.000,-15.190,-256.380
49.569,36.588,-1867.000,-15.190,-256.380
49.609,38.008,-1868.000,-15.129,-256.317
49.649,38.719,-1870.000,-15.059,-256.248
49.689,40.307,-1871.000,-14.970,-256.153
49.730,41.095,-1872.000,-14.845,-256.047
49.770,41.285,-1873.000,-14.763,-255.946
49.810,41.283,-1874.000,-14.708,-255.884
49.850,43.557,-1874.000,-14.606,-255.810
49.890,45.128,-1874.000,-14.471,-255.649
49.930,46.121,-1875.000,-14.368,-255.538
49.970,46.121,-1876.000,-14.321,-255.385
50.010,46.173,-1879.000,-14.298,-255.375
50.044,46.173,-1879.000,-14.298,-255.375
50.084,46.059,-1879.000,-14.233,-255.378
50.124,46.448,-1879.000,-14.200,-255.328
50.164,46.464,-1879.000,-14.128,-255.212
50.204,46.250,-1879.000,-14.032,-255.092
50.244,46.054,-1879.000,-13.945,-254.973
50.284,47.631,-1879.000,-13.855,-254.854
50.324,47.982,-1879.000,-13.731,-254.706
50.364,48.037,-1879.000,-13.634,-254.592
50.404,49.655,-1879.000,-13.489,-254.432
50.444,49.966,-1880.000,-13.389,-254.325
50.484,49.966,-1881.000,-13.292,-254.181
50.524,49.505,-1882.000,-13.292,-254.181
50.564,49.882,-1882.000,-13.246,-254.133
50.604,49.098,-1882.000,-13.261,-254.025
50.644,51.141,-1882.000,-13.325,-253.909
50.684,54.284,-1882.000,-13.402,-253.774
50.725,56.428,-1883.000,-13.421,-253.660
50.765,61.377,-1885.000,-13.454,-253.535
50.805,64.179,-1889.000,-13.420,-253.411
50.845,66.384,-1894.000,-13.340,-253.131
50.885,70.905,-1898.000,-13.274,-252.953
50.925,74.724,-1902.000,-13.256,-252.764
50.965,78.908,-1906.000,-13.241,-252.609
51.005,81.156,-1910.000,-13.241,-252.609
51.045,84.460,-1915.000,-13.218,-252.213
51.085,86.936,-1917.000,-13.218,-252.213
51.125,88.910,-1918.000,-13.213,-252.087
51.165,89.651,-1921.000,-13.211,-251.813
51.205,91.721,-1922.000,-13.221,-251.624
51.245,93.559,-1924.000,-13.225,-251.561
51.285,94.511,-1926.000,-13.225,-251.561
51.325,96.850,-1927.000,-13.246,-251.360
51.365,97.771,-1928.000,-13.286,-251.198
51.405,100.279,-1928.000,-13.360,-250.796
51.445,102.131,-1930.000,-13.360,-250.796
51.485,102.282,-1934.000,-13.371,-250.732
51.525,104.128,-1935.000,-13.452,-250.520
51.565,105.802,-1936.000,-13.509,-250.319
51.605,107.707,-1937.000,-13.549,-250.192
51.645,108.586,-1938.000,-13.581,-250.064
51.685,109.742,-1939.000,-13.632,-249.933
51.726,111.639,-1941.000,-13.739,-249.731
51.766,111.442,-1941.000,-13.854,-249.526
51.806,112.170,-1942.000,-13.927,-249.392
51.846,112.651,-1945.000,-13.991,-249.247
51.886,113.034,-1945.000,-14.103,-249.062
51.926,114.461,-1945.000,-14.181,-248.925
51.967,116.342,-1945.000,-14.288,-248.750
52.007,117.469,-1947.000,-14.424,-248.555
52.048,118.726,-1950.000,-14.663,-248.237
52.088,119.988,-1951.000,-14.748,-248.116
52.128,124.224,-1951.000,-14.878,-247.949
52.168,124.224,-1953.000,-14.921,-247.900
52.208,123.757,-1957.000,-14.921,-247.900
52.248,128.500,-1959.000,-15.016,-247.802
52.288,127.977,-1961.000,-15.120,-247.686
52.328,130.601,-1960.000,-15.248,-247.572
52.368,129.959,-1962.000,-15.332,-247.492
52.408,130.847,-1962.000,-15.393,-247.449
52.448,133.253,-1962.000,-15.485,-247.362
52.488,134.255,-1962.000,-15.559,-247.295
52.528,135.086,-1964.000,-15.615,-247.240
52.568,135.957,-1967.000,-15.673,-247.185
52.608,139.294,-1968.000,-15.753,-247.069
52.648,140.030,-1968.000,-15.905,-246.952
52.688,140.030,-1969.000,-15.905,-246.952
52.721,140.630,-1972.000,-16.015,-246.852
52.761,141.166,-1973.000,-16.166,-246.738
52.801,142.533,-1973.000,-16.262,-246.652
52.841,144.239,-1973.000,-16.390,-246.553
52.881,143.852,-1974.000,-16.559,-246.444
52.921,143.852,-1975.000,-16.697,-246.338
52.961,144.426,-1976.000,-16.760,-246.317
53.001,144.974,-1976.000,-16.760,-246.317
53.041,146.655,-1976.000,-16.945,-246.218
53.081,147.292,-1977.000,-17.060,-246.146
53.121,149.681,-1979.000,-17.251,-246.068
53.161,152.226,-1981.000,-17.442,-245.987
53.201,154.890,-1985.000,-17.629,-245.902
53.241,156.581,-1987.000,-17.952,-245.764
53.281,157.114,-1988.000,-17.952,-245.764
53.321,161.906,-1989.000,-18.120,-245.693
53.361,163.684,-1993.000,-18.350,-245.625
53.401,164.549,-1994.000,-18.497,-245.578
53.441,165.811,-1995.000,-18.694,-245.533
53.481,167.509,-1996.000,-18.889,-245.477
53.521,168.859,-1997.000,-19.200,-245.445
53.561,171.359,-1999.000,-19.350,-245.430
53.601,172.030,-2002.000,-19.480,-245.428
53.641,173.471,-2006.000,-19.480,-245.428
53.681,175.258,-2006.000,-19.862,-245.471
53.723,177.546,-2007.000,-19.862,-245.471
53.763,178.862,-2009.000,-20.104,-245.473
53.803,180.353,-2011.000,-20.471,-245.484
53.843,182.433,-2012.000,-20.471,-245.484
53.883,181.950,-2013.000,-20.602,-245.469
53.923,183.041,-2014.000,-20.719,-245.450
53.963,183.999,-2014.000,-20.986,-245.434
54.003,182.744,-2015.000,-20.986,-245.434
54.043,184.196,-2015.000,-21.196,-245.426
54.083,183.473,-2016.000,-21.570,-245.446
54.123,183.251,-2016.000,-21.715,-245.452
54.163,183.955,-2016.000,-21.874,-245.497
54.203,183.875,-2016.000,-22.008,-245.520
54.243,183.875,-2016.000,-22.202,-245.567
54.283,185.092,-2016.000,-22.202,-245.567
54.323,184.772,-2017.000,-22.422,-245.588
54.363,184.957,-2017.000,-22.574,-245.584
54.403,186.391,-2017.000,-22.703,-245.588
54.443,188.134,-2017.000,-22.890,-245.613
54.483,188.456,-2018.000,-23.022,-245.641
54.523,188.949,-2020.000,-23.114,-245.701
54.563,188.768,-2021.000,-23.208,-245.776
54.603,188.768,-2021.000,-23.284,-245.844
54.643,190.805,-2021.000,-23.284,-245.844
54.683,191.566,-2022.000,-23.374,-245.934
54.724,194.559,-2023.000,-23.540,-246.052
54.764,196.947,-2025.000,-23.710,-246.154
54.804,201.316,-2026.000,-23.867,-246.245
54.844,204.096,-2028.000,-24.018,-246.367
54.884,206.529,-2032.000,-24.138,-246.452
54.924,208.083,-2036.000,-24.163,-246.502
54.964,212.030,-2040.000,-24.249,-246.612
55.004,214.076,-2045.000,-24.314,-246.693
55.044,216.634,-2047.000,-24.407,-246.851
55.077,219.429,-2047.000,-24.438,-247.025
55.117,222.800,-2048.000,-24.482,-247.137
55.157,226.006,-2049.000,-24.592,-247.307
55.197,228.565,-2053.000,-24.651,-247.435
55.237,232.951,-2057.000,-24.757,-247.609
55.277,232.951,-2062.000,-24.827,-247.751
55.317,235.850,-2066.000,-24.899,-247.862
55.357,238.350,-2068.000,-24.899,-247.862
55.397,242.847,-2070.000,-24.958,-248.023
55.437,245.266,-2073.000,-25.002,-248.145
55.477,248.940,-2075.000,-25.045,-248.299
55.517,252.013,-2077.000,-25.097,-248.483
55.557,252.964,-2081.000,-25.122,-248.621
55.597,254.137,-2085.000,-25.182,-248.860
55.637,258.681,-2087.000,-25.182,-248.860
55.677,261.808,-2089.000,-25.218,-249.247
55.708,264.404,-2092.000,-25.218,-249.247
55.748,267.626,-2096.000,-25.217,-249.431
55.788,269.227,-2097.000,-25.243,-249.574
55.828,267.246,-2098.000,-25.328,-249.557
55.868,264.387,-2102.000,-25.401,-249.568
55.908,261.008,-2104.000,-25.436,-249.622
55.948,261.008,-2104.000,-25.459,-249.730
55.988,259.770,-2101.000,-25.491,-249.891
56.028,255.169,-2097.000,-25.491,-249.891
56.069,252.122,-2091.000,-25.589,-250.166
56.109,248.973,-2086.000,-25.589,-250.166
56.149,248.515,-2082.000,-25.612,-250.225
56.189,246.102,-2080.000,-25.699,-250.426
56.229,244.497,-2079.000,-25.783,-250.609
56.269,242.782,-2079.000,-25.854,-250.735
56.309,241.053,-2077.000,-25.949,-250.921
56.349,240.377,-2075.000,-26.052,-251.039
56.389,239.068,-2074.000,-26.151,-251.220
56.429,237.865,-2073.000,-26.224,-251.346
56.469,238.002,-2072.000,-26.329,-251.603
56.509,237.636,-2071.000,-26.465,-251.780
56.549,238.746,-2070.000,-26.557,-251.911
56.589,240.175,-2070.000,-26.696,-252.099
56.629,240.154,-2070.000,-26.789,-252.268
56.669,240.490,-2071.000,-26.908,-252.495
56.701,241.618,-2073.000,-26.981,-252.641
56.741,241.618,-2073.000,-27.077,-252.826
56.781,244.715,-2073.000,-27.137,-252.977
56.821,244.912,-2075.000,-27.194,-253.125
56.861,245.207,-2077.000,-27.235,-253.266
56.901,247.577,-2078.000,-27.235,-253.266
56.941,249.104,-2079.000,-27.284,-253.406
56.967,249.104,-2080.000,-27.361,-253.639
56.989,252.118,-2082.000,-27.361,-253.639
57.015,252.927,-2084.000,-27.395,-253.740
57.055,255.925,-2084.000,-27.436,-253.933
57.095,257.428,-2084.000,-27.491,-254.209
57.135,261.738,-2086.000,-27.491,-254.457
57.175,263.610,-2090.000,-27.466,-254.667
57.215,265.612,-2094.000,-27.456,-254.794
57.255,266.703,-2096.000,-27.435,-254.909
57.295,269.893,-2097.000,-27.378,-255.118
57.335,269.893,-2098.000,-27.326,-255.317
57.375,275.313,-2102.000,-27.303,-255.459
57.415,279.606,-2105.000,-27.258,-255.652
57.455,282.111,-2107.000,-27.204,-255.779
57.495,283.881,-2110.000,-27.177,-255.822
57.535,283.881,-2114.000,-27.105,-255.916
57.575,287.246,-2117.000,-27.105,-255.916
57.615,293.360,-2118.000,-26.967,-256.037
57.655,293.500,-2122.000,-26.900,-256.086
57.695,297.334,-2126.000,-26.696,-256.206
57.727,304.033,-2126.000,-26.568,-256.330
57.767,310.718,-2128.000,-26.424,-256.443
57.807,314.507,-2132.000,-26.321,-256.552
57.847,318.033,-2138.000,-26.215,-256.638
57.887,321.548,-2144.000,-26.102,-256.711
57.927,327.806,-2148.000,-25.963,-256.808
57.967,329.116,-2154.000,-25.840,-256.918
58.007,330.628,-2159.000,-25.845,-257.033
58.047,330.228,-2162.000,-25.859,-257.095
58.087,330.310,-2164.000,-25.874,-257.197
58.127,326.523,-2164.000,-25.830,-257.330
58.167,322.682,-2163.000,-25.761,-257.439
58.207,320.465,-2161.000,-25.696,-257.549
58.247,318.680,-2157.000,-25.642,-257.661
58.287,314.790,-2153.000,-25.575,-257.865
58.327,310.152,-2149.000,-25.551,-257.966
58.367,306.351,-2146.000,-25.584,-258.061
58.407,302.251,-2145.000,-25.554,-258.223
58.447,298.135,-2141.000,-25.490,-258.393
58.487,298.135,-2136.000,-25.438,-258.468
58.527,295.068,-2132.000,-25.438,-258.468
58.567,290.480,-2128.000,-25.387,-258.503
58.607,286.875,-2123.000,-25.325,-258.586
58.647,284.397,-2119.000,-25.262,-258.703
58.687,281.439,-2118.000,-25.172,-258.814
58.728,279.991,-2116.000,-25.110,-258.922
58.768,279.674,-2112.000,-25.077,-259.089
58.808,279.454,-2111.000,-25.037,-259.221
58.848,279.454,-2111.000,-25.018,-259.366
58.888,280.616,-2111.000,-24.985,-259.498
58.928,281.036,-2112.000,-24.924,-259.720
58.968,280.237,-2113.000,-24.870,-259.904
59.008,282.365,-2113.000,-24.870,-259.904
59.048,283.663,-2114.000,-24.815,-260.020
59.088,285.292,-2115.000,-24.724,-260.177
59.128,286.521,-2115.000,-24.657,-260.290
59.168,289.972,-2117.000,-24.559,-260.412
59.208,289.972,-2119.000,-24.444,-260.604
59.248,292.494,-2121.000,-24.328,-260.751
59.288,294.452,-2124.000,-24.328,-260.751
59.328,297.544,-2128.000,-24.216,-260.842
59.368,300.630,-2130.000,-24.110,-260.886
59.408,302.070,-2130.000,-24.028,-260.913
59.448,305.363,-2132.000,-23.895,-260.933
59.488,305.363,-2135.000,-23.895,-260.933
59.507,310.496,-2135.000,-23.765,-260.982
59.547,315.358,-2138.000,-23.614,-261.064
59.587,319.119,-2142.000,-23.477,-261.123
59.627,324.799,-2147.000,-23.331,-261.193
59.667,330.757,-2151.000,-23.134,-261.261
59.707,330.757,-2155.000,-23.134,-261.261
59.738,335.763,-2159.000,-22.734,-261.328
59.778,346.963,-2164.000,-22.627,-261.377
59.818,349.455,-2170.000,-22.497,-261.410
59.858,355.341,-2176.000,-22.356,-261.433
59.898,358.943,-2180.000,-22.186,-261.421
59.938,2.359,-2185.000,-22.064,-261.422
59.981,7.478,-2190.000,-21.906,-261.447
60.021,9.255,-2194.000,-21.756,-261.406
