0.030,158.264,-32.000,-2.218,-4.312
0.070,154.257,-33.000,-2.290,-4.265
0.110,150.197,-38.000,-2.358,-4.247
0.150,146.879,-44.000,-2.498,-4.225
0.185,143.584,-52.000,-2.582,-4.149
0.206,143.584,-57.000,-2.623,-4.096
0.227,143.521,-64.000,-2.623,-4.096
0.258,141.957,-74.000,-2.792,-3.954
0.298,139.139,-89.000,-2.867,-3.903
0.338,138.537,-107.000,-3.023,-3.798
0.378,139.331,-123.000,-3.062,-3.838
0.418,140.567,-138.000,-3.097,-3.842
0.458,143.529,-150.000,-3.177,-3.834
0.498,146.320,-160.000,-3.223,-3.810
0.538,148.196,-169.000,-3.186,-3.811
0.578,147.835,-175.000,-3.183,-3.813
0.618,146.329,-180.000,-3.166,-3.770
0.658,142.334,-180.000,-3.193,-3.755
0.698,140.317,-178.000,-3.208,-3.731
0.738,134.022,-174.000,-3.175,-3.736
0.778,132.638,-170.000,-3.180,-3.734
0.818,128.215,-166.000,-3.179,-3.698
0.858,119.700,-161.000,-3.180,-3.708
0.898,119.826,-157.000,-3.195,-3.660
0.938,113.034,-153.000,-3.199,-3.655
0.978,109.203,-148.000,-3.187,-3.630
1.018,104.500,-145.000,-3.141,-3.617
1.058,100.126,-144.000,-3.140,-3.574
1.098,97.344,-140.000,-3.051,-3.469
1.138,92.414,-134.000,-3.069,-3.422
1.178,90.149,-128.000,-3.086,-3.258
1.218,88.319,-124.000,-3.089,-3.168
1.249,86.712,-121.000,-3.110,-3.073
1.289,86.247,-120.000,-3.077,-2.882
1.329,86.210,-118.000,-3.136,-2.843
1.369,86.735,-118.000,-3.172,-2.805
1.409,88.628,-118.000,-3.147,-2.677
1.441,89.688,-119.000,-3.159,-2.667
1.481,93.184,-120.000,-3.230,-2.611
1.521,94.928,-121.000,-3.292,-2.511
1.561,97.445,-123.000,-3.303,-2.467
1.601,99.505,-127.000,-3.324,-2.397
1.641,104.040,-131.000,-3.430,-2.339
1.681,109.554,-135.000,-3.399,-2.314
1.721,116.012,-137.000,-3.451,-2.273
1.761,120.897,-138.000,-3.470,-2.255
1.801,126.467,-143.000,-3.607,-2.238
1.841,139.811,-149.000,-3.628,-2.226
1.881,142.724,-157.000,-3.693,-2.210
1.921,151.307,-165.000,-3.702,-2.209
1.961,156.279,-172.000,-3.768,-2.204
2.001,163.081,-179.000,-3.845,-2.189
2.041,165.205,-186.000,-3.880,-2.186
2.081,167.886,-192.000,-3.967,-2.149
2.121,172.386,-197.000,-3.986,-2.134
2.161,172.744,-201.000,-4.033,-2.112
2.201,172.801,-205.000,-4.051,-2.112
2.241,172.066,-205.000,-4.082,-2.106
2.272,172.736,-205.000,-4.088,-2.107
2.312,177.594,-205.000,-4.104,-2.122
2.352,185.157,-205.000,-4.142,-2.134
2.392,188.413,-207.000,-4.168,-2.149
2.425,198.291,-211.000,-4.185,-2.170
2.465,201.949,-217.000,-4.283,-2.202
2.505,200.562,-224.000,-4.298,-2.187
2.545,197.361,-230.000,-4.293,-2.171
2.585,195.300,-233.000,-4.308,-2.154
2.625,196.504,-231.000,-4.306,-2.130
2.665,201.112,-228.000,-4.304,-2.120
2.705,201.826,-225.000,-4.337,-2.142
2.745,204.855,-226.000,-4.387,-2.153
2.785,203.016,-228.000,-4.350,-2.137
2.825,201.793,-233.000,-4.343,-2.119
2.865,200.726,-236.000,-4.376,-2.110
2.905,192.620,-234.000,-4.378,-2.125
2.945,184.289,-230.000,-4.387,-2.123
2.985,173.651,-226.000,-4.465,-2.112
3.025,156.752,-220.000,-4.441,-2.093
3.065,143.584,-212.000,-4.538,-1.940
3.105,126.445,-201.000,-4.565,-1.905
3.145,115.437,-189.000,-4.650,-1.762
3.185,99.745,-177.000,-4.681,-1.643
3.225,90.285,-165.000,-4.672,-1.525
3.256,80.824,-155.000,-4.648,-1.297
3.296,70.653,-143.000,-4.614,-1.229
3.336,66.377,-131.000,-4.579,-1.153
3.376,61.896,-120.000,-4.456,-0.981
3.416,52.436,-109.000,-4.435,-0.948
3.456,49.386,-100.000,-4.360,-0.851
3.496,42.281,-92.000,-4.308,-0.801
3.536,38.931,-84.000,-4.278,-0.683
3.576,37.596,-78.000,-4.298,-0.634
3.616,38.525,-72.000,-4.301,-0.619
3.656,39.322,-69.000,-4.234,-0.589
3.696,39.618,-66.000,-4.223,-0.545
3.736,39.625,-67.000,-4.167,-0.478
3.776,41.364,-69.000,-4.135,-0.451
3.816,41.769,-73.000,-4.021,-0.349
3.856,41.671,-74.000,-3.985,-0.309
3.896,41.681,-74.000,-3.960,-0.267
3.936,40.529,-74.000,-3.842,-0.115
3.976,39.147,-74.000,-3.781,-0.090
4.016,37.897,-73.000,-3.590,0.051
4.056,36.174,-71.000,-3.537,0.085
4.096,34.532,-68.000,-3.391,0.184
4.136,32.978,-66.000,-3.286,0.234
4.176,31.253,-65.000,-3.177,0.299
4.216,29.660,-64.000,-3.132,0.398
4.247,28.284,-63.000,-3.041,0.417
4.287,27.701,-61.000,-3.019,0.400
4.327,25.837,-60.000,-2.911,0.422
4.353,23.956,-59.000,-2.862,0.448
4.374,20.174,-58.000,-2.830,0.460
4.395,18.538,-56.000,-2.830,0.460
4.416,16.310,-54.000,-2.776,0.482
4.449,12.739,-50.000,-2.649,0.486
4.480,9.834,-48.000,-2.561,0.511
4.520,6.659,-47.000,-2.505,0.526
4.560,0.643,-43.000,-2.359,0.462
4.600,357.002,-38.000,-2.279,0.457
4.640,355.094,-34.000,-2.134,0.445
4.680,350.023,-29.000,-1.982,0.396
4.720,345.524,-25.000,-1.872,0.465
4.760,344.314,-20.000,-1.754,0.370
4.800,341.084,-16.000,-1.631,0.364
4.840,341.395,-16.000,-1.544,0.451
4.880,341.977,-14.000,-1.487,0.445
4.920,343.660,-13.000,-1.398,0.314
4.960,344.161,-15.000,-1.305,0.296
5.000,342.484,-16.000,-1.255,0.282
5.040,343.700,-15.000,-1.225,0.295
5.080,342.809,-16.000,-1.011,0.220
5.120,339.211,-16.000,-0.924,0.191
5.160,337.430,-14.000,-0.882,0.150
5.190,336.211,-12.000,-0.807,0.126
5.212,335.284,-9.000,-0.758,0.073
5.238,333.738,-8.000,-0.701,0.059
5.278,332.666,-8.000,-0.570,0.005
5.318,330.513,-6.000,-0.509,-0.068
5.358,328.780,-4.000,-0.316,-0.143
5.398,327.288,-2.000,-0.257,-0.224
5.438,325.230,1.000,-0.127,-0.231
5.478,324.434,2.000,-0.089,-0.223
5.518,324.109,3.000,-0.067,-0.290
5.558,324.556,4.000,-0.035,-0.337
5.598,324.191,5.000,0.006,-0.337
5.638,325.285,5.000,0.117,-0.367
5.678,327.671,3.000,0.178,-0.375
5.718,327.501,2.000,0.225,-0.482
5.758,326.148,1.000,0.252,-0.529
5.798,325.628,1.000,0.307,-0.560
5.838,322.989,1.000,0.335,-0.577
5.878,321.448,2.000,0.351,-0.582
5.918,320.982,6.000,0.381,-0.576
5.958,321.097,8.000,0.395,-0.577
5.998,321.021,7.000,0.409,-0.571
6.038,319.948,7.000,0.415,-0.563
6.078,319.662,7.000,0.429,-0.597
6.118,318.330,8.000,0.408,-0.581
6.158,318.572,9.000,0.387,-0.572
6.198,318.316,9.000,0.389,-0.575
6.238,318.331,9.000,0.391,-0.574
6.279,317.315,9.000,0.457,-0.659
6.319,313.982,9.000,0.423,-0.614
6.359,310.268,11.000,0.409,-0.655
6.399,303.182,15.000,0.399,-0.681
6.439,298.679,19.000,0.388,-0.706
6.479,289.050,24.000,0.456,-0.919
6.519,283.108,29.000,0.469,-1.027
6.559,279.984,35.000,0.439,-1.166
6.599,266.532,41.000,0.396,-1.257
6.639,260.839,48.000,0.325,-1.394
6.679,253.664,56.000,0.273,-1.461
6.719,246.502,64.000,0.220,-1.578
6.759,237.786,70.000,0.214,-1.701
6.799,235.609,77.000,0.185,-1.754
6.839,232.479,84.000,0.139,-1.920
6.879,229.079,91.000,0.089,-1.970
6.919,227.931,96.000,0.024,-2.127
6.959,226.170,100.000,-0.053,-2.197
6.999,225.430,102.000,-0.146,-2.322
7.039,226.303,102.000,-0.158,-2.372
7.079,226.972,102.000,-0.209,-2.384
7.119,225.158,102.000,-0.394,-2.527
7.159,223.108,102.000,-0.413,-2.554
7.199,224.198,104.000,-0.414,-2.583
7.239,226.169,104.000,-0.388,-2.583
7.270,227.244,104.000,-0.382,-2.600
7.310,228.635,102.000,-0.410,-2.605
7.350,232.631,99.000,-0.420,-2.620
7.390,235.069,96.000,-0.436,-2.640
7.425,237.525,96.000,-0.576,-2.817
7.446,237.296,95.000,-0.655,-2.990
7.486,238.199,92.000,-0.729,-3.093
7.526,239.488,90.000,-0.924,-3.195
7.566,239.416,89.000,-1.056,-3.205
7.606,241.072,89.000,-1.159,-3.355
7.646,241.770,88.000,-1.240,-3.462
7.686,241.748,86.000,-1.280,-3.493
7.726,240.710,86.000,-1.372,-3.593
7.766,239.898,86.000,-1.417,-3.641
7.806,238.199,87.000,-1.486,-3.671
7.846,233.802,89.000,-1.499,-3.669
7.886,231.613,91.000,-1.532,-3.672
7.926,224.322,93.000,-1.564,-3.707
7.966,221.621,97.000,-1.683,-3.772
8.006,215.218,101.000,-1.750,-3.812
8.046,212.940,107.000,-1.822,-3.854
8.086,205.001,111.000,-2.101,-3.971
8.126,199.815,116.000,-2.234,-4.030
8.166,199.344,121.000,-2.402,-4.066
8.206,192.299,126.000,-2.504,-4.086
8.246,190.705,131.000,-2.615,-4.121
8.277,189.201,134.000,-2.712,-4.118
8.317,182.734,138.000,-2.848,-4.126
8.357,179.201,142.000,-2.989,-4.130
8.397,177.839,146.000,-3.131,-4.163
8.437,176.250,147.000,-3.254,-4.096
8.468,175.265,150.000,-3.319,-4.085
8.508,173.647,154.000,-3.551,-4.013
8.548,171.082,155.000,-3.618,-4.043
8.588,169.577,155.000,-3.688,-4.032
8.628,168.170,157.000,-3.715,-3.986
8.668,167.364,159.000,-3.843,-3.915
8.708,166.274,160.000,-3.883,-3.888
8.748,165.836,161.000,-3.999,-3.874
8.788,164.250,161.000,-4.207,-3.756
8.828,164.596,163.000,-4.264,-3.775
8.868,163.244,163.000,-4.472,-3.646
8.908,160.083,164.000,-4.557,-3.583
8.948,157.933,165.000,-4.717,-3.464
8.988,156.208,167.000,-4.790,-3.453
9.028,153.965,170.000,-4.893,-3.351
9.068,149.109,173.000,-5.090,-3.245
9.108,148.264,174.000,-5.179,-3.149
9.148,146.149,178.000,-5.404,-2.989
9.188,142.219,182.000,-5.469,-2.942
9.228,139.759,186.000,-5.634,-2.788
9.259,137.960,189.000,-5.676,-2.749
9.299,139.142,191.000,-5.710,-2.779
9.334,140.673,190.000,-5.780,-2.763
9.355,140.837,189.000,-5.808,-2.725
9.376,142.131,188.000,-5.849,-2.664
9.420,144.087,188.000,-5.942,-2.621
9.460,145.388,186.000,-6.052,-2.573
9.500,147.295,182.000,-6.098,-2.533
9.540,148.217,180.000,-6.223,-2.407
9.580,148.312,180.000,-6.335,-2.344
9.620,147.994,180.000,-6.456,-2.240
9.660,148.779,180.000,-6.474,-2.209
9.700,150.594,180.000,-6.569,-2.186
9.740,150.545,180.000,-6.718,-2.005
9.780,149.744,178.000,-6.764,-1.985
9.820,149.974,178.000,-6.930,-1.853
9.860,147.198,178.000,-6.982,-1.807
9.900,146.101,179.000,-7.066,-1.670
9.940,143.176,181.000,-7.093,-1.628
9.980,140.549,184.000,-7.174,-1.564
10.020,135.816,185.000,-7.317,-1.389
10.060,134.544,187.000,-7.349,-1.361
10.100,132.032,191.000,-7.473,-1.394
10.140,129.136,195.000,-7.466,-1.329
10.180,126.218,199.000,-7.534,-1.186
10.201,125.337,201.000,-7.534,-1.186
10.222,124.400,203.000,-7.567,-1.122
10.258,121.140,204.000,-7.639,-0.963
10.298,117.703,204.000,-7.675,-0.876
10.338,116.105,205.000,-7.733,-0.689
10.378,111.571,208.000,-7.761,-0.607
10.418,110.205,212.000,-7.780,-0.524
10.450,107.053,216.000,-7.804,-0.447
10.490,105.081,220.000,-7.824,-0.428
10.530,103.800,223.000,-7.802,-0.467
10.570,103.933,224.000,-7.797,-0.482
10.610,102.668,225.000,-7.813,-0.476
10.650,102.011,225.000,-7.815,-0.329
10.690,98.937,225.000,-7.801,-0.289
10.730,98.046,227.000,-7.754,-0.276
10.770,95.744,229.000,-7.768,-0.156
10.810,91.263,231.000,-7.768,-0.058
10.850,89.445,235.000,-7.743,0.134
10.890,87.287,239.000,-7.730,0.183
10.930,85.134,241.000,-7.670,0.452
10.970,83.117,241.000,-7.663,0.526
11.010,82.417,243.000,-7.631,0.643
11.050,79.660,244.000,-7.583,0.813
11.090,79.366,246.000,-7.579,0.820
11.130,77.788,248.000,-7.579,0.836
11.170,74.914,250.000,-7.574,0.838
11.200,75.529,251.000,-7.578,0.861
11.222,75.679,252.000,-7.590,0.906
11.258,74.448,252.000,-7.518,1.102
11.298,73.493,252.000,-7.462,1.175
11.338,72.337,254.000,-7.434,1.245
11.378,75.581,255.000,-7.364,1.422
11.418,75.755,253.000,-7.340,1.532
11.458,76.722,252.000,-7.289,1.697
11.498,77.389,251.000,-7.276,1.778
11.538,79.170,250.000,-7.262,1.896
11.578,77.298,249.000,-7.190,1.970
11.618,76.965,249.000,-7.156,2.044
11.658,76.785,251.000,-7.176,2.138
11.698,75.868,252.000,-7.176,2.179
11.738,75.214,252.000,-7.101,2.343
11.778,72.795,252.000,-7.063,2.419
11.818,71.490,253.000,-7.094,2.559
11.858,69.628,255.000,-7.048,2.629
11.898,69.299,257.000,-6.950,2.714
11.938,67.980,259.000,-6.924,2.772
11.978,67.741,259.000,-6.901,2.857
12.018,67.129,260.000,-6.806,3.052
12.058,64.184,260.000,-6.841,3.123
12.098,63.603,262.000,-6.730,3.221
12.138,61.735,265.000,-6.682,3.269
12.178,61.287,266.000,-6.649,3.384
12.218,59.512,267.000,-6.627,3.429
12.253,58.093,268.000,-6.544,3.485
12.274,56.870,269.000,-6.473,3.531
12.295,56.870,269.000,-6.451,3.582
12.316,57.728,269.000,-6.451,3.582
12.338,56.904,270.000,-6.431,3.649
12.374,55.348,270.000,-6.300,3.750
12.414,56.078,271.000,-6.287,3.764
12.445,53.679,272.000,-6.103,3.972
12.485,51.998,273.000,-6.051,4.048
12.525,51.312,275.000,-6.048,4.094
12.565,51.640,277.000,-6.052,4.199
12.605,53.140,277.000,-6.035,4.249
12.645,53.812,277.000,-5.999,4.411
12.685,57.185,275.000,-5.956,4.505
12.725,58.648,273.000,-5.921,4.598
12.765,60.817,271.000,-5.798,4.728
12.805,60.555,267.000,-5.759,4.807
12.845,59.988,267.000,-5.628,4.968
12.885,59.149,268.000,-5.570,5.028
12.925,58.767,268.000,-5.442,5.147
12.965,55.381,269.000,-5.413,5.203
13.005,52.071,271.000,-5.297,5.285
13.045,45.775,272.000,-5.251,5.283
13.085,41.326,274.000,-5.195,5.297
13.125,38.819,278.000,-5.098,5.321
13.165,31.452,284.000,-5.026,5.320
13.205,26.828,290.000,-4.877,5.382
13.245,17.920,296.000,-4.798,5.387
13.276,12.812,301.000,-4.706,5.407
13.316,11.296,307.000,-4.627,5.433
13.356,5.649,313.000,-4.595,5.428
13.396,2.648,319.000,-4.512,5.422
13.436,358.055,323.000,-4.400,5.450
13.458,358.055,326.000,-4.306,5.432
13.498,356.243,329.000,-4.213,5.452
13.538,354.922,332.000,-4.111,5.460
13.578,354.945,332.000,-3.962,5.427
13.618,356.612,333.000,-3.916,5.443
13.658,356.992,332.000,-3.741,5.425
13.698,359.420,332.000,-3.689,5.450
13.738,358.289,331.000,-3.636,5.473
13.778,1.290,329.000,-3.611,5.468
13.818,1.358,328.000,-3.565,5.451
13.858,1.348,327.000,-3.513,5.422
13.898,3.211,327.000,-3.525,5.419
13.938,4.441,327.000,-3.441,5.425
13.978,10.365,325.000,-3.448,5.427
14.018,13.106,321.000,-3.455,5.433
14.058,14.602,317.000,-3.456,5.416
14.098,15.313,314.000,-3.462,5.398
14.138,13.439,313.000,-3.429,5.433
14.178,12.745,313.000,-3.442,5.408
14.218,11.155,314.000,-3.405,5.384
14.249,3.857,315.000,-3.376,5.352
14.289,2.702,319.000,-3.376,5.313
14.329,358.707,323.000,-3.291,5.291
14.350,356.923,325.000,-3.291,5.291
14.371,353.059,328.000,-3.205,5.280
14.410,348.762,332.000,-3.090,5.275
14.450,342.800,336.000,-2.902,5.198
14.490,339.259,340.000,-2.846,5.193
14.530,334.893,345.000,-2.742,5.094
14.570,332.566,350.000,-2.640,5.038
14.610,331.926,354.000,-2.477,4.914
14.650,327.277,356.000,-2.429,4.921
14.690,325.377,358.000,-2.367,4.927
14.730,323.837,360.000,-2.311,4.896
14.770,321.113,362.000,-2.293,4.850
14.810,319.558,366.000,-2.227,4.718
14.850,314.585,367.000,-2.153,4.658
14.890,311.133,369.000,-1.989,4.494
14.930,306.828,373.000,-1.928,4.417
14.970,304.877,377.000,-1.878,4.330
15.010,303.107,381.000,-1.856,4.196
15.050,297.128,385.000,-1.796,4.079
15.090,293.422,388.000,-1.736,3.962
15.130,293.172,390.000,-1.733,3.921
15.170,289.642,393.000,-1.700,3.741
15.198,288.700,396.000,-1.700,3.741
15.219,286.554,399.000,-1.649,3.688
15.258,284.257,402.000,-1.562,3.637
15.298,286.845,402.000,-1.603,3.466
15.338,284.914,403.000,-1.595,3.356
15.378,284.000,403.000,-1.552,3.336
15.418,283.943,403.000,-1.530,3.222
15.458,282.509,404.000,-1.576,3.126
15.498,281.759,404.000,-1.543,2.995
15.538,279.065,406.000,-1.527,2.968
15.578,275.737,409.000,-1.511,2.879
15.618,272.275,410.000,-1.539,2.803
15.658,268.426,414.000,-1.549,2.735
15.698,263.603,416.000,-1.594,2.559
15.738,260.484,418.000,-1.619,2.443
15.778,257.723,422.000,-1.687,2.233
15.818,251.924,427.000,-1.728,2.116
15.858,251.564,431.000,-1.750,2.013
15.898,245.148,436.000,-1.709,1.961
15.938,244.430,440.000,-1.725,1.925
15.978,242.529,444.000,-1.755,1.929
16.018,241.428,445.000,-1.779,1.930
16.058,241.191,445.000,-1.902,1.841
16.098,236.158,446.000,-1.938,1.788
16.138,232.347,448.000,-2.052,1.637
16.178,228.775,452.000,-2.133,1.554
16.218,226.088,456.000,-2.272,1.389
16.249,224.091,460.000,-2.319,1.342
16.289,221.987,463.000,-2.384,1.286
16.329,220.158,467.000,-2.500,1.224
16.369,218.779,467.000,-2.540,1.103
16.409,214.958,469.000,-2.568,1.038
16.440,214.676,470.000,-2.631,0.994
16.480,214.364,472.000,-2.753,0.972
16.520,212.994,473.000,-2.812,0.943
16.560,212.684,473.000,-2.983,0.848
16.600,212.444,474.000,-3.066,0.750
16.640,212.048,474.000,-3.211,0.657
16.680,211.567,475.000,-3.275,0.609
16.720,212.289,475.000,-3.371,0.586
16.760,212.523,476.000,-3.495,0.536
16.800,212.927,476.000,-3.567,0.504
16.840,213.349,476.000,-3.731,0.334
16.880,212.183,475.000,-3.785,0.334
16.920,212.990,475.000,-3.914,0.288
16.960,211.217,475.000,-3.983,0.212
17.000,210.805,476.000,-4.014,0.186
17.040,210.873,476.000,-4.167,0.105
17.080,209.840,477.000,-4.218,0.100
17.120,210.656,477.000,-4.389,-0.016
17.160,208.971,477.000,-4.501,-0.060
17.200,208.751,478.000,-4.565,-0.128
17.240,209.698,479.000,-4.577,-0.140
17.271,208.338,479.000,-4.680,-0.150
17.311,207.711,479.000,-4.775,-0.168
17.351,206.936,479.000,-4.770,-0.172
17.391,206.641,480.000,-4.815,-0.177
17.424,205.520,481.000,-4.874,-0.196
17.464,204.441,482.000,-4.969,-0.232
17.504,201.628,483.000,-5.029,-0.249
17.544,200.689,484.000,-5.194,-0.284
17.584,197.027,486.000,-5.189,-0.298
17.624,195.987,489.000,-5.196,-0.323
17.664,194.020,492.000,-5.215,-0.358
17.704,193.779,493.000,-5.215,-0.355
17.744,193.419,494.000,-5.209,-0.343
17.784,195.049,494.000,-5.262,-0.358
17.824,192.915,494.000,-5.407,-0.353
17.864,191.639,495.000,-5.498,-0.352
17.904,188.963,496.000,-5.612,-0.410
17.944,187.917,497.000,-5.643,-0.429
17.984,188.003,498.000,-5.666,-0.450
18.024,185.744,501.000,-5.869,-0.463
18.064,186.143,502.000,-5.978,-0.461
18.104,187.330,503.000,-6.079,-0.516
18.144,187.894,502.000,-6.151,-0.546
18.184,186.997,501.000,-6.233,-0.577
18.224,188.034,501.000,-6.259,-0.566
18.255,188.539,501.000,-6.279,-0.554
18.295,189.147,500.000,-6.304,-0.540
18.335,189.166,499.000,-6.340,-0.531
18.375,189.365,499.000,-6.342,-0.505
18.415,188.331,499.000,-6.372,-0.497
18.455,184.768,499.000,-6.379,-0.494
18.495,183.905,500.000,-6.383,-0.489
18.535,177.660,501.000,-6.385,-0.497
18.575,173.966,505.000,-6.385,-0.487
18.615,172.294,510.000,-6.406,-0.470
18.655,171.349,514.000,-6.417,-0.457
18.695,170.737,516.000,-6.436,-0.467
18.735,170.871,517.000,-6.428,-0.455
18.775,171.067,518.000,-6.438,-0.430
18.815,169.607,518.000,-6.436,-0.418
18.855,167.642,518.000,-6.461,-0.422
18.895,165.432,518.000,-6.439,-0.444
18.935,165.695,519.000,-6.424,-0.435
18.975,162.987,523.000,-6.537,-0.381
19.015,158.064,526.000,-6.537,-0.344
19.055,155.018,528.000,-6.691,-0.277
19.095,146.649,531.000,-6.774,-0.200
19.135,142.316,536.000,-6.859,-0.102
19.175,137.817,541.000,-6.871,-0.083
19.215,132.889,546.000,-6.937,0.003
19.246,128.224,550.000,-7.051,0.148
19.286,121.955,555.000,-7.082,0.124
19.326,117.982,561.000,-7.116,0.104
19.352,114.314,564.000,-7.138,0.099
19.374,112.290,566.000,-7.143,0.105
19.395,112.290,569.000,-7.131,0.111
19.416,108.577,572.000,-7.131,0.111
19.449,106.643,576.000,-7.121,0.125
19.480,103.782,579.000,-7.107,0.118
19.520,98.273,582.000,-7.105,0.105
19.560,95.932,584.000,-7.109,0.130
19.600,94.221,588.000,-7.056,0.238
19.640,90.685,592.000,-7.107,0.207
19.680,89.837,596.000,-7.103,0.183
19.720,84.873,600.000,-7.095,0.180
19.760,81.860,601.000,-7.070,0.164
19.800,76.017,603.000,-7.052,0.189
19.840,72.466,607.000,-7.004,0.241
19.880,69.302,611.000,-6.974,0.344
19.920,64.655,616.000,-6.942,0.375
19.960,63.152,620.000,-6.930,0.392
20.000,60.839,625.000,-6.933,0.380
20.040,60.267,627.000,-6.936,0.368
20.080,58.455,627.000,-6.932,0.407
20.120,57.531,628.000,-6.924,0.436
20.160,56.149,629.000,-6.918,0.484
20.190,56.052,632.000,-6.932,0.489
20.212,56.338,634.000,-6.918,0.469
20.238,56.338,635.000,-6.922,0.447
20.278,58.173,634.000,-6.925,0.431
20.318,58.565,632.000,-6.916,0.449
20.358,59.527,629.000,-6.920,0.471
20.398,59.406,629.000,-6.915,0.473
20.438,61.258,628.000,-6.921,0.471
20.478,61.519,627.000,-6.918,0.467
20.518,62.082,627.000,-6.918,0.467
20.558,62.243,626.000,-6.918,0.468
20.598,62.050,626.000,-6.916,0.474
20.638,61.470,626.000,-6.918,0.470
20.678,61.078,626.000,-6.924,0.460
20.718,60.149,626.000,-6.921,0.463
20.758,59.577,626.000,-6.922,0.467
20.798,58.754,627.000,-6.920,0.467
20.838,57.787,628.000,-6.917,0.464
20.878,56.224,630.000,-6.871,0.476
20.918,55.127,630.000,-6.841,0.479
20.958,54.578,631.000,-6.886,0.456
20.998,58.880,633.000,-6.916,0.438
21.038,62.369,633.000,-6.921,0.407
21.078,65.374,631.000,-6.935,0.412
21.118,65.781,627.000,-6.924,0.422
21.158,64.959,623.000,-6.918,0.452
21.198,64.531,622.000,-6.912,0.466
21.238,63.890,623.000,-6.884,0.462
21.269,64.477,624.000,-6.885,0.479
21.309,64.207,624.000,-6.881,0.521
21.349,63.966,624.000,-6.879,0.574
21.389,65.848,624.000,-6.864,0.588
21.429,68.568,623.000,-6.837,0.599
21.469,72.249,622.000,-6.839,0.587
21.509,74.043,620.000,-6.841,0.597
21.549,73.982,617.000,-6.833,0.599
21.589,74.019,614.000,-6.834,0.594
21.629,74.813,613.000,-6.828,0.566
21.669,75.817,613.000,-6.829,0.571
21.709,74.252,613.000,-6.839,0.613
21.749,71.816,613.000,-6.821,0.611
21.789,70.991,614.000,-6.801,0.606
21.829,70.596,616.000,-6.728,0.597
21.869,71.348,618.000,-6.770,0.607
21.909,71.900,618.000,-6.799,0.640
21.949,76.998,617.000,-6.814,0.625
21.989,77.841,615.000,-6.813,0.586
22.029,80.860,611.000,-6.806,0.602
22.069,81.205,607.000,-6.815,0.637
22.109,80.591,607.000,-6.817,0.642
22.149,80.172,607.000,-6.814,0.642
22.189,79.758,607.000,-6.818,0.643
22.229,79.516,608.000,-6.810,0.648
22.260,79.915,608.000,-6.806,0.642
22.300,79.729,608.000,-6.811,0.647
22.340,79.385,608.000,-6.814,0.656
22.380,79.293,608.000,-6.810,0.678
22.420,79.508,608.000,-6.808,0.703
22.444,79.508,608.000,-6.803,0.802
22.484,78.414,608.000,-6.769,0.906
22.524,77.152,608.000,-6.759,0.974
22.564,76.702,609.000,-6.693,1.144
22.604,73.347,611.000,-6.704,1.224
22.644,72.545,611.000,-6.635,1.391
22.684,69.181,613.000,-6.583,1.467
22.724,67.979,617.000,-6.568,1.618
22.764,64.308,619.000,-6.478,1.714
22.804,62.585,621.000,-6.440,1.837
22.844,61.611,624.000,-6.344,2.002
22.884,60.743,627.000,-6.314,2.044
22.924,59.065,628.000,-6.296,2.196
22.964,55.689,628.000,-6.240,2.238
23.004,54.793,630.000,-6.147,2.338
23.044,54.499,634.000,-6.121,2.385
23.084,54.385,636.000,-6.119,2.417
23.124,58.095,636.000,-6.140,2.469
23.164,59.604,633.000,-6.137,2.462
23.204,63.788,629.000,-6.120,2.489
23.244,74.651,625.000,-6.135,2.532
23.285,75.671,620.000,-6.181,2.610
23.325,83.313,616.000,-6.181,2.618
23.365,88.511,611.000,-6.164,2.647
23.405,96.393,606.000,-6.142,2.632
23.445,99.663,600.000,-6.165,2.667
23.485,103.019,595.000,-6.143,2.708
23.525,107.619,589.000,-6.149,2.701
23.565,109.255,584.000,-6.140,2.692
23.605,110.278,580.000,-6.151,2.716
23.645,111.198,576.000,-6.126,2.726
23.685,107.898,574.000,-6.152,2.729
23.725,106.179,574.000,-6.152,2.739
23.765,104.279,577.000,-6.154,2.747
23.805,101.215,581.000,-6.159,2.763
23.845,99.591,585.000,-6.162,2.788
23.885,95.945,589.000,-6.182,2.789
23.925,93.931,590.000,-6.154,2.803
23.965,89.614,592.000,-6.167,2.792
24.005,86.881,596.000,-6.134,2.773
24.045,87.128,600.000,-6.113,2.768
24.085,82.292,601.000,-6.100,2.777
24.125,77.189,602.000,-6.057,2.816
24.165,67.986,606.000,-6.072,2.850
24.205,63.505,612.000,-6.056,2.910
24.245,55.805,618.000,-6.054,2.888
24.276,53.041,623.000,-6.045,2.919
24.316,49.219,629.000,-6.049,2.886
24.346,45.685,632.000,-6.064,2.894
24.368,45.082,635.000,-6.039,2.897
24.400,43.200,639.000,-6.055,2.904
24.440,42.493,643.000,-6.056,2.902
24.480,41.171,646.000,-5.994,2.951
24.520,40.313,646.000,-5.986,2.959
24.560,40.192,646.000,-6.020,2.937
24.600,41.521,647.000,-5.968,2.954
24.640,41.543,646.000,-5.947,2.971
24.680,41.012,646.000,-5.923,2.989
24.720,41.326,646.000,-5.918,2.983
24.760,40.811,646.000,-5.889,2.993
24.800,40.031,648.000,-5.868,2.999
24.840,38.682,649.000,-5.841,3.017
24.880,40.499,649.000,-5.824,3.009
24.920,40.861,649.000,-5.774,2.968
24.960,38.989,648.000,-5.762,2.972
25.000,38.206,648.000,-5.746,2.985
25.040,35.563,649.000,-5.744,2.990
25.080,34.597,651.000,-5.715,2.988
25.120,32.293,652.000,-5.706,2.984
25.160,31.720,654.000,-5.690,2.986
25.190,30.184,655.000,-5.683,2.997
25.212,28.456,656.000,-5.678,2.988
25.238,26.891,657.000,-5.673,2.992
25.278,23.138,660.000,-5.639,3.047
25.318,17.757,661.000,-5.651,3.029
25.358,14.319,665.000,-5.655,3.016
25.398,8.636,670.000,-5.633,3.040
25.438,4.332,675.000,-5.586,3.023
25.469,0.665,678.000,-5.500,3.021
25.509,356.460,683.000,-5.424,3.028
25.549,352.913,688.000,-5.349,3.038
25.589,349.152,692.000,-5.345,3.016
25.629,342.853,696.000,-5.337,3.008
25.669,338.847,701.000,-5.292,2.999
25.709,332.995,706.000,-5.266,2.992
25.749,328.648,711.000,-5.177,2.915
25.789,323.012,716.000,-5.142,2.879
25.829,318.556,720.000,-5.093,2.788
25.869,312.185,725.000,-5.018,2.740
25.909,311.165,730.000,-5.018,2.745
25.949,308.381,734.000,-4.918,2.693
25.989,307.981,738.000,-4.900,2.631
26.029,309.687,740.000,-4.813,2.625
26.069,312.699,739.000,-4.730,2.598
26.109,316.677,738.000,-4.605,2.534
26.149,322.201,735.000,-4.586,2.526
26.189,325.717,733.000,-4.517,2.508
26.229,328.202,729.000,-4.460,2.508
26.260,336.157,725.000,-4.443,2.492
26.300,337.883,719.000,-4.453,2.497
26.340,341.056,714.000,-4.458,2.489
26.380,345.489,709.000,-4.420,2.478
26.420,343.835,705.000,-4.380,2.450
26.460,344.004,704.000,-4.368,2.446
26.500,345.430,704.000,-4.369,2.420
26.540,345.698,704.000,-4.340,2.414
26.580,345.910,703.000,-4.338,2.408
26.620,348.038,703.000,-4.329,2.421
26.660,347.719,701.000,-4.335,2.428
26.700,347.770,701.000,-4.318,2.422
26.740,347.718,701.000,-4.307,2.414
26.780,347.212,701.000,-4.279,2.390
26.820,344.730,701.000,-4.292,2.403
26.860,345.472,702.000,-4.310,2.400
26.900,345.961,703.000,-4.327,2.405
26.940,344.901,703.000,-4.321,2.406
26.980,344.581,702.000,-4.319,2.407
27.020,344.152,703.000,-4.338,2.412
27.060,343.569,704.000,-4.329,2.417
27.100,341.802,705.000,-4.307,2.395
27.140,341.953,706.000,-4.325,2.401
27.180,341.703,706.000,-4.331,2.407
27.220,341.814,706.000,-4.332,2.407
27.251,341.877,706.000,-4.326,2.409
27.291,341.730,706.000,-4.329,2.406
27.331,341.297,706.000,-4.323,2.409
27.371,341.598,706.000,-4.289,2.415
27.411,342.436,706.000,-4.301,2.420
27.444,341.710,706.000,-4.297,2.417
27.484,341.095,706.000,-4.302,2.413
27.524,339.986,706.000,-4.283,2.415
27.564,338.552,708.000,-4.300,2.422
27.604,337.466,709.000,-4.278,2.412
27.644,334.333,710.000,-4.278,2.415
27.684,333.722,712.000,-4.290,2.414
27.724,332.289,714.000,-4.293,2.399
27.764,331.749,714.000,-4.294,2.396
27.804,333.976,715.000,-4.251,2.396
27.844,334.249,715.000,-4.258,2.405
27.884,333.151,715.000,-4.275,2.395
27.924,323.263,715.000,-4.270,2.370
27.964,318.347,717.000,-4.282,2.335
28.004,308.943,721.000,-4.287,2.295
28.044,305.460,727.000,-4.300,2.240
28.084,302.493,734.000,-4.297,2.241
28.124,301.910,740.000,-4.303,2.236
28.164,300.623,744.000,-4.306,2.244
28.204,299.524,748.000,-4.299,2.255
28.244,300.130,749.000,-4.311,2.246
28.285,300.044,748.000,-4.309,2.244
28.325,300.113,748.000,-4.307,2.242
28.365,299.863,748.000,-4.307,2.242
28.405,297.601,748.000,-4.313,2.232
28.445,296.921,749.000,-4.315,2.224
28.477,296.655,750.000,-4.310,2.216
28.517,297.031,751.000,-4.311,2.217
28.557,297.099,751.000,-4.311,2.217
28.597,297.034,751.000,-4.310,2.217
28.637,297.022,751.000,-4.310,2.217
28.677,296.938,751.000,-4.297,2.235
28.717,295.636,751.000,-4.303,2.245
28.757,294.918,751.000,-4.274,2.208
28.797,291.769,753.000,-4.254,2.203
28.837,290.787,755.000,-4.259,2.176
28.877,289.598,756.000,-4.266,2.170
28.917,289.880,760.000,-4.267,2.160
28.957,291.274,762.000,-4.268,2.147
28.997,294.490,762.000,-4.260,2.144
29.037,297.542,759.000,-4.243,2.132
29.077,301.708,754.000,-4.214,2.118
29.117,302.852,749.000,-4.173,2.094
29.157,303.662,745.000,-4.187,2.096
29.197,303.814,745.000,-4.164,2.127
29.237,301.662,745.000,-4.151,2.114
29.268,298.052,745.000,-4.163,2.080
29.308,296.072,746.000,-4.172,2.043
29.343,294.750,748.000,-4.156,2.037
29.364,295.388,749.000,-4.156,2.037
29.390,295.932,752.000,-4.156,2.037
29.430,294.846,753.000,-4.134,2.028
29.470,288.862,753.000,-4.126,2.024
29.510,281.246,755.000,-4.129,2.002
29.550,266.693,759.000,-4.139,1.990
29.590,260.762,765.000,-4.164,1.970
29.630,257.808,772.000,-4.208,1.908
29.670,253.939,780.000,-4.201,1.927
29.710,253.208,787.000,-4.220,1.908
29.750,250.329,793.000,-4.238,1.896
29.790,250.262,797.000,-4.224,1.878
29.830,249.574,798.000,-4.250,1.869
29.870,246.876,798.000,-4.269,1.837
29.910,243.385,798.000,-4.290,1.814
29.950,244.022,800.000,-4.299,1.820
29.990,245.890,803.000,-4.312,1.792
30.030,253.990,803.000,-4.330,1.799
30.070,255.789,801.000,-4.343,1.776
30.110,261.004,797.000,-4.340,1.782
30.150,260.947,792.000,-4.347,1.788
30.185,264.238,788.000,-4.345,1.793
30.206,264.238,786.000,-4.346,1.790
30.228,264.168,783.000,-4.337,1.783
30.278,262.397,783.000,-4.330,1.776
30.318,261.611,784.000,-4.342,1.761
30.358,257.072,786.000,-4.328,1.765
30.398,256.436,787.000,-4.328,1.744
30.438,252.024,789.000,-4.339,1.740
30.478,246.979,793.000,-4.347,1.747
30.518,237.340,796.000,-4.350,1.765
30.558,232.893,797.000,-4.344,1.739
30.598,231.951,801.000,-4.339,1.715
30.638,231.934,807.000,-4.314,1.701
30.678,232.206,813.000,-4.325,1.682
30.718,235.204,816.000,-4.329,1.670
30.758,241.430,816.000,-4.355,1.655
30.798,249.367,814.000,-4.361,1.617
30.838,253.751,810.000,-4.388,1.600
30.878,256.242,804.000,-4.400,1.615
30.918,259.891,798.000,-4.399,1.605
30.958,259.923,792.000,-4.417,1.620
30.998,252.486,788.000,-4.426,1.623
31.038,248.965,786.000,-4.426,1.629
31.078,241.525,786.000,-4.440,1.629
31.118,240.192,789.000,-4.436,1.609
31.158,233.702,794.000,-4.449,1.603
31.198,232.410,801.000,-4.465,1.605
31.238,232.075,808.000,-4.467,1.624
31.279,230.506,813.000,-4.482,1.605
31.319,229.379,817.000,-4.495,1.585
31.359,228.360,819.000,-4.493,1.595
31.399,227.111,820.000,-4.501,1.595
31.439,225.589,821.000,-4.522,1.601
31.470,225.300,821.000,-4.528,1.570
31.510,224.660,822.000,-4.530,1.565
31.541,224.038,822.000,-4.534,1.567
31.581,223.793,823.000,-4.542,1.586
31.621,222.473,825.000,-4.551,1.578
31.661,221.931,825.000,-4.561,1.579
31.701,220.230,826.000,-4.562,1.591
31.741,219.727,827.000,-4.560,1.566
31.781,218.458,827.000,-4.567,1.567
31.821,218.230,829.000,-4.571,1.564
31.861,218.133,830.000,-4.591,1.563
31.901,217.701,830.000,-4.607,1.558
31.941,217.727,830.000,-4.591,1.559
31.981,217.633,830.000,-4.587,1.565
32.021,217.833,830.000,-4.590,1.559
32.061,218.005,830.000,-4.589,1.560
32.101,218.144,830.000,-4.601,1.565
32.141,214.569,830.000,-4.618,1.574
32.181,213.719,831.000,-4.631,1.579
32.221,212.070,833.000,-4.635,1.582
32.252,209.798,835.000,-4.643,1.566
32.292,207.253,836.000,-4.641,1.549
32.332,206.882,840.000,-4.660,1.538
32.372,206.539,842.000,-4.663,1.537
32.412,206.506,842.000,-4.651,1.567
32.445,207.678,842.000,-4.643,1.587
32.485,206.967,841.000,-4.650,1.572
32.525,205.709,841.000,-4.649,1.579
32.565,205.127,841.000,-4.648,1.580
32.605,205.982,842.000,-4.643,1.577
32.645,206.399,843.000,-4.644,1.585
32.685,206.993,843.000,-4.639,1.592
32.725,207.280,842.000,-4.629,1.593
32.765,205.928,842.000,-4.646,1.575
32.805,206.484,842.000,-4.647,1.584
32.845,207.226,842.000,-4.646,1.584
32.885,207.123,841.000,-4.648,1.584
32.925,206.432,841.000,-4.644,1.580
32.965,206.138,841.000,-4.636,1.595
33.005,206.672,842.000,-4.633,1.607
33.045,206.641,842.000,-4.621,1.593
33.085,207.572,842.000,-4.607,1.593
33.125,208.976,842.000,-4.612,1.596
33.165,209.352,840.000,-4.616,1.595
33.205,209.455,839.000,-4.622,1.597
33.245,209.454,839.000,-4.623,1.597
33.276,209.655,839.000,-4.623,1.593
33.316,209.601,839.000,-4.624,1.594
33.356,209.016,839.000,-4.624,1.588
33.396,209.073,839.000,-4.629,1.594
33.436,209.643,839.000,-4.627,1.598
33.476,209.022,839.000,-4.629,1.587
33.516,209.087,839.000,-4.637,1.583
33.556,208.865,839.000,-4.639,1.582
33.596,208.915,839.000,-4.632,1.573
33.636,209.313,839.000,-4.633,1.586
33.676,209.637,839.000,-4.634,1.594
33.716,209.857,839.000,-4.638,1.602
33.756,209.611,839.000,-4.639,1.579
33.796,209.723,839.000,-4.619,1.575
33.836,209.642,839.000,-4.629,1.577
33.876,210.711,839.000,-4.649,1.567
33.916,214.264,838.000,-4.671,1.532
33.956,218.984,836.000,-4.706,1.450
33.996,226.584,833.000,-4.740,1.436
34.036,227.635,832.000,-4.762,1.405
34.076,231.632,827.000,-4.873,1.243
34.116,235.542,821.000,-4.897,1.205
34.156,238.485,816.000,-5.081,1.059
34.196,245.029,811.000,-5.133,0.974
34.236,244.805,807.000,-5.262,0.855
34.277,247.783,803.000,-5.248,0.805
34.317,250.302,799.000,-5.213,0.786
34.347,253.423,797.000,-5.211,0.717
34.369,256.716,795.000,-5.229,0.653
34.391,257.699,793.000,-5.239,0.631
34.413,257.699,792.000,-5.239,0.631
34.439,261.415,791.000,-5.279,0.524
34.479,264.697,788.000,-5.283,0.498
34.519,265.345,784.000,-5.311,0.468
34.559,264.631,783.000,-5.326,0.455
34.599,264.045,783.000,-5.333,0.455
34.639,262.961,783.000,-5.319,0.476
34.679,261.759,785.000,-5.321,0.496
34.719,260.875,785.000,-5.341,0.487
34.759,256.025,787.000,-5.334,0.490
34.799,253.356,791.000,-5.342,0.504
34.839,245.921,792.000,-5.349,0.480
34.879,240.965,794.000,-5.337,0.476
34.919,234.750,798.000,-5.341,0.470
34.959,227.906,804.000,-5.345,0.468
34.999,224.819,811.000,-5.363,0.462
35.039,223.148,818.000,-5.358,0.425
35.079,223.539,823.000,-5.401,0.365
35.119,225.609,825.000,-5.399,0.374
35.159,223.613,824.000,-5.401,0.349
35.189,222.278,823.000,-5.420,0.340
35.211,221.309,822.000,-5.434,0.324
35.238,218.624,822.000,-5.435,0.329
35.278,217.440,824.000,-5.478,0.302
35.318,209.956,828.000,-5.484,0.283
35.358,206.037,833.000,-5.505,0.280
35.398,202.554,838.000,-5.537,0.281
35.438,198.569,842.000,-5.553,0.262
35.478,194.020,846.000,-5.561,0.244
35.518,191.872,850.000,-5.567,0.225
35.558,192.419,854.000,-5.595,0.217
35.598,189.765,857.000,-5.585,0.220
35.638,189.094,858.000,-5.581,0.215
35.678,184.278,858.000,-5.577,0.204
35.718,182.498,859.000,-5.576,0.189
35.758,177.744,861.000,-5.577,0.177
35.798,174.114,865.000,-5.587,0.183
35.838,166.875,869.000,-5.627,0.222
35.878,164.402,875.000,-5.632,0.215
35.918,162.178,879.000,-5.710,0.269
35.958,165.808,884.000,-5.770,0.301
35.998,168.855,884.000,-5.804,0.299
36.038,176.529,882.000,-5.828,0.289
36.073,184.024,879.000,-5.875,0.270
36.112,196.443,874.000,-5.898,0.250
36.152,205.717,868.000,-5.948,0.232
36.192,212.442,861.000,-5.947,0.207
36.232,215.219,852.000,-5.961,0.205
36.263,218.299,845.000,-5.975,0.164
36.303,217.648,837.000,-5.995,0.152
36.343,217.191,832.000,-5.977,0.176
36.383,218.268,830.000,-5.959,0.183
36.423,215.569,830.000,-5.975,0.154
36.463,213.811,830.000,-6.025,0.130
36.503,213.546,832.000,-6.066,0.063
36.543,215.207,833.000,-6.252,-0.124
36.583,213.084,833.000,-6.356,-0.193
36.623,212.764,833.000,-6.455,-0.223
36.663,213.199,834.000,-6.475,-0.241
36.703,212.596,834.000,-6.459,-0.258
36.743,212.392,834.000,-6.464,-0.295
36.783,208.611,835.000,-6.481,-0.307
36.823,207.405,837.000,-6.584,-0.329
36.863,201.832,841.000,-6.650,-0.317
36.903,201.130,843.000,-6.745,-0.336
36.943,195.576,844.000,-6.831,-0.326
36.983,192.528,848.000,-6.951,-0.348
37.023,184.479,852.000,-7.185,-0.296
37.063,182.655,857.000,-7.180,-0.314
37.103,178.620,862.000,-7.364,-0.236
37.143,169.629,867.000,-7.436,-0.222
37.183,165.875,872.000,-7.586,-0.181
37.223,159.768,878.000,-7.543,-0.169
37.254,155.934,883.000,-7.553,-0.175
37.294,152.719,887.000,-7.567,-0.142
37.334,148.710,892.000,-7.572,-0.133
37.374,147.423,897.000,-7.587,-0.115
37.414,145.024,900.000,-7.816,-0.002
37.447,145.080,901.000,-7.896,0.046
37.487,140.563,902.000,-8.086,0.232
37.527,139.716,904.000,-8.072,0.356
37.558,139.634,907.000,-8.153,0.500
37.598,137.970,909.000,-8.206,0.581
37.638,136.682,909.000,-8.343,0.766
37.678,133.058,910.000,-8.381,0.862
37.718,133.267,912.000,-8.384,0.854
37.758,133.016,915.000,-8.479,0.985
37.798,130.731,917.000,-8.525,1.097
37.838,129.588,917.000,-8.656,1.280
37.878,126.504,918.000,-8.698,1.367
37.918,124.985,919.000,-8.792,1.496
37.958,122.000,921.000,-8.832,1.561
37.998,121.153,925.000,-8.877,1.649
38.038,116.386,927.000,-8.949,1.826
38.078,114.994,929.000,-8.947,1.910
38.118,112.519,931.000,-8.997,2.076
38.158,107.946,933.000,-9.004,2.159
38.198,104.396,937.000,-9.048,2.338
38.238,98.844,941.000,-9.037,2.470
38.279,95.148,945.000,-9.038,2.563
38.319,91.857,950.000,-9.061,2.697
38.359,88.245,954.000,-9.064,2.833
38.399,85.474,957.000,-9.077,2.998
38.439,85.963,959.000,-9.091,3.096
38.479,84.856,962.000,-9.054,3.315
38.519,83.357,964.000,-9.056,3.410
38.559,83.179,964.000,-9.092,3.416
38.599,81.374,964.000,-9.044,3.481
38.639,79.630,966.000,-8.993,3.566
38.679,78.762,967.000,-8.950,3.734
38.719,74.410,968.000,-8.926,3.845
38.759,73.835,971.000,-8.850,3.983
38.799,69.332,973.000,-8.852,4.017
38.839,65.908,976.000,-8.822,4.049
38.879,62.696,980.000,-8.767,4.127
38.919,60.136,984.000,-8.699,4.224
38.959,58.117,986.000,-8.662,4.361
38.999,52.722,988.000,-8.634,4.412
39.039,50.694,992.000,-8.497,4.489
39.079,45.568,996.000,-8.449,4.583
39.119,44.563,1000.000,-8.305,4.695
39.159,39.766,1003.000,-8.251,4.732
39.199,37.503,1005.000,-8.160,4.807
39.239,31.191,1009.000,-7.935,4.943
39.280,29.339,1013.000,-7.882,4.974
39.320,27.195,1017.000,-7.675,5.080
39.346,24.471,1020.000,-7.614,5.112
39.368,22.277,1022.000,-7.614,5.112
39.409,17.952,1026.000,-7.438,5.139
39.449,15.382,1026.000,-7.360,5.168
39.489,13.432,1028.000,-7.107,5.186
39.529,8.381,1032.000,-7.105,5.185
39.569,5.767,1036.000,-7.083,5.247
39.609,3.776,1041.000,-7.101,5.241
39.649,3.101,1045.000,-7.109,5.234
39.689,2.619,1045.000,-7.100,5.242
39.729,2.331,1045.000,-7.092,5.243
39.769,4.904,1045.000,-7.115,5.234
39.809,5.761,1044.000,-7.115,5.232
39.849,6.512,1044.000,-7.102,5.251
39.889,6.829,1042.000,-7.103,5.249
39.929,6.950,1042.000,-7.096,5.260
39.969,7.431,1042.000,-7.090,5.271
40.009,8.199,1041.000,-7.003,5.261
40.049,9.199,1040.000,-6.988,5.260
40.089,11.590,1039.000,-6.973,5.270
40.129,13.510,1038.000,-6.962,5.238
40.169,16.290,1037.000,-6.938,5.236
40.195,16.036,1034.000,-6.937,5.225
40.216,14.632,1032.000,-6.931,5.224
40.248,13.181,1032.000,-6.923,5.216
40.288,11.139,1033.000,-6.891,5.228
40.328,9.996,1034.000,-6.896,5.233
40.368,9.279,1037.000,-6.881,5.224
40.408,4.080,1039.000,-6.873,5.198
40.439,3.251,1042.000,-6.856,5.202
40.470,2.337,1044.000,-6.846,5.203
40.510,5.547,1045.000,-6.859,5.182
40.550,9.102,1045.000,-6.837,5.194
40.590,17.576,1043.000,-6.832,5.173
40.630,18.496,1039.000,-6.829,5.184
40.670,18.734,1033.000,-6.832,5.185
40.710,16.709,1029.000,-6.833,5.173
40.750,12.289,1027.000,-6.815,5.170
40.790,11.247,1027.000,-6.815,5.170
40.830,13.107,1030.000,-6.824,5.156
40.870,12.300,1034.000,-6.815,5.167
40.910,12.275,1035.000,-6.821,5.143
40.950,4.891,1035.000,-6.825,5.128
40.990,3.556,1037.000,-6.829,5.136
41.030,11.171,1041.000,-6.817,5.143
41.070,13.076,1043.000,-6.788,5.142
41.110,18.923,1041.000,-6.776,5.151
41.150,19.048,1037.000,-6.733,5.146
41.190,19.173,1032.000,-6.659,5.133
41.230,17.890,1028.000,-6.634,5.167
41.261,18.310,1026.000,-6.603,5.197
41.301,20.832,1026.000,-6.523,5.245
41.341,25.961,1027.000,-6.506,5.282
41.381,26.882,1026.000,-6.379,5.346
41.421,28.392,1024.000,-6.302,5.353
41.461,28.037,1020.000,-6.261,5.348
41.501,23.614,1019.000,-6.233,5.293
41.541,19.521,1021.000,-6.252,5.239
41.581,16.384,1025.000,-6.235,5.191
41.621,3.078,1029.000,-6.197,5.155
41.661,354.729,1034.000,-6.050,5.134
41.701,343.829,1040.000,-5.999,5.141
41.741,339.741,1048.000,-5.954,5.141
41.781,335.529,1056.000,-5.899,5.188
41.821,334.876,1064.000,-5.880,5.204
41.861,334.173,1069.000,-5.747,5.153
41.901,333.665,1073.000,-5.643,5.102
41.941,333.189,1075.000,-5.516,5.002
41.981,335.325,1075.000,-5.448,4.933
42.021,334.592,1074.000,-5.286,4.828
42.061,334.029,1073.000,-5.193,4.752
42.101,333.696,1072.000,-5.138,4.704
42.141,333.773,1073.000,-4.962,4.566
42.181,332.424,1074.000,-4.922,4.540
42.221,331.362,1075.000,-4.764,4.383
42.252,330.363,1076.000,-4.718,4.360
42.292,328.065,1077.000,-4.634,4.287
42.332,327.334,1078.000,-4.546,4.176
42.372,324.206,1080.000,-4.477,4.117
42.412,322.051,1082.000,-4.417,4.014
42.443,320.203,1083.000,-4.383,3.966
42.483,316.583,1084.000,-4.389,3.939
42.523,314.864,1088.000,-4.402,3.948
42.563,311.491,1092.000,-4.330,3.909
42.603,306.271,1096.000,-4.293,3.866
42.643,302.749,1100.000,-4.254,3.703
42.683,296.624,1104.000,-4.210,3.627
42.723,293.752,1109.000,-4.152,3.435
42.763,289.703,1112.000,-4.111,3.366
42.803,288.295,1113.000,-4.078,3.332
42.843,286.587,1117.000,-4.125,3.241
42.883,282.634,1121.000,-4.129,3.220
42.923,282.549,1125.000,-4.101,3.163
42.963,278.890,1126.000,-4.092,3.135
43.003,277.168,1127.000,-4.084,3.096
43.043,276.165,1129.000,-4.113,3.102
43.083,272.401,1132.000,-4.094,3.066
43.123,265.633,1133.000,-4.072,3.046
43.163,263.302,1134.000,-4.099,3.049
43.203,258.160,1138.000,-4.069,2.998
43.243,253.208,1144.000,-4.064,3.014
43.284,252.541,1150.000,-4.081,2.931
43.324,254.062,1154.000,-4.077,2.852
43.364,254.968,1158.000,-4.077,2.765
43.404,257.684,1160.000,-4.053,2.703
43.444,259.874,1160.000,-4.081,2.625
43.475,262.976,1158.000,-4.126,2.504
43.515,261.603,1154.000,-4.118,2.331
43.555,264.856,1149.000,-4.146,2.249
43.595,266.738,1145.000,-4.080,2.142
43.635,271.513,1141.000,-4.087,2.102
43.675,272.500,1138.000,-4.148,1.957
43.715,273.233,1137.000,-4.104,1.896
43.755,273.099,1135.000,-4.094,1.838
43.795,273.562,1135.000,-4.144,1.667
43.835,271.403,1135.000,-4.080,1.610
43.875,271.131,1135.000,-4.062,1.548
43.915,270.005,1136.000,-4.098,1.528
43.955,269.123,1137.000,-4.155,1.440
43.995,266.341,1137.000,-4.159,1.398
44.035,264.323,1139.000,-4.157,1.324
44.075,259.102,1142.000,-4.125,1.246
44.115,259.353,1143.000,-4.109,1.218
44.155,257.787,1147.000,-4.190,1.102
44.195,255.009,1151.000,-4.229,1.046
44.235,253.775,1152.000,-4.252,0.927
44.276,250.859,1154.000,-4.254,0.902
44.316,248.194,1157.000,-4.253,0.862
44.346,246.102,1158.000,-4.240,0.796
44.368,244.282,1159.000,-4.249,0.801
44.409,243.495,1163.000,-4.251,0.780
44.449,242.113,1164.000,-4.267,0.766
44.489,241.745,1165.000,-4.276,0.757
44.529,241.200,1165.000,-4.374,0.719
44.569,237.632,1166.000,-4.384,0.698
44.609,235.372,1167.000,-4.442,0.565
44.649,232.663,1169.000,-4.475,0.517
44.689,232.694,1173.000,-4.497,0.387
44.729,231.801,1177.000,-4.540,0.348
44.769,232.208,1179.000,-4.593,0.302
44.809,232.832,1179.000,-4.695,0.204
44.849,233.655,1176.000,-4.701,0.121
44.889,233.033,1174.000,-4.827,0.070
44.929,234.369,1174.000,-4.914,0.027
44.969,234.269,1174.000,-4.922,-0.062
45.009,235.249,1174.000,-4.972,-0.114
45.049,235.917,1173.000,-5.072,-0.186
45.089,236.126,1172.000,-5.096,-0.346
45.129,235.659,1171.000,-5.080,-0.382
45.169,237.803,1171.000,-5.192,-0.510
45.195,238.158,1171.000,-5.231,-0.567
45.217,237.857,1171.000,-5.231,-0.567
45.258,239.468,1171.000,-5.295,-0.693
45.298,240.159,1171.000,-5.359,-0.755
45.338,237.697,1169.000,-5.419,-0.923
45.378,239.463,1168.000,-5.396,-0.918
45.418,239.870,1169.000,-5.476,-1.035
45.458,238.109,1170.000,-5.508,-1.037
45.498,239.850,1169.000,-5.594,-1.029
45.538,236.702,1168.000,-5.626,-1.073
45.578,234.764,1168.000,-5.709,-1.101
45.618,230.373,1170.000,-5.725,-1.147
45.658,227.581,1174.000,-5.779,-1.202
45.698,224.820,1178.000,-5.940,-1.322
45.738,218.862,1182.000,-5.999,-1.384
45.778,217.693,1186.000,-6.128,-1.475
45.818,214.693,1190.000,-6.163,-1.550
45.858,212.730,1194.000,-6.183,-1.636
45.898,210.599,1196.000,-6.263,-1.602
45.938,210.258,1197.000,-6.313,-1.597
45.978,208.686,1197.000,-6.433,-1.629
46.018,207.754,1198.000,-6.485,-1.672
46.058,206.234,1199.000,-6.701,-1.721
46.098,204.871,1201.000,-6.767,-1.759
46.138,204.163,1203.000,-6.868,-1.836
46.178,202.896,1204.000,-6.973,-1.852
46.218,202.629,1204.000,-7.123,-1.907
46.249,202.657,1205.000,-7.173,-1.928
46.299,200.708,1205.000,-7.265,-1.931
46.339,199.435,1206.000,-7.397,-1.976
46.379,195.012,1208.000,-7.508,-1.948
46.419,192.577,1212.000,-7.591,-1.957
46.451,190.256,1215.000,-7.617,-1.957
46.491,183.862,1218.000,-7.682,-1.943
46.531,181.761,1219.000,-7.729,-1.951
46.571,175.656,1223.000,-7.851,-1.919
46.611,173.925,1227.000,-7.929,-1.917
46.651,174.430,1232.000,-8.094,-1.883
46.691,172.218,1234.000,-8.179,-1.817
46.731,171.673,1235.000,-8.326,-1.790
46.771,168.342,1236.000,-8.439,-1.732
46.811,166.140,1238.000,-8.547,-1.680
46.851,162.253,1239.000,-8.746,-1.635
46.891,160.078,1240.000,-8.856,-1.550
46.931,159.515,1244.000,-8.982,-1.459
46.971,155.020,1248.000,-9.087,-1.418
47.011,152.918,1250.000,-9.147,-1.493
47.051,151.255,1252.000,-9.203,-1.464
47.091,150.078,1256.000,-9.351,-1.366
47.131,148.624,1257.000,-9.417,-1.300
47.171,147.252,1258.000,-9.470,-1.262
47.211,147.232,1259.000,-9.613,-1.143
47.251,146.529,1260.000,-9.687,-1.083
47.282,145.982,1261.000,-9.759,-1.025
47.322,144.521,1262.000,-9.853,-1.064
47.362,143.595,1263.000,-9.880,-1.049
47.402,145.127,1264.000,-9.986,-0.941
47.435,144.172,1263.000,-10.033,-0.875
47.475,145.396,1263.000,-10.082,-0.813
47.515,145.765,1263.000,-10.171,-0.745
47.555,143.444,1263.000,-10.311,-0.591
47.595,142.147,1264.000,-10.406,-0.543
47.635,140.998,1265.000,-10.518,-0.394
47.675,140.447,1266.000,-10.545,-0.405
47.715,140.878,1267.000,-10.639,-0.436
47.755,140.620,1267.000,-10.688,-0.326
47.795,140.868,1268.000,-10.710,-0.260
47.835,141.414,1267.000,-10.807,-0.226
47.875,143.133,1266.000,-10.865,-0.222
47.915,143.286,1265.000,-11.005,-0.142
47.955,145.181,1264.000,-11.059,-0.057
47.995,145.352,1264.000,-11.184,0.054
48.035,145.381,1262.000,-11.288,0.126
48.075,145.593,1261.000,-11.371,0.208
48.115,146.278,1262.000,-11.466,0.204
48.155,146.033,1262.000,-11.478,0.216
48.195,145.644,1262.000,-11.571,0.375
48.235,142.700,1263.000,-11.632,0.447
48.276,142.974,1264.000,-11.748,0.565
48.316,139.843,1266.000,-11.791,0.652
48.356,139.083,1266.000,-11.860,0.668
48.396,136.429,1267.000,-11.985,0.856
48.436,135.984,1270.000,-12.015,0.898
48.476,134.684,1272.000,-12.151,1.062
48.516,131.591,1274.000,-12.232,1.153
48.556,130.907,1276.000,-12.290,1.316
48.596,128.138,1277.000,-12.341,1.393
48.636,126.366,1277.000,-12.396,1.417
48.676,123.311,1279.000,-12.396,1.456
48.716,119.936,1283.000,-12.433,1.519
48.756,116.575,1285.000,-12.466,1.725
48.796,109.765,1287.000,-12.527,1.859
48.836,108.789,1291.000,-12.532,2.016
48.876,106.857,1296.000,-12.536,2.057
48.916,104.939,1301.000,-12.586,2.255
48.956,103.010,1302.000,-12.585,2.345
48.996,102.218,1303.000,-12.606,2.459
49.036,98.975,1305.000,-12.635,2.675
49.076,98.708,1306.000,-12.659,2.719
49.116,98.213,1307.000,-12.627,2.872
49.156,97.746,1310.000,-12.654,2.923
49.196,98.490,1311.000,-12.652,3.060
49.236,96.054,1310.000,-12.625,3.163
49.267,95.446,1310.000,-12.648,3.290
49.307,95.722,1311.000,-12.619,3.414
49.342,95.547,1312.000,-12.666,3.491
49.364,94.853,1312.000,-12.699,3.507
49.386,94.028,1313.000,-12.699,3.507
49.408,94.577,1313.000,-12.656,3.544
49.448,93.162,1313.000,-12.620,3.608
49.488,89.662,1313.000,-12.593,3.684
49.519,88.643,1315.000,-12.550,3.755
49.559,85.307,1318.000,-12.572,3.838
49.599,83.650,1320.000,-12.548,3.909
49.639,82.255,1322.000,-12.511,3.954
49.679,80.384,1326.000,-12.487,4.086
49.719,76.366,1328.000,-12.502,4.104
49.759,73.566,1329.000,-12.378,4.226
49.799,68.435,1332.000,-12.363,4.308
49.839,65.947,1334.000,-12.315,4.343
49.879,65.117,1338.000,-12.202,4.440
49.919,56.932,1342.000,-12.143,4.543
49.959,54.902,1346.000,-12.017,4.642
49.999,49.048,1351.000,-11.933,4.709
50.034,46.103,1354.000,-11.865,4.764
50.072,41.336,1358.000,-11.800,4.809
50.112,38.501,1362.000,-11.739,4.853
50.152,30.478,1367.000,-11.654,4.877
50.187,26.645,1371.000,-11.562,4.917
50.208,24.378,1374.000,-11.528,4.960
50.228,20.852,1378.000,-11.433,4.990
50.278,19.305,1382.000,-11.364,4.988
50.318,15.931,1387.000,-11.178,5.033
50.358,11.309,1391.000,-11.130,5.041
50.398,9.562,1395.000,-10.981,5.000
50.438,4.004,1397.000,-10.912,5.020
50.478,1.764,1399.000,-10.844,5.029
50.518,358.332,1403.000,-10.678,4.999
50.558,356.291,1407.000,-10.592,5.026
50.598,354.934,1411.000,-10.472,5.048
50.638,354.806,1414.000,-10.418,5.070
50.678,355.266,1414.000,-10.387,5.105
50.718,355.858,1413.000,-10.388,5.109
50.758,356.130,1413.000,-10.388,5.116
50.798,355.678,1413.000,-10.368,5.126
50.838,356.169,1413.000,-10.351,5.131
50.878,356.101,1413.000,-10.335,5.133
50.918,356.061,1412.000,-10.328,5.136
50.958,355.797,1412.000,-10.288,5.128
50.998,356.729,1412.000,-10.292,5.128
51.038,356.508,1412.000,-10.283,5.122
51.078,357.413,1412.000,-10.276,5.098
51.118,357.983,1412.000,-10.278,5.087
51.158,359.327,1411.000,-10.270,5.059
51.198,0.232,1409.000,-10.261,5.077
51.238,1.181,1409.000,-10.270,5.034
51.279,2.082,1407.000,-10.246,5.053
51.319,2.123,1407.000,-10.199,5.050
51.359,1.325,1406.000,-10.192,5.055
51.399,0.090,1406.000,-10.204,5.056
51.439,0.974,1406.000,-10.219,5.029
51.479,0.607,1407.000,-10.230,5.021
51.519,358.784,1408.000,-10.245,5.040
51.559,355.668,1409.000,-10.256,5.041
51.599,353.483,1410.000,-10.295,5.031
51.639,350.497,1411.000,-10.301,5.036
51.679,348.929,1415.000,-10.300,5.036
51.719,348.267,1419.000,-10.304,5.041
51.759,347.805,1421.000,-10.305,5.045
51.799,347.723,1420.000,-10.305,5.044
51.839,348.206,1420.000,-10.302,5.041
51.879,348.487,1420.000,-10.309,5.033
51.919,349.193,1420.000,-10.311,5.031
51.959,349.453,1420.000,-10.314,5.041
51.999,349.373,1419.000,-10.316,5.042
52.039,349.513,1418.000,-10.312,5.044
52.079,349.378,1418.000,-10.347,5.051
52.119,349.361,1418.000,-10.349,5.045
52.159,349.717,1418.000,-10.360,5.043
52.199,348.556,1418.000,-10.366,5.051
52.239,348.298,1418.000,-10.374,5.046
52.280,347.442,1419.000,-10.373,5.036
52.320,347.359,1420.000,-10.375,5.029
52.360,343.656,1420.000,-10.410,5.039
52.400,337.413,1422.000,-10.422,5.040
52.443,320.741,1426.000,-10.413,5.031
52.474,318.392,1430.000,-10.410,5.039
52.514,317.338,1438.000,-10.415,5.024
52.554,316.692,1445.000,-10.410,5.012
52.594,318.017,1450.000,-10.356,4.981
52.634,315.725,1451.000,-10.332,5.015
52.674,316.566,1452.000,-10.309,5.020
52.714,319.600,1451.000,-10.295,5.010
52.754,320.762,1450.000,-10.260,4.984
52.794,323.563,1448.000,-10.253,4.963
52.834,324.994,1447.000,-10.254,4.938
52.874,325.172,1444.000,-10.180,4.797
52.914,320.840,1443.000,-10.140,4.726
52.954,317.502,1443.000,-10.055,4.611
52.994,311.242,1445.000,-10.033,4.537
53.034,306.431,1449.000,-9.967,4.477
53.074,300.969,1455.000,-9.976,4.484
53.114,296.642,1460.000,-9.959,4.422
53.154,288.611,1465.000,-9.912,4.190
53.194,285.732,1471.000,-9.886,4.138
53.234,283.034,1477.000,-9.917,3.947
53.265,280.742,1481.000,-9.926,3.875
53.305,275.892,1486.000,-9.922,3.831
53.345,271.542,1490.000,-9.964,3.631
53.385,262.666,1494.000,-9.986,3.562
53.425,259.640,1499.000,-10.008,3.471
53.465,255.896,1504.000,-10.082,3.397
53.505,253.877,1508.000,-10.094,3.336
53.545,251.163,1512.000,-10.098,3.292
53.585,248.064,1516.000,-10.101,3.308
53.625,247.518,1520.000,-10.111,3.296
53.665,246.930,1521.000,-10.124,3.284
53.705,247.233,1521.000,-10.126,3.255
53.745,247.924,1521.000,-10.174,3.241
53.785,247.804,1521.000,-10.270,3.103
53.825,247.211,1521.000,-10.349,3.084
53.865,247.745,1520.000,-10.376,3.069
53.905,246.867,1520.000,-10.473,2.931
53.945,243.841,1521.000,-10.517,2.878
53.985,242.910,1523.000,-10.631,2.726
54.025,239.669,1525.000,-10.713,2.634
54.065,237.450,1527.000,-10.774,2.570
54.105,234.449,1529.000,-10.784,2.498
54.145,230.107,1530.000,-10.894,2.381
54.185,227.500,1534.000,-11.007,2.244
54.225,223.603,1539.000,-11.099,2.188
54.266,221.321,1542.000,-11.261,2.076
54.306,216.408,1543.000,-11.388,2.025
54.341,212.837,1546.000,-11.499,1.970
54.364,210.260,1549.000,-11.480,1.928
54.389,207.292,1552.000,-11.488,1.880
54.429,206.273,1556.000,-11.498,1.852
54.469,204.390,1560.000,-11.519,1.846
54.509,205.082,1564.000,-11.517,1.849
54.549,205.486,1564.000,-11.519,1.854
54.589,204.513,1563.000,-11.565,1.844
54.629,201.965,1562.000,-11.616,1.853
54.669,200.451,1561.000,-11.596,1.847
54.709,193.302,1562.000,-11.580,1.919
54.749,189.850,1566.000,-11.666,1.961
54.789,180.398,1572.000,-11.731,1.987
54.829,174.221,1578.000,-11.916,2.031
54.869,167.448,1584.000,-11.986,2.039
54.909,162.601,1591.000,-12.024,1.992
54.949,161.315,1597.000,-12.142,2.000
54.989,156.911,1602.000,-12.244,2.095
55.029,155.524,1607.000,-12.356,2.125
55.069,151.757,1611.000,-12.399,2.127
55.109,150.014,1615.000,-12.461,2.155
55.149,148.574,1617.000,-12.507,2.185
55.184,147.551,1618.000,-12.547,2.212
55.205,147.469,1619.000,-12.630,2.278
55.227,147.469,1620.000,-12.695,2.332
55.268,144.645,1621.000,-12.702,2.325
55.308,144.756,1622.000,-12.675,2.369
55.348,144.506,1623.000,-12.770,2.452
55.388,140.862,1624.000,-12.884,2.543
55.428,139.433,1625.000,-12.903,2.550
55.469,138.436,1629.000,-12.945,2.552
55.509,136.440,1629.000,-13.038,2.680
55.550,135.770,1629.000,-13.093,2.721
55.590,135.009,1631.000,-13.189,2.873
55.630,132.697,1633.000,-13.203,2.933
55.670,132.036,1634.000,-13.331,3.073
55.710,131.647,1635.000,-13.390,3.147
55.750,131.173,1637.000,-13.448,3.228
55.790,126.843,1637.000,-13.561,3.322
55.830,128.784,1638.000,-13.594,3.294
55.870,128.775,1639.000,-13.609,3.421
55.910,126.557,1640.000,-13.653,3.467
55.950,125.531,1640.000,-13.700,3.563
55.990,123.595,1642.000,-13.721,3.603
56.030,122.455,1644.000,-13.849,3.725
56.070,120.119,1645.000,-13.879,3.787
56.110,119.921,1647.000,-13.905,3.869
56.150,119.176,1647.000,-13.971,3.973
56.190,117.854,1648.000,-14.032,3.998
56.230,117.535,1649.000,-14.070,4.079
56.261,117.118,1650.000,-14.086,4.141
56.301,117.428,1650.000,-14.109,4.241
56.341,114.956,1650.000,-14.225,4.395
56.381,112.657,1652.000,-14.243,4.490
56.421,111.751,1655.000,-14.248,4.579
56.461,110.246,1656.000,-14.298,4.694
56.501,109.542,1656.000,-14.319,4.793
56.541,107.386,1657.000,-14.382,5.019
56.581,104.399,1659.000,-14.396,5.144
56.621,103.222,1663.000,-14.442,5.149
56.661,100.956,1665.000,-14.431,5.127
56.701,97.886,1666.000,-14.444,5.215
56.741,93.497,1667.000,-14.418,5.341
56.781,90.501,1671.000,-14.412,5.429
56.821,85.964,1675.000,-14.413,5.589
56.861,79.827,1680.000,-14.384,5.643
56.901,77.993,1685.000,-14.311,5.756
56.941,72.019,1689.000,-14.298,5.815
56.981,70.002,1693.000,-14.367,5.799
57.021,68.209,1696.000,-14.383,5.945
57.061,68.260,1697.000,-14.323,6.002
57.101,68.982,1701.000,-14.297,6.107
57.141,69.283,1703.000,-14.247,6.182
57.181,69.975,1703.000,-14.201,6.321
57.221,71.147,1700.000,-14.132,6.370
57.252,71.742,1697.000,-14.070,6.425
57.292,69.872,1696.000,-14.080,6.470
57.332,69.945,1698.000,-14.105,6.493
57.372,68.216,1698.000,-14.078,6.468
57.412,64.452,1699.000,-14.072,6.478
57.455,61.417,1701.000,-14.056,6.457
57.495,56.266,1704.000,-13.966,6.514
57.535,44.755,1709.000,-13.931,6.504
57.575,38.573,1715.000,-13.856,6.516
57.615,28.625,1721.000,-13.695,6.638
57.655,23.134,1727.000,-13.567,6.689
57.695,20.943,1734.000,-13.396,6.705
57.735,11.527,1741.000,-13.292,6.710
57.775,5.872,1747.000,-13.090,6.712
57.815,358.634,1754.000,-12.976,6.682
57.855,354.769,1761.000,-12.834,6.664
57.895,349.369,1766.000,-12.764,6.652
57.935,346.688,1772.000,-12.667,6.618
57.975,342.624,1777.000,-12.586,6.663
58.015,340.404,1782.000,-12.550,6.643
58.055,339.944,1787.000,-12.388,6.534
58.095,336.026,1789.000,-12.320,6.501
58.135,334.165,1790.000,-12.131,6.414
58.175,333.341,1791.000,-12.023,6.345
58.215,333.331,1795.000,-11.953,6.350
58.246,332.963,1795.000,-11.831,6.287
58.286,334.878,1795.000,-11.798,6.265
58.326,335.648,1794.000,-11.715,6.222
58.366,336.986,1794.000,-11.556,6.179
58.406,337.982,1792.000,-11.470,6.141
58.437,338.294,1790.000,-11.401,6.123
58.477,338.513,1790.000,-11.214,5.999
58.517,337.049,1790.000,-11.080,5.956
58.557,335.906,1790.000,-10.927,5.862
58.597,334.448,1790.000,-10.920,5.875
58.637,333.444,1792.000,-10.878,5.904
58.677,331.841,1793.000,-10.783,5.859
58.717,329.283,1795.000,-10.751,5.783
58.757,327.730,1797.000,-10.609,5.669
58.797,322.069,1799.000,-10.566,5.617
58.837,319.076,1803.000,-10.503,5.487
58.877,316.515,1807.000,-10.466,5.457
58.917,312.125,1811.000,-10.390,5.365
58.957,305.649,1812.000,-10.275,5.184
58.997,305.161,1814.000,-10.264,5.139
59.037,302.574,1818.000,-10.171,4.956
59.077,297.001,1823.000,-10.131,4.914
59.117,296.655,1827.000,-10.090,4.726
59.157,293.243,1832.000,-10.050,4.702
59.197,291.197,1834.000,-9.968,4.712
59.237,290.435,1834.000,-9.979,4.701
59.278,291.015,1835.000,-9.972,4.676
59.318,291.216,1838.000,-9.953,4.543
59.344,289.858,1838.000,-9.936,4.450
59.366,288.554,1838.000,-9.936,4.450
59.389,290.075,1838.000,-9.918,4.411
59.429,289.768,1839.000,-9.826,4.264
59.469,290.294,1839.000,-9.798,4.170
59.509,290.643,1838.000,-9.713,4.082
59.549,290.852,1838.000,-9.690,4.029
59.589,292.761,1838.000,-9.659,3.925
59.629,292.731,1838.000,-9.617,3.708
59.669,293.356,1836.000,-9.588,3.614
59.709,292.202,1836.000,-9.552,3.438
59.749,290.049,1836.000,-9.518,3.357
59.789,289.568,1836.000,-9.544,3.376
59.829,287.108,1837.000,-9.555,3.350
59.869,283.687,1839.000,-9.556,3.276
59.909,278.198,1840.000,-9.505,3.008
59.949,273.330,1842.000,-9.524,2.968
59.989,270.654,1846.000,-9.566,2.762
60.029,264.104,1852.000,-9.572,2.659
